recall_id,recall_number,recall_date,year,title,segment,is_childrens,hazard_category,is_violation,injuries_reported,units,price_usd,sales_channel,n_countries,countries,primary_country,remedy_options,main_fiber,url
3759,74076,1974-11-08,1974,Infant & Toddler's Night Wear by Lady Lovely Apparel May Not Be Sold,apparel,True,flammability_burn,True,False,,,unknown,0,,,,nylon,https://www.cpsc.gov/Recalls/1974/Flammable-Fabrics-Consent-Order-Against-Lady-Lovely-Apparel-Inc
3762,75002,1975-01-03,1975,Siber Hegner Stops Importing& Selling Women's Scarves,apparel,False,flammability_burn,True,False,,,unknown,1,Japan,Japan,,,https://www.cpsc.gov/Recalls/1975/CPSC-Sets-Provisional-Consent-Agreement-With-Siber-Hegner-On-Public-Record
3761,75001,1975-01-03,1975,Plymouth Shops Stops Importing & Selling Women'sScarves,apparel,False,flammability_burn,True,False,,,unknown,1,Italy,Italy,,,https://www.cpsc.gov/Recalls/1975/CPSC-Sets-Provisional-Consent-Agreement-With-Plymouth-Shops-On-Public-Record
3769,75021,1975-03-05,1975,S. Schwab To Halt Sale Of Children's Pajamas,apparel,True,flammability_burn,True,False,,,unknown,0,,,,,https://www.cpsc.gov/Recalls/1975/Company-To-Halt-Sale-Of-Childrens-Pajamas-That-Fail-To-Meet-Flammability-Test
3867,76027,1976-04-22,1976,Greensboro Stops Sale Children'sSleepwear,apparel,True,flammability_burn,True,False,,,unknown,0,,,,,https://www.cpsc.gov/Recalls/1976/CPSC-Accepts-Provisional-Consent-Agreement-With-Greensboro-NC-Textile-Firm
3872,76041,1976-07-12,1976,Baby Pacifiers Continues Recalled by La Cibeles,apparel,True,choking_small_parts,False,False,,,unknown,1,Spain,Spain,,,https://www.cpsc.gov/Recalls/1976/CPSC-Recall-Of-Baby-Pacifiers-Continues
3862,76014,1977-02-25,1977,Pacifiers Recalled by La Cibeles,apparel,True,choking_small_parts,False,False,,,unknown,0,,,,,https://www.cpsc.gov/Recalls/1976/CPSC-Issues-Warning-On-Pacifiers
3925,78022,1978-04-17,1978,Flammable Sweatshirts Recalled,apparel,False,flammability_burn,False,False,,,unknown,0,,,,cotton,https://www.cpsc.gov/Recalls/1978/Flammable-Sweatshirts-Recalled
3932,78035,1978-05-11,1978,"Ladies' Sweatshirts With ""Gap"" Label Recalled",apparel,False,flammability_burn,False,False,,,unknown,1,Hong Kong,Hong Kong,,cotton,https://www.cpsc.gov/Recalls/1978/Ladies-Sweatshirts-With-Gap-Label-Recalled
3960,78110,1978-08-25,1978,Stuffed Toys Recalled by Knickerbocker,apparel,False,chemical,False,False,,,unknown,0,,,,,https://www.cpsc.gov/Recalls/1978/Riviton-Sets-Voluntarily-Held1
3977,79043,1979-08-27,1979,Women's Garments Recalled by Edgewood Chenille,apparel,False,flammability_burn,False,False,,,unknown,0,,,,,https://www.cpsc.gov/Recalls/1979/Flammable-Womens-Garments-Recalled
3999,80007,1980-03-10,1980,Children's Outdoor Water Toy Corrected by Wham-O,apparel,True,laceration_puncture,False,False,,,unknown,0,,,,,https://www.cpsc.gov/Recalls/1980/Wham-O-To-Correct-Potential-Hazard-In-Childrens-Outdoor-Water-Toy
4116,81015,1981-04-15,1981,Sweatshirts Recalled by Grace,apparel,False,flammability_burn,False,False,,,unknown,1,China,China,,,https://www.cpsc.gov/Recalls/1981/Recall-Of-40000-Sweatshirts-Announced-Due-To-Potential-Fire-Hazard
4121,81025,1981-10-13,1981,Terry Cloth Bathrobes Recalled by Sears,apparel,False,flammability_burn,False,False,,,unknown,1,China,China,,,https://www.cpsc.gov/Recalls/1981/Sears-Recalls-Terry-Cloth-Bathrobes
4435,84001,1984-01-04,1984,Children's Cloth Books Recalled by Random House,apparel,True,choking_small_parts,False,False,,,unknown,0,,,,,https://www.cpsc.gov/Recalls/1984/Childrens-Cloth-Books-Recalled-Because-Of-Small-Parts-Hazard
4494,85001,1985-01-03,1985,Sweatshirts Recalled by Alexanders,apparel,False,flammability_burn,False,False,,,unknown,1,China,China,,cotton,https://www.cpsc.gov/Recalls/1985/Alexanders-Inc-Recalls-Sweatshirts
4528,85068,1985-12-18,1985,Children's Jogging Suits Recalled by C.K. Enterprises,apparel,True,flammability_burn,False,False,,,unknown,1,Hong Kong,Hong Kong,,cotton,https://www.cpsc.gov/Recalls/1985/CK-Enterprises-Recalls-Childrens-Jogging-Suits
4630,86017,1986-03-19,1986,Sweatshirts Recalled by TMR International,apparel,True,choking_small_parts,False,False,,,unknown,1,Taiwan,Taiwan,,,https://www.cpsc.gov/Recalls/1986/Sweatshirts-Recalled-Because-Of-Possible-Choking-Hazard
4639,86029,1986-05-13,1986,12 Inch Teddy Bear Warning by Country Cozy's,apparel,True,choking_small_parts,False,False,,,unknown,0,,,,,https://www.cpsc.gov/Recalls/1986/CPSC-Issues-Warning-On-12-Inch-Teddy-Bear-Dangers
4660,86059,1986-10-01,1986,Baby Pumpkin Dolls Recalled by S & H,apparel,True,choking_small_parts,False,False,,,unknown,1,Hong Kong,Hong Kong,,,https://www.cpsc.gov/Recalls/1986/My-Baby-Pumpkin-Dolls-Recalled-Because-of-Choking-Hazard
4663,86063,1986-10-15,1986,Racer Cars & Puzzles Recalled by Small World Toys & Davis-Grabowski,apparel,True,choking_small_parts,True,False,,,unknown,0,,,,,https://www.cpsc.gov/Recalls/1986/CPSC-Accepts-Consent-Agreements-from-Toy-Importers
4670,86072,1986-11-18,1986,Toy Train With Small Parts Recalled by Electra Plastics,apparel,True,choking_small_parts,False,False,,,unknown,0,,,,,https://www.cpsc.gov/Recalls/1986/Electra-Plastics-Recalls-Toy-Train-With-Small-Parts
4671,86074,1986-11-24,1986,Stuffed Toy Bears Recalled Superior & NIKE,apparel,True,choking_small_parts,True,False,,,unknown,0,,,,,https://www.cpsc.gov/Recalls/1986/Stuffed-Toy-Bears-Recalled-Because-Of-Small-Parts
4675,86080,1986-12-19,1986,"Apparel Industries, Inc. Recalls Women's Fashion Tops",apparel,False,flammability_burn,False,False,,,unknown,1,Portugal,Portugal,,cotton,https://www.cpsc.gov/Recalls/1986/Apparel-Industries-Inc-Recalls-Womens-Fashion-Tops
4682,87006,1987-02-03,1987,Ambi Mini Racer Recalled by Toy Importers,apparel,True,choking_small_parts,False,False,,,unknown,0,,,,,https://www.cpsc.gov/Recalls/1987/Toy-Importers-Initiate-Limited-Recall-of-An-Ambi-Mini-Racer
4692,87023,1987-03-30,1987,Little Pro Garment for Children Warning,apparel,True,choking_small_parts,False,False,,,unknown,1,Italy,Italy,,,https://www.cpsc.gov/Recalls/1987/WARNING-ISSUED-ON-LITTLE-PRO-GARMENTS-BECAUSE-OF-POSSIBLE-CHOKING-HAZARD-
4731,88011,1988-03-03,1988,Ski Bindings Recalled by Tyrolia,apparel,False,laceration_puncture,False,False,,,unknown,0,,,,,https://www.cpsc.gov/Recalls/1988/Tyrolia-Recalls-Ski-Bindings
4732,88013,1988-03-03,1988,Baby Buddy Pacifier Holder Recalled by Baby Buddies,apparel,True,choking_small_parts,False,False,,,unknown,0,,,,,https://www.cpsc.gov/Recalls/1988/Pacifier-Holder-Recalled-Due-to-Possibility-of-Choking-Hazard
4763,88060,1988-08-02,1988,Craft Dolls Recalled By Wang's International,apparel,True,choking_small_parts,False,False,,,unknown,0,,,,,https://www.cpsc.gov/Recalls/1988/Wangs-International-Recalls-Craft-Dolls
4764,88062,1988-08-04,1988,Rainbow Kids Dolls Recalled By Importer,apparel,True,choking_small_parts,False,False,,,unknown,1,Hong Kong,Hong Kong,,,https://www.cpsc.gov/Recalls/1988/Rainbow-Kids-Dolls-Recalled-By-Importer-
4781,88087,1988-10-13,1988,Plastic Toy Figures Recalled by Sells Floto,apparel,True,choking_small_parts,False,False,,,unknown,1,Hong Kong,Hong Kong,,,https://www.cpsc.gov/Recalls/1988/Importer-Recalls-Toys-Sold-At-Ice-Shows
4834,89036,1989-05-09,1989,"Baby Bibs, Pants & Panties Recalled by Mullins Square",apparel,True,choking_small_parts,False,False,,,unknown,0,,,,,https://www.cpsc.gov/Recalls/1989/Potential-Choking-Hazard-Leads-To-Recall-Of-Baby-Bibs-Pants-Panties
4836,89038,1989-05-16,1989,Choking Hazard Prompts Pacifier Holder Recall,apparel,True,choking_small_parts,False,False,,,unknown,0,,,,,https://www.cpsc.gov/Recalls/1989/Choking-Hazard-Prompts-Pacifier-Holder-Recall
4838,89040,1989-05-16,1989,Christmas Stocking Decorative Bear Recalled As Choking Hazard,apparel,True,choking_small_parts,False,False,,,unknown,0,,,,,https://www.cpsc.gov/Recalls/1989/Christmas-Stocking-Decorative-Bear-Recalled-As-Choking-Hazard
4848,89057,1989-06-20,1989,K-Mart Recalling Two Rattles,apparel,True,choking_small_parts,False,False,,,unknown,0,,,,,https://www.cpsc.gov/Recalls/1989/K-Mart-Recalling-Two-Rattles
4858,89071,1989-07-24,1989,Baby Doll Pacifier Recall by JA-RU,apparel,True,choking_small_parts,True,False,,,unknown,0,,,,,https://www.cpsc.gov/Recalls/1989/Replacement-Program-For-Baby-Doll-Pacifier
4865,89080,1989-08-22,1989,Hush Puppies Sweat Suits Recalled by Haddad Group,apparel,True,choking_small_parts,False,False,,,unknown,0,,,,,https://www.cpsc.gov/Recalls/1989/Childrens-Hush-Puppies-Sweat-Suits-Recalled-Squeakers-In-Decal-Are-Potential-Choking-Hazards
4869,89087,1989-09-19,1989,Heartline Recalls Kensington Bear,apparel,True,choking_small_parts,False,False,,,unknown,0,,,,,https://www.cpsc.gov/Recalls/1989/Heartline-Recalls-Kensington-Bear
4885,90011,1989-11-21,1989,"Nebraska Importer Recalls ""Funny Clown"" Dressing DolL",apparel,True,choking_small_parts,False,False,,,unknown,0,,,,,https://www.cpsc.gov/Recalls/1990/Nebraska-Importer-Recalls-Funny-Clown-Dressing-Doll
4926,90074,1990-04-19,1990,"Hollander Home Fashions Recalls ""Mothers Helper"" Because Of Alleged Suffocation Hazard",home_textile,True,choking_small_parts,False,False,,,unknown,0,,,,,https://www.cpsc.gov/Recalls/1990/Hollander-Home-Fashions-Recalls-Mothers-Helper-Because-Of-Alleged-Suffocation-Hazard
4939,90090,1990-04-30,1990,Infant Cushions Recalled by Jumping-Jacks Shoes,apparel,True,choking_small_parts,False,False,,,unknown,0,,,,,https://www.cpsc.gov/Recalls/1990/Jumping-Jacks-Shoes-Inc-Recalls-Baby-Jacks-Infant-Cushions-Because-Of-Suffocation-Risk
4940,90091,1990-05-08,1990,North American Bear Company Issues Warning About Choking Hazard,apparel,True,choking_small_parts,False,False,,,unknown,0,,,,,https://www.cpsc.gov/Recalls/1990/North-American-Bear-Company-Issues-Warning-About-Choking-Hazard
4941,90092,1990-05-09,1990,Target Stores Recalls Trucks And Dolls Because Of Choking Hazards,apparel,True,choking_small_parts,False,False,,,unknown,0,,,,,https://www.cpsc.gov/Recalls/1990/Target-Stores-Recalls-Trucks-And-Dolls-Because-Of-Choking-Hazards
4942,90093,1990-05-10,1990,O'Brien Recalls Pro Flow Water Ski Bindings On Selected 1989 Skis,apparel,False,laceration_puncture,False,False,,,unknown,0,,,,,https://www.cpsc.gov/Recalls/1990/OBrien-Recalls-Pro-Flow-Water-Ski-Bindings-On-Selected-1989-Skis
4947,90098,1990-05-21,1990,San Francisco Music Box Company Recalls Plush Animals Because Of Choking Hazard,apparel,True,choking_small_parts,False,False,,,unknown,1,China,China,,,https://www.cpsc.gov/Recalls/1990/San-Francisco-Music-Box-Company-Recalls-Plush-Animals-Because-Of-Choking-Hazard
4956,90111,1990-06-14,1990,"Tai Tung International, Inc. Recalls Musical Ice Cream Vans And Lovely Dolls",apparel,True,laceration_puncture,False,False,,,unknown,1,China,China,,,https://www.cpsc.gov/Recalls/1990/Tai-Tung-International-Inc-Recalls-Musical-Ice-Cream-Vans-And-Lovely-Dolls
4968,90133,1990-07-31,1990,"New York Importer Announces Refund Program For ""Funny Clown"" Dressing Doll",apparel,True,choking_small_parts,False,False,,,unknown,0,,,,,https://www.cpsc.gov/Recalls/1990/New-York-Importer-Announces-Refund-Program-For-Funny-Clown-Dressing-Doll
4979,90151,1990-09-06,1990,"E. Fomil & Sons, Inc. Recalls Eight Toys",apparel,True,choking_small_parts,False,False,,,unknown,1,Hong Kong,Hong Kong,,,https://www.cpsc.gov/Recalls/1990/E-Fomil--Sons-Inc-Recalls-Eight-Toys
5069,91050,1991-03-20,1991,CPSC Warns Consumers: Stop Using Certain Concept 'N' Motion Leg Toner Exercisers,apparel,False,entrapment_entanglement,False,False,,,unknown,0,,,,,https://www.cpsc.gov/Recalls/1991/CPSC-Warns-Consumers-Stop-Using-Certain-Concept-N-Motion-Leg-Toner-Exercisers
5070,91051,1991-03-28,1991,"Direct Connection, Inc. Recalls Musical Dolls Due To Choking Hazard",apparel,True,choking_small_parts,False,False,,,unknown,1,Philippines,Philippines,,,https://www.cpsc.gov/Recalls/1991/Direct-Connection-Inc-Recalls-Musical-Dolls-Due-To-Choking-Hazard
5064,91045,1991-04-02,1991,"Faratak, Inc. Recalls Musical Dolls Due To Potential Choking Hazards",apparel,True,choking_small_parts,False,False,,,unknown,1,China,China,,,https://www.cpsc.gov/Recalls/1991/Faratak-Inc-Recalls-Musical-Dolls-Due-To-Potential-Choking-Hazards
5088,91075,1991-05-22,1991,Jumpin' Jeans Denim Paint Kits Recalled,apparel,True,chemical,False,False,,,unknown,0,,,,,https://www.cpsc.gov/Recalls/1991/Jumpin-Jeans-Denim-Paint-Kits-Recalled
5089,91076,1991-05-29,1991,Stuffed Bunnies Recalled,apparel,True,laceration_puncture,False,False,,,unknown,1,Korea,Korea,,,https://www.cpsc.gov/Recalls/1991/Stuffed-Bunnies-Recalled
5098,91086,1991-06-20,1991,McCrory Corporation Recalls Funny Zig-Zag Copter And Wind-Up Circus Wagon,apparel,True,choking_small_parts,False,False,,,unknown,1,China,China,,,https://www.cpsc.gov/Recalls/1991/McCrory-Corporation-Recalls-Funny-Zig-Zag-Copter-And-Wind-Up-Circus-Wagon
5107,91100,1991-07-30,1991,"Good Lad Co. Recalls Toddler Shirt/Skirt Set, Style #12417",apparel,True,choking_small_parts,False,False,,,unknown,1,Philippines,Philippines,,,https://www.cpsc.gov/Recalls/1991/Good-Lad-Co-Recalls-Toddler-ShirtSkirt-Set-Style-12417
5222,92027,1991-12-05,1991,Infant Playmats And Stuffed Skunk Toys Recalled,home_textile,True,choking_small_parts,False,False,,,unknown,2,China;Korea,China,,,https://www.cpsc.gov/Recalls/1992/Infant-Playmats-And-Stuffed-Skunk-Toys-Recalled
5232,92038,1991-12-24,1991,"Jak Pak, Inc. Recalls Rain Or Shine Dolls",apparel,True,choking_small_parts,False,False,,,unknown,1,China,China,,,https://www.cpsc.gov/Recalls/1992/Jak-Pak-Inc-Recalls-Rain-Or-Shine-Dolls
5236,92042,1992-01-10,1992,North American Bear Company Recalls Two Stuffed Animals,apparel,True,choking_small_parts,False,False,,,unknown,0,,,,,https://www.cpsc.gov/Recalls/1992/North-American-Bear-Company-Recalls-Two-Stuffed-Animals
5238,92044,1992-01-16,1992,"Hyman Products, Inc. Recalls Jingle Bell Cat & Jingle Bell Dog Due To Choking Hazard",apparel,True,choking_small_parts,False,False,,,unknown,1,Taiwan,Taiwan,,,https://www.cpsc.gov/Recalls/1992/Hyman-Products-Inc-Recalls-Jingle-Bell-Cat--Jingle-Bell-Dog-Due-To-Choking-Hazard
5293,92119,1992-07-31,1992,"T.P.I. Of Illinois, Inc. Recalls Three Toys",apparel,True,choking_small_parts,False,False,,,unknown,1,China,China,,,https://www.cpsc.gov/Recalls/1992/TPI-Of-Illinois-Inc-Recalls-Three-Toys
5292,92117,1992-08-06,1992,Slide Guards To Prevent Strangulation From Clothing String Entanglement,apparel,True,drawstring_strangulation,False,False,,,unknown,0,,,,,https://www.cpsc.gov/Recalls/1992/Slide-Guards-To-Prevent-Strangulation-From-Clothing-String-Entanglement
5299,92128,1992-08-18,1992,"Creative Products, Inc. Recalls Lovely Sonny Doll Due To Choking Hazard",apparel,True,choking_small_parts,False,False,,,unknown,1,China,China,,,https://www.cpsc.gov/Recalls/1992/Creative-Products-Inc-Recalls-Lovely-Sonny-Doll-Due-To-Choking-Hazard
5397,93019,1992-11-16,1992,Gerber Products Company Recalls Gem Collection Decorator Pacifier With Travel Case Due To Potential Choking Hazards,apparel,True,choking_small_parts,False,False,,,unknown,0,,,,,https://www.cpsc.gov/Recalls/1993/Gerber-Products-Company-Recalls-Gem-Collection-Decorator-Pacifier-With-Travel-Case-Due-To-Potential-Choking-Hazards
5399,93020,1992-11-23,1992,Value Merchants Inc. Recalls Patty And Her Puppy And Triplet Dolls,apparel,True,choking_small_parts,False,False,,,unknown,1,China,China,,,https://www.cpsc.gov/Recalls/1993/Value-Merchants-Inc-Recalls-Patty-And-Her-Puppy-And-Triplet-Dolls
5406,93031,1993-01-13,1993,Melville Corporation Recalls Children's Sandals,apparel,True,choking_small_parts,False,False,,,unknown,0,,,,,https://www.cpsc.gov/Recalls/1993/Melville-Corporation-Recalls-Childrens-Sandals
5410,93038,1993-01-26,1993,Miracle Recreation Equipment Company Retrofits Tornado Spiral Slides To Prevent Strangulation,apparel,True,drawstring_strangulation,False,False,,,unknown,0,,,,,https://www.cpsc.gov/Recalls/1993/Miracle-Recreation-Equipment-Company-Retrofits-Tornado-Spiral-Slides-To-Prevent-Strangulation
5415,93044,1993-02-17,1993,Keds Corporation And CPSC Announce Recall Of Keds Flexibles Children's Shoes,apparel,True,choking_small_parts,False,False,,,unknown,0,,,,,https://www.cpsc.gov/Recalls/1993/Keds-Corporation-And-CPSC-Announce-Recall-Of-Keds-Flexibles-Childrens-Shoes
5424,93056,1993-03-29,1993,Gerber Products Company Recalls Gem Collection Pacifier,apparel,True,choking_small_parts,False,False,,,unknown,0,,,,,https://www.cpsc.gov/Recalls/1993/Gerber-Products-Company-Recalls-Gem-Collection-Pacifier
5431,93064,1993-04-22,1993,"R.H. Macy & Co. Recalls Infant/Toddler Sweatshirt, Jacket And Windbreaker",apparel,True,choking_small_parts,False,False,,,unknown,0,,,,,https://www.cpsc.gov/Recalls/1993/RH-Macy--Co-Recalls-InfantToddler-Sweatshirt-Jacket-And-Windbreaker
5437,93074,1993-05-27,1993,Hedstrom And Blazon-Flexible Flyer Renew Slide Guard Offer To Prevent Strangulation From Clothing String Entanglement,apparel,True,drawstring_strangulation,False,False,,,unknown,0,,,,,https://www.cpsc.gov/Recalls/1993/Hedstrom-And-Blazon-Flexible-Flyer-Renew-Slide-Guard-Offer-To-Prevent-Strangulation-From-Clothing-String-Entanglement
5533,94058,1994-04-11,1994,Kmart Corporation Recalls Infant's Clothing Outfit,apparel,True,choking_small_parts,False,False,,,unknown,0,,,,,https://www.cpsc.gov/Recalls/1994/Kmart-Corporation-Recalls-Infants-Clothing-Outfit
5536,94061,1994-04-22,1994,Levi Strauss & Company Recalls Toddlers Coveralls,apparel,True,choking_small_parts,False,False,,,unknown,0,,,,,https://www.cpsc.gov/Recalls/1994/Levi-Strauss--Company-Recalls-Toddlers-Coveralls
5569,94117,1994-08-12,1994,CPSC Recalls Dangerously Flammable Imported Chiffon Skirts,apparel,False,flammability_burn,True,False,,,unknown,1,India,India,,,https://www.cpsc.gov/Recalls/1994/CPSC-Recalls-Dangerously-Flammable-Imported-Chiffon-Skirts
5586,95008,1994-10-17,1994,Parents Urged To Remove Pom-Pom From Santa Barney; Choking Risk Cited,apparel,True,choking_small_parts,False,False,,,unknown,0,,,,,https://www.cpsc.gov/Recalls/1995/Parents-Urged-To-Remove-Pom-Pom-From-Santa-Barney-Choking-Risk-Cited
5589,95014,1994-10-28,1994,Link & Pan Of Texas Inc. And CPSC Recall Stuffed Bears,apparel,True,choking_small_parts,False,False,,,unknown,1,China,China,,,https://www.cpsc.gov/Recalls/1995/Link--Pan-Of-Texas-Inc-And-CPSC-Recall-Stuffed-Bears
5641,95081,1995-02-15,1995,"CPSC, Michael Simon Inc. Announce Faux Fur Sweater Recall",apparel,False,flammability_burn,True,False,,,unknown,2,China;Hong Kong,China,,rayon,https://www.cpsc.gov/Recalls/1995/CPSC-Michael-Simon-Inc-Announce-Faux-Fur-Sweater-Recall
5645,95087,1995-02-28,1995,"CPSC, Coville Inc. Announce Recall Of Garments Made From A Flammable Fleece Fabric",apparel,True,flammability_burn,True,False,,,unknown,0,,,,,https://www.cpsc.gov/Recalls/1995/CPSC-Coville-Inc-Announce-Recall-Of-Garments-Made-From-A-Flammable-Fleece-Fabric
5652,95097,1995-03-22,1995,"CPSC, Division Sales Announce Recall Of Funtasty Speed Boat Toy",apparel,True,choking_small_parts,False,False,,,unknown,1,China,China,,,https://www.cpsc.gov/Recalls/1995/CPSC-Division-Sales-Announce-Recall-Of-Funtasty-Speed-Boat-Toy
5649,95094,1995-03-22,1995,CPSC And The Bazaar Inc. Announce Recall Of Vinyl Squeeze Toys,apparel,True,choking_small_parts,False,False,,,unknown,1,Malaysia,Malaysia,,,https://www.cpsc.gov/Recalls/1995/CPSC-And-The-Bazaar-Inc-Announce-Recall-Of-Vinyl-Squeeze-Toys
5656,95103,1995-04-18,1995,"CPSC, Cottontail Originals Announce Baby Garment Recall",apparel,True,choking_small_parts,False,False,,,unknown,1,United States,United States,,cotton,https://www.cpsc.gov/Recalls/1995/CPSC-Cottontail-Originals-Announce-Baby-Garment-Recall
5676,95129,1995-06-07,1995,"CPSC, Angel-etts Of California Recall Gerber Infant/Toddler Sandals",apparel,True,choking_small_parts,False,False,,,unknown,0,,,,,https://www.cpsc.gov/Recalls/1995/CPSC-Angel-etts-Of-California-Recall-Gerber-InfantToddler-Sandals
5694,95160,1995-08-29,1995,"CPSC, The Schwab Company Announce Baby Garment Recall",apparel,True,choking_small_parts,False,False,,,unknown,1,United States,United States,,cotton,https://www.cpsc.gov/Recalls/1995/CPSC-The-Schwab-Company-Announce-Baby-Garment-Recall
5695,95162,1995-09-06,1995,CPSC And Importers Announce Recall Of Dangerously Flammable Imported Sheer Scarves,apparel,False,flammability_burn,True,False,,,unknown,1,India,India,,,https://www.cpsc.gov/Recalls/1995/CPSC-And-Importers-Announce-Recall-Of-Dangerously-Flammable-Imported-Sheer-Scarves
5713,96008,1995-10-26,1995,"CPSC, Raz Imports Announce Recall Of Christmas Angel Candlestick Holders",apparel,False,flammability_burn,False,False,,,unknown,0,,,,,https://www.cpsc.gov/Recalls/1996/CPSC-Raz-Imports-Announce-Recall-Of-Christmas-Angel-Candlestick-Holders
5761,96067,1996-02-14,1996,"CPSC, Kmart Corporation Announce Shirt Recall",apparel,False,flammability_burn,True,False,,,unknown,0,,,,,https://www.cpsc.gov/Recalls/1996/CPSC-Kmart-Corporation-Announce-Shirt-Recall
5764,96073,1996-02-22,1996,CPSC And Everything's A Dollar Announce Toy Truck Recall,apparel,True,choking_small_parts,False,False,,,unknown,0,,,,,https://www.cpsc.gov/Recalls/1996/CPSC-And-Everythings-A-Dollar-Announce-Toy-Truck-Recall
5767,96077,1996-03-11,1996,CPSC And O'Neill Sportswear Announce Jacket Recall,apparel,False,flammability_burn,True,False,,,unknown,1,United States,United States,,cotton,https://www.cpsc.gov/Recalls/1996/CPSC-And-ONeill-Sportswear-Announce-Jacket-Recall
5766,96076,1996-03-11,1996,CPSC And Zip Zag Announce Sweat Shirt Recall,apparel,False,flammability_burn,True,False,,,unknown,1,Pakistan,Pakistan,,,https://www.cpsc.gov/Recalls/1996/CPSC-And-Zip-Zag-Announce-Sweat-Shirt-Recall-
5797,96118,1996-05-06,1996,Teddy Bear Recalled by Dan-Dee International,apparel,True,choking_small_parts,False,False,,,unknown,1,China,China,,,https://www.cpsc.gov/Recalls/1996/CPSC-Dan-Dee-International-Announce-Teddy-Bear-Recall
5802,96124,1996-05-16,1996,Scarf Recalled by Fashionique II,apparel,False,flammability_burn,True,False,,,unknown,0,,,,,https://www.cpsc.gov/Recalls/1996/CPSC-and-Fashionique-II-Announce-Scarf-Recall
5814,96145,1996-06-11,1996,Stuffed Animal Recalled by Gibson Greetings,apparel,True,choking_small_parts,False,False,,,unknown,1,China,China,,,https://www.cpsc.gov/Recalls/1996/CPSC-and-Gibson-Greetings-Announce-Stuffed-Animal-Recall
5824,96162,1996-07-09,1996,Minnie Mouse Nautical Outfits Recalled by Catton Bros,apparel,True,choking_small_parts,False,False,,,unknown,2,Hong Kong;Thailand,Hong Kong,,cotton,https://www.cpsc.gov/Recalls/1996/CPSC-Catton-Brothers-Corp-Announce-Recall-of-Minnie-Mouse-Nautical-Outfits
5825,96163,1996-07-10,1996,Silk Scarves Recalled by India Arts,apparel,False,flammability_burn,True,False,,,unknown,1,India,India,,silk,https://www.cpsc.gov/Recalls/1996/CPSC-and-India-Arts-Inc-Announce-Recall-of-Silk-Scarves
5826,96164,1996-07-10,1996,Scarfs Recalled by Zazou Scarfs,apparel,False,flammability_burn,True,False,,,unknown,1,India,India,,rayon,https://www.cpsc.gov/Recalls/1996/CPSC-and-Zazou-Scarves-Announce-Scarf-Recall-
5861,97016,1996-10-30,1996,Chenille Sweaters Recalled by J.C. Penney,apparel,False,flammability_burn,True,False,,,unknown,2,China;Hong Kong,China,,,https://www.cpsc.gov/Recalls/1997/CPSC-and-JC-Penney-Announce-Recall-of-Highly-Flammable-Chenille-Sweaters
5887,97046,1996-12-18,1996,Chenille Sweaters Recall,apparel,True,flammability_burn,True,False,,,unknown,4,China;Hong Kong;Taiwan;United States,China,,,https://www.cpsc.gov/Recalls/1997/CPSC-Recalls-Highly-Flammable-Chenille-Sweaters
5892,97050,1996-12-20,1996,Koverall and Shortall Recall by Levi Strauss,apparel,True,choking_small_parts,False,False,,,unknown,0,,,,,https://www.cpsc.gov/Recalls/1997/CPSC-and-Levi-Strauss-Announce-Infant-and-Toddler-Koverall-and-Shortall-Recall
5922,97083,1997-03-11,1997,Little Miracles Rompers Recall by Wear Me Apparel,apparel,True,chemical,True,False,,,unknown,0,,,,,https://www.cpsc.gov/Recalls/1997/CPSC-and-Wear-Me-Apparel-Corp-Recall-Infant-Boys-Rompers
5924,97085,1997-03-24,1997,CPSC and Neiman Marcus/Bergdorf Goodman Announce Recall of Flammable Bathrobes,apparel,False,flammability_burn,True,False,,,unknown,0,,,,cotton,https://www.cpsc.gov/Recalls/1997/CPSC-and-Neiman-MarcusBergdorf-Goodman-Announce-Recall-of-Flammable-Bathrobes
5926,97087,1997-03-24,1997,Utility Brand Sweat Shirts Recall by Target,apparel,True,flammability_burn,True,False,,,unknown,1,China,China,,,https://www.cpsc.gov/Recalls/1997/CPSC-and-Target-Announce-Recall-of-Flammable-Sweat-Shirts
5941,97101,1997-04-15,1997,Disney Babies Romper Sets Recall by Catton Brothers,apparel,True,laceration_puncture,False,False,,,unknown,1,Bangladesh,Bangladesh,,cotton,https://www.cpsc.gov/Recalls/1997/CPSC-Catton-Brothers-Corp-Announce-Recall-of-Disney-Babies-Romper-Sets-for-Boys-and-Girls
5953,97113,1997-05-01,1997,Precious Indian Teddy Bear Recall by Mazel,apparel,True,choking_small_parts,False,False,,,unknown,1,China,China,,,https://www.cpsc.gov/Recalls/1997/CPSC-and-The-Mazel-Co-Announce-Teddy-Bear-Recall
5960,97121,1997-05-14,1997,Garments Recalled by Levi Strauss,apparel,False,flammability_burn,True,False,,,unknown,1,Korea,Korea,,cotton,https://www.cpsc.gov/Recalls/1997/CPSC-and-Levi-Strauss--Co-Announce-Recall-of-Garments-Made-From-a-Flammable-Fleece-Fabric
5959,97120,1997-05-15,1997,Heart Shaped Necklaces Recalled by Charming Shoppes,apparel,True,chemical,False,False,,,unknown,0,,,,,https://www.cpsc.gov/Recalls/1997/CPSC-Charming-Shoppes-Inc-Announce-Recall-of-Necklaces
5967,97130,1997-05-28,1997,Infants' Garments Recall by Little Laura of California,apparel,True,choking_small_parts,False,False,,,unknown,1,United States,United States,,cotton,https://www.cpsc.gov/Recalls/1997/CPSC-Little-Laura-of-California-Inc-Announce-Recall-of-Infants-Garments
5970,97135,1997-06-02,1997,Girls' Dresses Recall by Levi Strauss & Co.,apparel,True,choking_small_parts,False,False,,,unknown,1,Indonesia,Indonesia,,cotton,https://www.cpsc.gov/Recalls/1997/CPSC-Levi-Strauss--Co-Announce-Recall-of-Girls-Dresses
5981,97147,1997-06-20,1997,Garments Recalled by Charles Komar & Sons,apparel,False,flammability_burn,True,False,,,unknown,0,,,,cotton,https://www.cpsc.gov/Recalls/1997/CPSC-Charles-Komar--Sons-Inc-Announce-Recall-of-Flammable-Garments
6003,97173,1997-08-21,1997,Action to Improve Safety of Halogen Torchiere Floor Lamps,home_textile,True,flammability_burn,False,False,,,unknown,0,,,,,https://www.cpsc.gov/Recalls/1997/CPSC-and-Industry-Announce-Corrective-Action-to-Improve-Safety-of-Halogen-Torchiere-Floor-Lamps
6085,98011,1997-10-14,1997,Stuffed Bears Recalled by Nadel & Sons Toy,apparel,True,choking_small_parts,False,False,,,unknown,1,China,China,,,https://www.cpsc.gov/Recalls/1998/CPSC-Nadel--Sons-Toy-Corp-Announce-Recall-of-Stuffed-Bears
6096,98024,1997-11-06,1997,Wooden Clown Toys Recalled by BRIO,apparel,True,choking_small_parts,False,False,,,unknown,1,Sweden,Sweden,,,https://www.cpsc.gov/Recalls/1998/CPSC-BRIO-Announce-Recall-of-Wooden-Clown-Toys-to-Replace-Hats
6099,98027,1997-11-13,1997,Zippered Vest Recalled by Kid's Patrol,apparel,True,choking_small_parts,False,False,,,unknown,1,Thailand,Thailand,,,https://www.cpsc.gov/Recalls/1998/CPSC-Kids-Patrol-Announce-Recall-of-Zippered-Vest
6103,98036,1997-12-08,1997,Reverse Fleece Women's Jackets Recalled by Guess?,apparel,False,flammability_burn,True,False,,,unknown,1,United States,United States,,,https://www.cpsc.gov/Recalls/1998/CPSC-Guess-Inc-Announce-Recall-of-Reverse-Fleece-Womens-Jackets
6116,98050,1998-01-05,1998,Fleece Garments Recalled by Hardwick Knitted Fabrics,apparel,True,flammability_burn,True,False,,,unknown,0,,,,,https://www.cpsc.gov/Recalls/1998/CPSC-Hardwick-Knitted-Fabrics-Inc-Announce-Recall-of-Fleece-Garments-
6138,98082,1998-03-18,1998,Sanders Recalled by Ryobi America Corp.,apparel,False,flammability_burn,False,False,,,unknown,0,,,,,https://www.cpsc.gov/Recalls/1998/CPSC-and-Ryobi-America-Corp-Announce-Recall-of-Detail-Sanders
6158,98108,1998-05-13,1998,Super Clean Aerosol Foam Recalled by Castrol North America,apparel,True,chemical,False,False,,,unknown,0,,,,,https://www.cpsc.gov/Recalls/1998/CPSC-Castrol-North-America-Inc-Announce-Recall-of-Super-Clean-Aerosol-Foam
6167,98120,1998-06-03,1998,"CPSC, GapKids Announce Voluntary Recall of Kids' Anoraks",apparel,True,chemical,False,False,,,unknown,1,Russia,Russia,,,https://www.cpsc.gov/Recalls/1998/CPSC-GapKids-Announce-Voluntary-Recall-of-Kids-Anoraks
6173,98129,1998-06-23,1998,Children's Sneakers Recalled by Payless ShoeSource,apparel,True,choking_small_parts,False,False,,,unknown,0,,,,,https://www.cpsc.gov/Recalls/1998/CPSC-Payless-ShoeSource-Announce-Recall-of-Childrens-Sneakers
6187,98147,1998-07-28,1998,Children's Jewelry Sets Recalled by Almar Sales,apparel,True,choking_small_parts,False,False,,,unknown,0,,,,,https://www.cpsc.gov/Recalls/1998/CPSC-Almar-Sales-Co-Announce-Recall-of-Childrens-Jewelry-Sets
6203,98169,1998-09-16,1998,Children's Satin Sleepwear Recalled by Limited Too,apparel,True,flammability_burn,False,False,,,unknown,4,China;Hong Kong;Macau;Sri Lanka,China,,,https://www.cpsc.gov/Recalls/1998/CPSC-Limited-Too-Inc-Announce-Recall-of-Childrens-Satin-Sleepwear
6212,99007,1998-10-08,1998,Children's Teva Sandals Recalled by Deckers Outdoor,apparel,True,fall_slip,False,False,,,unknown,1,United States,United States,,,https://www.cpsc.gov/Recalls/1999/CPSC-Deckers-Outdoor-Corp-Announce-Recall-of-Childrens-Teva-Sandals
6218,99014,1998-11-03,1998,"Men's ""Air Face Up"" Basketball Shoes Recalled by NIKE",apparel,False,laceration_puncture,False,False,,,unknown,0,,,,,https://www.cpsc.gov/Recalls/1999/CPSC-NIKE-Announce-Recall-of-Mens-Air-Face-Up-Basketball-Shoes
6242,99049,1999-01-14,1999,Infant and Toddler Hats Recalled by Elegant Headwear,apparel,True,drawstring_strangulation,False,False,,,unknown,1,United States,United States,,,https://www.cpsc.gov/Recalls/1999/CPSC-Elegant-Headwear-Co-Announce-Recall-to-Repair-Infant-and-Toddler-Hats
6243,99052,1999-01-21,1999,Children's Fleece Robes Recalled by Limited Too,apparel,True,flammability_burn,False,False,,,unknown,1,Sri Lanka,Sri Lanka,,polyester,https://www.cpsc.gov/Recalls/1999/CPSC-Limited-Too-Inc-Announce-Recall-of-Childrens-Fleece-Robes
6259,99073,1999-03-05,1999,"Infant's ""Little Air Jordan"" Sneakers Recalled by NIKE",apparel,True,chemical,False,False,,,unknown,0,,,,,https://www.cpsc.gov/Recalls/1999/CPSC-NIKE-Announce-Recall-of-Infants-Little-Air-Jordan-Sneakers
6756,99111b,1999-05-17,1999,Scarves Recalled by Tie Rack,apparel,False,flammability_burn,False,False,,,unknown,1,China,China,,,https://www.cpsc.gov/Recalls/1999/Scarves-Recalled-by-Tie-Rack
6297,99121,1999-06-07,1999,Beanbags Sold With Barney Hopscotch Game Towels Recalled by Franco,home_textile,True,other,False,False,,,unknown,1,China,China,,,https://www.cpsc.gov/Recalls/1999/CPSC-Franco-Manufacturing-Co-Inc-Announce-Recall-of-Beanbags-Sold-With-BarneyTM-Hopscotch-Game-Towels
6300,99124,1999-06-16,1999,Stuffed Sock Monkeys Recalled by Restoration Hardware,apparel,True,laceration_puncture,False,False,,,unknown,0,,,,,https://www.cpsc.gov/Recalls/1999/CPSC-Restoration-Hardware-Inc-Announce-Recall-of-Stuffed-Sock-Monkeys
6762,99133b,1999-06-30,1999,Toddler Jeans Recalled by Gymboree,apparel,True,choking_small_parts,False,False,,,unknown,1,Mexico,Mexico,,,https://www.cpsc.gov/Recalls/1999/Toddler-Jeans-Recalled-by-Gymboree
6312,99142,1999-07-15,1999,Children's Side Zip Sneakers Recalled by Reebok,apparel,True,choking_small_parts,False,False,,,unknown,0,,,,,https://www.cpsc.gov/Recalls/1999/CPSC-Reebok-Announce-Recall-of-Childrens-Side-Zip-Sneakers
6316,99147,1999-07-27,1999,Children's Garments with Ornamental Cherries Recalled by Little Me,apparel,True,choking_small_parts,False,False,,,unknown,1,Philippines,Philippines,,,https://www.cpsc.gov/Recalls/1999/CPSC-Little-Me-Announce-Recall-of-Childrens-Garments-with-Ornamental-Cherries
6325,99159,1999-08-19,1999,"Girls' ""Esleep Juniors"" Robes Recalled by Bentley Lingerie",apparel,True,flammability_burn,False,False,,,unknown,1,Bangladesh,Bangladesh,,,https://www.cpsc.gov/Recalls/1999/CPSC-Bentley-Lingerie-Announce-Recall-of-Girls-Esleep-Juniors-Robes
6769,00010b,1999-11-01,1999,CPSC & Montgomery Wards Recall Boys Jackets and Sweatshirts,apparel,True,drawstring_strangulation,False,False,780.0,20.0,store_only,2,Nepal;Pakistan,Nepal,,,https://www.cpsc.gov/Recalls/2000/CPSC--Montgomery-Wards-Recall-Boys-Jackets-and-Sweatshirts
2451,00032,1999-12-09,1999,"CPSC, Gap Inc. Announce Recall of Children's Pajamas",apparel,True,flammability_burn,False,True,231000.0,29.5,store_only,0,,,,polyester,https://www.cpsc.gov/Recalls/2000/CPSC-Gap-Inc-Announce-Recall-of-Childrens-Pajamas
2865,00051,2000-01-11,2000,"CPSC, L.L. Bean Inc. Announce Recall of Children's Overalls",apparel,True,choking_small_parts,False,False,7700.0,20.0,store_only,1,China,China,,cotton,https://www.cpsc.gov/Recalls/2000/CPSC-LL-Bean-Inc-Announce-Recall-of-Childrens-Overalls
3025,00053,2000-01-13,2000,"CPSC, Vermont Teddy Bear Co.® and Zany Brainy, Inc.® Announce Recall of Skateboard Keychains Sold With Teddy Bears",apparel,False,choking_small_parts,False,False,15500.0,10.0,mixed,0,,,,,https://www.cpsc.gov/Recalls/2000/CPSC-Vermont-Teddy-Bear-Co-and-Zany-Brainy-Inc-Announce-Recall-of-Skateboard-Keychains-Sold-With-Teddy-Bears
3136,00060,2000-02-03,2000,"CPSC, Shopko Stores Inc. Announce Recall of Baby Garments",apparel,True,choking_small_parts,False,False,9800.0,11.5,store_only,1,China,China,,,https://www.cpsc.gov/Recalls/2000/CPSC-Shopko-Stores-Inc-Announce-Recall-of-Baby-Garments
3453,00067,2000-02-15,2000,"CPSC, Nordstrom Inc. Announce Recall of Infant and Toddler Jackets",apparel,True,choking_small_parts,False,True,2250.0,34.0,store_only,0,,,,,https://www.cpsc.gov/Recalls/2000/CPSC-Nordstrom-Inc-Announce-Recall-of-Infant-and-Toddler-Jackets
3454,00068,2000-02-16,2000,"CPSC, Mountain High Hosiery Ltd. Announce Recall of Tommy Hilfiger Socks for Infants and Children",apparel,True,choking_small_parts,False,False,360000.0,10.0,store_only,0,,,,,https://www.cpsc.gov/Recalls/2000/CPSC-Mountain-High-Hosiery-Ltd-Announce-Recall-of-Tommy-Hilfiger-Socks-for-Infants-and-Children
785,00114,2000-05-25,2000,"CPSC, Warner Bros. Studio Store Announce Recall of Tweety Rattles and Sandals",apparel,True,choking_small_parts,False,False,3800.0,15.0,store_only,0,,,,,https://www.cpsc.gov/Recalls/2000/CPSC-Warner-Bros-Studio-Store-Announce-Recall-of-Tweety-Rattles-and-Sandals
868,00118a,2000-06-05,2000,Sweatshirts Recalled by Jordache Ltd.,apparel,False,flammability_burn,True,False,5400.0,59.0,store_only,1,Peru,Peru,,,https://www.cpsc.gov/Recalls/2000/Sweatshirts-Recalled-by-Jordache-Ltd
6783,00118b,2000-06-05,2000,Infant Cargo Skirts Recalled by Associated Merchandising Corp.,apparel,True,choking_small_parts,False,False,9500.0,15.0,store_only,2,Sri Lanka;Indonesia,Sri Lanka,,,https://www.cpsc.gov/Recalls/2000/Infant-Cargo-Skirts-Recalled-by-Associated-Merchandising-Corp
875,00119,2000-06-07,2000,"CPSC, Federated Department Stores Announce Recall of Children's Robes",apparel,True,flammability_burn,False,True,50000.0,25.0,store_only,0,,,,,https://www.cpsc.gov/Recalls/2000/CPSC-Federated-Department-Stores-Announce-Recall-of-Childrens-Robes
1998,00170,2000-08-28,2000,Shirts and Rompers Recalled by The Children's Place,apparel,True,choking_small_parts,False,False,,,unknown,0,,,,,https://www.cpsc.gov/Recalls/2000/CPSC-The-Childrens-Place-Announce-Recall-of-Shirts-and-Rompers
237,01024,2000-11-06,2000,"CPSC, Five-Y Clothing Announce Recall of Fleece Sweatshirts Sold at Kmart",apparel,False,flammability_burn,False,True,42000.0,9.0,store_only,1,El Salvador,El Salvador,,,https://www.cpsc.gov/Recalls/2001/CPSC-Five-Y-Clothing-Announce-Recall-of-Fleece-Sweatshirts-Sold-at-Kmart
342,01035,2000-11-20,2000,"CPSC, L.L. Bean Inc. Announce Recall of Toddlers' Slippers",apparel,True,choking_small_parts,False,False,2000.0,18.0,store_only,1,China,China,,,https://www.cpsc.gov/Recalls/2001/CPSC-LL-Bean-Inc-Announce-Recall-of-Toddlers-Slippers
368,01053a,2000-12-13,2000,Stuffed Toys Recalled by Pier 1 Imports,apparel,False,choking_small_parts,False,False,600.0,6.0,store_only,0,,,,,https://www.cpsc.gov/Recalls/2001/Stuffed-Toys-Recalled-by-Pier-1-Imports
378,01064,2001-01-09,2001,"CPSC, BBC International Ltd. Announce Recall of Crayola® Toddler Boots",apparel,True,choking_small_parts,False,True,38000.0,20.0,store_only,1,Canada,Canada,,,https://www.cpsc.gov/Recalls/2001/CPSC-BBC-International-Ltd-Announce-Recall-of-Crayola-Toddler-Boots
380,01066,2001-01-17,2001,CPSC and Designer Classics LLC Announce Recall of Children's Jeans and Overalls,apparel,True,choking_small_parts,False,True,11000.0,39.0,store_only,1,Indonesia,Indonesia,,,https://www.cpsc.gov/Recalls/2001/CPSC-and-Designer-Classics-LLC-Announce-Recall-of-Childrens-Jeans-and-Overalls
460,01090,2001-02-22,2001,"CPSC, NIKE USA Inc. Announce Recall of Jordan Trunner Cross-Training Shoes",apparel,False,laceration_puncture,False,True,225000.0,112.5,store_only,0,,,,,https://www.cpsc.gov/Recalls/2001/CPSC-NIKE-USA-Inc-Announce-Recall-of-Jordan-Trunner-Cross-Training-Shoes
593,01113,2001-03-26,2001,"CPSC, Gymboree Announce Recall of Children's Fleece Pants",apparel,True,choking_small_parts,False,False,125000.0,15.0,mixed,1,Indonesia,Indonesia,,,https://www.cpsc.gov/Recalls/2001/CPSC-Gymboree-Announce-Recall-of-Childrens-Fleece-Pants
1941,01513,2001-03-28,2001,"CPSC, Levi Strauss & Co. Announce Recall of Infant and Toddler Garments",apparel,True,choking_small_parts,False,False,349000.0,,unknown,0,,,,,https://www.cpsc.gov/Recalls/2001/CPSC-Levi-Strauss--Co-Announce-Recall-of-Infant-and-Toddler-Garments
733,01129,2001-04-19,2001,"CPSC, Disney Store Announce Recall of Children's Costumes",apparel,True,flammability_burn,True,True,54000.0,29.0,mixed,0,,,,,https://www.cpsc.gov/Recalls/2001/CPSC-Disney-Store-Announce-Recall-of-Childrens-Costumes
877,01191,2001-07-10,2001,"CPSC, DSI Toys, Inc. Announce Recall of Toy Kittens",apparel,False,other,False,True,238000.0,11.5,store_only,1,China,China,,,https://www.cpsc.gov/Recalls/2001/CPSC-DSI-Toys-Inc-Announce-Recall-of-Toy-Kittens
916,01204,2001-07-23,2001,"CPSC, NIKE USA Inc. Announce Recall of Jordan Trunner Cross-Training Shoes",apparel,False,laceration_puncture,False,True,425000.0,107.5,store_only,0,,,,,https://www.cpsc.gov/Recalls/2001/CPSC-NIKE-USA-Inc-Announce-Recall-of-Jordan-Trunner-Cross-Training-Shoes1
1040,01217,2001-08-16,2001,"CPSC, Kids ""R"" Us and Babies ""R"" Us Announce Recall of Children's Cargo Pants",apparel,True,choking_small_parts,False,True,7000.0,10.0,store_only,1,Thailand,Thailand,,,https://www.cpsc.gov/Recalls/2001/CPSC-Kids-R-Us-and-Babies-R-Us-Announce-Recall-of-Childrens-Cargo-Pants
1956,01527,2001-09-10,2001,"CPSC, SBH Restructuring Corp. (formally Storybook Heirlooms) Recall Children's Pajamas",apparel,True,flammability_burn,False,False,13900.0,21.0,online_only,0,,,,cotton,https://www.cpsc.gov/Recalls/2001/CPSC-SBH-Restructuring-Corp-formally-Storybook-Heirlooms-Recall-Childrens-Pajamas
2019,02003,2001-10-05,2001,"CPSC, Biddeford Textile Corp. Announce Recall of Electric Blankets",home_textile,False,flammability_burn,False,False,394000.0,100.0,store_only,0,,,,,https://www.cpsc.gov/Recalls/2002/CPSC-Biddeford-Textile-Corp-Announce-Recall-of-Electric-Blankets
2226,02503,2001-11-02,2001,"CPSC, Lillian Vernon Corporation Announce Recall of Costumes",apparel,True,flammability_burn,True,False,2900.0,40.0,store_only,0,,,,,https://www.cpsc.gov/Recalls/2002/CPSC-Lillian-Vernon-Corporation-Announce-Recall-of-Costumes-
2051,02050,2001-11-28,2001,"CPSC, Stride Rite Children's Group Inc. Announce Recall of Girls' Shoes",apparel,True,choking_small_parts,False,True,109000.0,25.0,store_only,1,China,China,,,https://www.cpsc.gov/Recalls/2002/CPSC-Stride-Rite-Childrens-Group-Inc-Announce-Recall-of-Girls-Shoes
2057,02058,2001-12-06,2001,CPSC and BRIO® Corp. Announce Recall of Curious George Toys,apparel,True,choking_small_parts,False,True,3100.0,25.0,mixed,0,,,,,https://www.cpsc.gov/Recalls/2002/CPSC-and-BRIO-Corp-Announce-Recall-of-Curious-George-Toys
2243,02520,2002-01-28,2002,"CPSC, Lands' End, Inc. Announce Recall of Electric Blankets",home_textile,False,flammability_burn,False,False,15000.0,160.0,store_only,0,,,,,https://www.cpsc.gov/Recalls/2002/CPSC-Lands-End-Inc-Announce-Recall-of-Electric-Blankets
2093,02100,2002-02-12,2002,"CPSC, OshKosh B'Gosh Announce Recall of Newborn Girls' Garments",apparel,True,choking_small_parts,False,True,21800.0,38.0,store_only,1,Malaysia,Malaysia,,,https://www.cpsc.gov/Recalls/2002/CPSC-OshKosh-BGosh-Announce-Recall-of-Newborn-Girls-Garments
2097,02105,2002-02-20,2002,"CPSC, Unilever Home and Personal Care USA Announce Recall of Plush Snuggle® Bears",apparel,False,choking_small_parts,False,False,4000000.0,4.0,store_only,1,China,China,,,https://www.cpsc.gov/Recalls/2002/CPSC-Unilever-Home-and-Personal-Care-USA-Announce-Recall-of-Plush-Snuggle-Bears
2119,02131,2002-04-02,2002,CPSC and Federated Merchandising Group Announce Recall of Girl's Capri Pant and Shirt Set,apparel,True,choking_small_parts,False,False,1000.0,26.0,store_only,0,,,,,https://www.cpsc.gov/Recalls/2002/CPSC-and-Federated-Merchandising-Group-Announce-Recall-of-Girls-Capri-Pant-and-Shirt-Set
2260,02537,2002-05-08,2002,"CPSC, Astra International and Consumers Union Announce Recall of Glove Compartment Organizer",apparel,False,flammability_burn,False,True,15000.0,,unknown,0,,,,,https://www.cpsc.gov/Recalls/2002/CPSC-Astra-International-and-Consumers-Union-Announce-Recall-of-Glove-Compartment-Organizer
2267,02545,2002-05-31,2002,"CPSC, D.A.M. Clothing, Inc., Announce Recall of Basic Editions 2-Piece Toddler Girls' Short Set",apparel,True,choking_small_parts,False,False,9200.0,7.0,store_only,1,Pakistan,Pakistan,,,https://www.cpsc.gov/Recalls/2002/CPSC-DAM-Clothing-Inc-Announce-Recall-of-Basic-Editions-2-Piece-Toddler-Girls-Short-Set-
2323,03045,2002-11-27,2002,"CPSC, Good Lad Apparel Announce Recall of Infant Girls' Garment and Shoes",apparel,True,choking_small_parts,False,True,52000.0,15.0,store_only,0,,,,,https://www.cpsc.gov/Recalls/2003/CPSC-Good-Lad-Apparel-Announce-Recall-of-Infant-Girls-Garment-and-Shoes-
2333,03057,2002-12-20,2002,"CPSC, Cracker Barrel Old Country Store® Announce Recall of Motion Lamps",apparel,False,other,False,True,27000.0,20.0,store_only,1,China,China,,,https://www.cpsc.gov/Recalls/2003/CPSC-Cracker-Barrel-Old-Country-Store-Announce-Recall-of-Motion-Lamps-
2332,03056,2002-12-20,2002,"CPSC, Zutano Inc. Announce Recall of Stuffed Bunny Toys",apparel,False,choking_small_parts,False,True,3000.0,18.0,store_only,1,China,China,,,https://www.cpsc.gov/Recalls/2003/CPSC-Zutano-Inc-Announce-Recall-of-Stuffed-Bunny-Toys-
2331,03055,2002-12-20,2002,"CPSC, Wear Me Apparel Corp. Announce Recall of Infant Girls' Garments",apparel,True,chemical,False,True,3000.0,11.5,store_only,1,China,China,,,https://www.cpsc.gov/Recalls/2003/CPSC-Wear-Me-Apparel-Corp-Announce-Recall-of-Infant-Girls-Garments-
2334,03058,2002-12-23,2002,"CPSC, Kohl's Department Stores Inc. Announce Recall of Children's Fleece Pant Sets",apparel,True,choking_small_parts,False,True,9600.0,18.0,store_only,0,,,,,https://www.cpsc.gov/Recalls/2003/CPSC-Kohls-Department-Stores-Inc-Announce-Recall-of-Childrens-Fleece-Pant-Sets-
2369,03098,2003-01-24,2003,"CPSC, Walt Disney Parks and Resorts Announce Recall of Woody Dolls",apparel,False,choking_small_parts,False,False,40000.0,12.0,unknown,1,China,China,,,https://www.cpsc.gov/Recalls/2003/CPSC-Walt-Disney-Parks-and-Resorts-Announce-Recall-of-Woody-Dolls-
2482,03529,2003-03-17,2003,"CPSC, Lands' End, Inc., Announce Recall of Little Kids' Parkas",apparel,True,choking_small_parts,False,False,6000.0,79.5,store_only,0,,,,,https://www.cpsc.gov/Recalls/2003/CPSC-Lands-End-Inc-Announce-Recall-of-Little-Kids-Parkas
2367,03096,2003-03-20,2003,"CPSC, S. Rothschild & Co. Announce Recall to Repair Girls' Hooded Winter Jackets",apparel,True,choking_small_parts,False,True,37000.0,25.0,store_only,1,India,India,,,https://www.cpsc.gov/Recalls/2003/CPSC-S-Rothschild--Co-Announce-Recall-to-Repair-Girls-Hooded-Winter-Jackets-
2375,03103,2003-04-02,2003,"CPSC, Dollar Tree Stores Inc. Announce Recall of Plush Bears and Snowman Dolls",apparel,False,choking_small_parts,False,True,407000.0,1.0,store_only,1,China,China,,,https://www.cpsc.gov/Recalls/2003/CPSC-Dollar-Tree-Stores-Inc-Announce-Recall-of-Plush-Bears-and-Snowman-Dolls-
2493,03540,2003-05-13,2003,"CPSC, Weil-McLain Announce Recall of Ultra 155 & 230 Gas Boilers",apparel,False,flammability_burn,False,False,1700.0,4500.0,unknown,1,United States,United States,,,https://www.cpsc.gov/Recalls/2003/CPSC-Weil-McLain-Announce-Recall-of-Ultra-155--230-Gas-Boilers
2409,03152,2003-07-02,2003,"CPSC, Perfect Fit Industries Announce Recall of Electric Blankets",home_textile,False,flammability_burn,False,True,18000.0,40.0,store_only,2,China;United States,China,,,https://www.cpsc.gov/Recalls/2003/CPSC-Perfect-Fit-Industries-Announce-Recall-of-Electric-Blankets-
2527,04023,2003-10-30,2003,"CPSC, Michaels Stores, Inc. Announce Recall of Halloween Candleholders",apparel,False,flammability_burn,False,True,165000.0,1.0,store_only,1,China,China,,,https://www.cpsc.gov/Recalls/2004/CPSC-Michaels-Stores-Inc-Announce-Recall-of-Halloween-Candleholders-
2539,04042,2003-11-26,2003,"CPSC, American Greetings Corp. Announce Recall of Cloth Santa Decorations Sold at Wal-Mart",apparel,False,other,False,False,500.0,5.0,store_only,1,China,China,,,https://www.cpsc.gov/Recalls/2004/CPSC-American-Greetings-Corp-Announce-Recall-of-Cloth-Santa-Decorations-Sold-at-Wal-Mart-
2717,04518,2003-12-02,2003,"CPSC, abcDistributing Announce Recall of Fleece Pants with Long Waist Drawstring on Jacket",apparel,False,drawstring_strangulation,False,False,14538.0,12.0,unknown,1,India,India,,,https://www.cpsc.gov/Recalls/2004/CPSC-abcDistributing-Announce-Recall-of-Fleece-Pants-with-Long-Waist-Drawstring-on-Jacket
2716,04517,2003-12-02,2003,"CPSC, Lakeside Collection Announce Recall of Fleece Pant Sets with Long Waist Drawstring on Jacket",apparel,False,drawstring_strangulation,False,False,3628.0,12.0,unknown,1,India,India,,,https://www.cpsc.gov/Recalls/2004/CPSC-Lakeside-Collection-Announce-Recall-of-Fleece-Pant-Sets-with-Long-Waist-Drawstring-on-Jacket
2718,04519,2003-12-02,2003,"CPSC, LTD Commodities Announce Recall of Fleece Pants with Long Waist Drawstring on Jacket",apparel,False,drawstring_strangulation,False,False,11187.0,12.0,unknown,1,India,India,,,https://www.cpsc.gov/Recalls/2004/CPSC-LTD-Commodities-Announce-Recall-of-Fleece-Pants-with-Long-Waist-Drawstring-on-Jacket
2548,04051,2003-12-12,2003,"CPSC, Zutopia (a division of Wet Seal Inc.) Announce Recall of Girl's Loungewear",apparel,True,flammability_burn,False,False,5500.0,22.25,store_only,1,United States,United States,,,https://www.cpsc.gov/Recalls/2004/CPSC-Zutopia-a-division-of-Wet-Seal-Inc-Announce-Recall-of-Girls-Loungewear-
2547,04050,2003-12-12,2003,"CPSC, Schylling Associates Inc. Announce Recall of More ""Jack-In-the-Box"" Type Toys",apparel,False,choking_small_parts,False,False,14000.0,25.0,store_only,1,China,China,,,https://www.cpsc.gov/Recalls/2004/CPSC-Schylling-Associates-Inc-Announce-Recall-of-More-Jack-In-the-Box-Type-Toys
2561,04071,2004-01-27,2004,"CPSC, BBK Enterprises Inc. Announce Recall of Tree Climbers",apparel,False,other,False,True,630.0,90.0,mixed,1,China,China,,,https://www.cpsc.gov/Recalls/2004/CPSC-BBK-Enterprises-Inc-Announce-Recall-of-Tree-Climbers-
2567,04077,2004-02-05,2004,"CPSC, Meijer Distribution Announce Recall of Children's Jackets",apparel,True,choking_small_parts,False,False,58000.0,30.0,store_only,1,China,China,,,https://www.cpsc.gov/Recalls/2004/CPSC-Meijer-Distribution-Announce-Recall-of-Childrens-Jackets-
2568,04078,2004-02-05,2004,"CPSC, Meijer Announce Recall of Children's Sweatshirts with Drawstring Hoods",apparel,True,drawstring_strangulation,False,False,18655.0,21.0,store_only,1,Pakistan,Pakistan,,,https://www.cpsc.gov/Recalls/2004/CPSC-Meijer-Announce-Recall-of-Childrens-Sweatshirts-with-Drawstring-Hoods-
2749,04550,2004-05-19,2004,"CPSC, Avon Products Inc. Announce Recall to Repair Snowman Nightlight Diffuser",apparel,False,other,False,True,333000.0,10.0,unknown,1,China,China,,,https://www.cpsc.gov/Recalls/2004/CPSC-Avon-Products-Inc-Announce-Recall-to-Repair-Snowman-Nightlight-Diffuser
2626,04149,2004-06-02,2004,"CPSC, Payless ShoeSource Announce Recall of Children's Athletic Shoes",apparel,True,choking_small_parts,False,False,441000.0,10.0,store_only,1,China,China,,,https://www.cpsc.gov/Recalls/2004/CPSC-Payless-ShoeSource-Announce-Recall-of-Childrens-Athletic-Shoes-
2630,04153,2004-06-08,2004,"CPSC, Old Navy Announce Recall of Children's Zippered Outerwear",apparel,True,choking_small_parts,False,False,666000.0,24.0,mixed,3,South Korea;Vietnam;Philippines,South Korea,,,https://www.cpsc.gov/Recalls/2004/CPSC-Old-Navy-Announce-Recall-of-Childrens-Zippered-Outerwear-
2756,04557,2004-06-17,2004,"CPSC, GapKids Announce Recall of Girls' Straw Cowboy Hats",apparel,True,laceration_puncture,False,True,5200.0,18.5,mixed,1,China,China,,,https://www.cpsc.gov/Recalls/2004/CPSC-GapKids-Announce-Recall-of-Girls-Straw-Cowboy-Hats
2641,04166,2004-06-22,2004,"CPSC, Samara Brothers Inc. Announce Recall of Children's Swimsuit Cover-ups",apparel,True,choking_small_parts,False,False,30000.0,15.0,store_only,2,China;Egypt,China,,,https://www.cpsc.gov/Recalls/2004/CPSC-Samara-Brothers-Inc-Announce-Recall-of-Childrens-Swimsuit-Cover-ups-
2651,04177,2004-07-14,2004,"CPSC, Georgia Boot Announce Recall of Steel Toe Boots",apparel,False,other,False,True,10000.0,115.0,store_only,1,China,China,,,https://www.cpsc.gov/Recalls/2004/CPSC-Georgia-Boot-Announce-Recall-of-Steel-Toe-Boots-
2671,04200,2004-08-18,2004,"CPSC, NIKE Announce Recall of Children's Athletic Shoes",apparel,True,choking_small_parts,False,False,9000.0,40.0,store_only,1,Indonesia,Indonesia,,,https://www.cpsc.gov/Recalls/2004/CPSC-NIKE-Announce-Recall-of-Childrens-Athletic-Shoes-
2686,04217,2004-09-20,2004,"CPSC, Reebok International Announce Recall of Toddler's Athletic Shoes",apparel,True,choking_small_parts,False,True,140000.0,35.0,store_only,1,China,China,,,https://www.cpsc.gov/Recalls/2004/CPSC-Reebok-International-Announce-Recall-of-Toddlers-Athletic-Shoes-
2796,05010,2004-10-13,2004,"CPSC, LaCrosse Footwear, Inc. Announce Recall of Work Boots",apparel,False,other,False,False,8400.0,88.5,store_only,1,China,China,,,https://www.cpsc.gov/Recalls/2005/CPSC-LaCrosse-Footwear-Inc-Announce-Recall-of-Work-Boots-
2809,05034,2004-11-03,2004,"CPSC, adidas America Inc. Announce Recall of Basketball Shoes",apparel,False,other,False,True,187000.0,120.0,mixed,1,China,China,,,https://www.cpsc.gov/Recalls/2005/CPSC-adidas-America-Inc-Announce-Recall-of-Basketball-Shoes
2817,05042,2004-11-09,2004,"CPSC, Bilt-Safe Technologies Announce Recall of Electric Blankets",home_textile,False,flammability_burn,False,True,60000.0,70.0,store_only,1,China,China,,,https://www.cpsc.gov/Recalls/2005/CPSC-Bilt-Safe-Technologies-Announce-Recall-of-Electric-Blankets-
2826,05052,2004-11-18,2004,"CPSC, J.C. Penney Corporation Announce Recall of Children's Pajama Sets",apparel,True,choking_small_parts,False,False,41300.0,22.0,store_only,1,Hong Kong,Hong Kong,,,https://www.cpsc.gov/Recalls/2005/CPSC-JC-Penney-Corporation-Inc-Announce-Recall-of-Childrens-Pajama-Sets-
3043,05516,2004-11-24,2004,"CPSC, Hanna Andersson Announce Recall of Children's Corduroy Overalls",apparel,True,choking_small_parts,False,False,1900.0,38.0,store_only,1,Hong Kong,Hong Kong,,cotton,https://www.cpsc.gov/Recalls/2005/CPSC-Hanna-Andersson-Announce-Recall-of-Childrens-Corduroy-Overalls-
2830,05058,2004-11-26,2004,"CPSC, Meijer Distribution Announce Recall of Children's Snow Suits, Jackets",apparel,True,choking_small_parts,False,False,175000.0,29.0,store_only,2,China;Philippines,China,,,https://www.cpsc.gov/Recalls/2005/CPSC-Meijer-Distribution-Inc-Announce-Recall-of-Childrens-Snow-Suits-Jackets-
3046,05519,2004-12-02,2004,"CPSC, Target Corp. Announce Recall of Suede Sandals",apparel,False,fall_slip,False,True,1200000.0,10.0,store_only,1,China,China,,,https://www.cpsc.gov/Recalls/2005/CPSC-Target-Corp-Announce-Recall-of-Suede-Sandals-
2849,05082,2005-01-11,2005,"CPSC, Riviera Trading Inc. Announce Recall of Children's Costume Bracelets",apparel,True,chemical,False,False,7100.0,6.0,store_only,1,China,China,,,https://www.cpsc.gov/Recalls/2005/CPSC-Riviera-Trading-Inc-Announce-Recall-of-Childrens-Costume-Bracelets-
2862,05096,2005-02-04,2005,"CPSC, H & M Announce Recall of Girls' Sweaters with Faux Fur Trim",apparel,True,flammability_burn,False,False,470.0,20.0,store_only,1,Indonesia,Indonesia,,,https://www.cpsc.gov/Recalls/2005/CPSC-H--M-Announce-Recall-of-Girls-Sweaters-with-Faux-Fur-Trim-
2873,05108,2005-02-15,2005,"CPSC, HIS International Announce Recall of Jumper Sets",apparel,False,chemical,False,False,6700.0,13.0,store_only,1,China,China,,,https://www.cpsc.gov/Recalls/2005/CPSC-HIS-International-Announce-Recall-of-Jumper-Sets-
2880,05115,2005-02-18,2005,"CPSC, Target Corp. Announce Recall of Women's Boots",apparel,False,fall_slip,False,True,135000.0,25.0,store_only,1,China,China,,,https://www.cpsc.gov/Recalls/2005/CPSC-Target-Corp-Announce-Recall-of-Womens-Boots-
3073,05546,2005-03-01,2005,"CPSC, Lands' End Announce Recall of Zipper Pulls on Children's Outer Wear",apparel,True,choking_small_parts,False,True,24000.0,67.0,online_only,2,China;Hong Kong,China,,,https://www.cpsc.gov/Recalls/2005/CPSC-Lands-End-Announce-Recall-of-Zipper-Pulls-on-Childrens-Outer-Wear
2890,05126,2005-03-02,2005,"CPSC, Ocean Desert Sales Inc. Announce Recall of Children's Stuffed Yarn Bunnies",apparel,True,choking_small_parts,False,False,18500.0,1.0,store_only,1,China,China,,,https://www.cpsc.gov/Recalls/2005/CPSC-Ocean-Desert-Sales-Inc-Announce-Recall-of-Childrens-Stuffed-Yarn-Bunnies-
2892,05128,2005-03-04,2005,"CPSC, J.C. Penney Corp. Announce Recall of Infant and Toddler Sweaters",apparel,True,choking_small_parts,False,False,57000.0,15.0,store_only,1,Israel,Israel,,,https://www.cpsc.gov/Recalls/2005/CPSC-JC-Penney-Corp-Announce-Recall-of-Infant-and-Toddler-Sweaters-
2902,05140,2005-03-24,2005,"CPSC, Reebok and Adjmi Announce Recall of Children's Reebok Jacket and Pant Sets",apparel,True,choking_small_parts,False,False,8000.0,17.5,store_only,1,Taiwan,Taiwan,,,https://www.cpsc.gov/Recalls/2005/CPSC-Reebok-and-Adjmi-Announce-Recall-of-Childrens-Reebok-Jacket-and-Pant-Sets-
2916,05158,2005-04-19,2005,"CPSC, Carter's Announce Recall of Carter's Brand Children's Overalls",apparel,True,choking_small_parts,False,False,31000.0,26.0,store_only,2,China;Thailand,China,,,https://www.cpsc.gov/Recalls/2005/CPSC-Carters-Announce-Recall-of-Carters-Brand-Childrens-Overalls-
2939,05184,2005-05-31,2005,"CPSC, Hitachi Cable Manchester Inc. Announce Recall of 25- and 50-Pair Plenum Network Cables",apparel,False,flammability_burn,False,False,1700000.0,,unknown,1,United States,United States,,,https://www.cpsc.gov/Recalls/2005/CPSC-Hitachi-Cable-Manchester-Inc-Announce-Recall-of-25--and-50-Pair-Plenum-Network-Cables
2981,05231,2005-07-26,2005,"CPSC, H&M Announce Recall of Baby Denim and Knit Jackets",apparel,True,choking_small_parts,False,False,750.0,15.0,store_only,1,China,China,,,https://www.cpsc.gov/Recalls/2005/CPSC-HM-Announce-Recall-of-Baby-Denim-and-Knit-Jackets-
2992,05242,2005-08-12,2005,"CPSC, The Gymboree Corp. Announce Recall of Baby Sandals",apparel,True,choking_small_parts,False,True,5600.0,25.0,store_only,1,China,China,,,https://www.cpsc.gov/Recalls/2005/CPSC-The-Gymboree-Corp-Announce-Recall-of-Baby-Sandals
3002,05254,2005-09-01,2005,"CPSC, Walt Disney World Co. Announce Recall of Children's Red Sunglasses",apparel,True,chemical,False,False,12900.0,16.0,unknown,1,Taiwan,Taiwan,,,https://www.cpsc.gov/Recalls/2005/CPSC-Walt-Disney-World-Co-Announce-Recall-of-Childrens-Red-Sunglasses
3022,05278,2005-09-22,2005,"CPSC, Dollar General Corp. Announce Recall of Costume Jewelry",apparel,False,chemical,False,False,455000.0,2.0,store_only,1,China,China,,,https://www.cpsc.gov/Recalls/2005/CPSC-Dollar-General-Corp-Announce-Recall-of-Costume-Jewelry
3024,05280,2005-09-27,2005,"CPSC, Maytag Corp. Announce Recall of Washing Machines",apparel,False,other,False,False,5000.0,1300.0,store_only,1,South Korea,South Korea,,,https://www.cpsc.gov/Recalls/2005/CPSC-Maytag-Corp-Announce-Recall-of-Washing-Machines
3137,06001,2005-10-06,2005,"CPSC, Adjmi Apparel Group Announce Recall of Reebok Children's Fleece Pullover/Pant Sets",apparel,True,choking_small_parts,False,False,61000.0,26.5,store_only,2,Taiwan;China,Taiwan,,,https://www.cpsc.gov/Recalls/2006/CPSC-Adjmi-Apparel-Group-Announce-Recall-of-Reebok-Childrens-Fleece-PulloverPant-Sets
3142,06008,2005-10-18,2005,"CPSC, Stihl Inc. Announce Recall of Backpack Blowers",apparel,False,other,False,False,6230.0,450.0,store_only,1,United States,United States,,,https://www.cpsc.gov/Recalls/2006/CPSC-Stihl-Inc-Announce-Recall-of-Backpack-Blowers
3380,06511,2005-11-17,2005,"CPSC, American Public Company Announce Recall of Boys' Hooded Sweatshirts with Drawstrings Sold by J.C. Penney",apparel,True,drawstring_strangulation,False,True,3400.0,25.0,unknown,1,Pakistan,Pakistan,,,https://www.cpsc.gov/Recalls/2006/CPSC-American-Public-Company-Announce-Recall-of-Boys-Hooded-Sweatshirts-with-Drawstrings-Sold-by-JC-Penney-
3172,06047,2005-12-08,2005,"CPSC, J & F Design Inc. Announce Recall of Girl's Sleepwear Sold at J.C. Penney Stores",apparel,True,flammability_burn,False,True,18800.0,15.0,store_only,1,China,China,,,https://www.cpsc.gov/Recalls/2006/CPSC-J--F-Design-Inc-Announce-Recall-of-Girls-Sleepwear-Sold-at-JC-Penney-Stores-
3387,06518,2005-12-16,2005,"CPSC, Black Diamond Equipment Announce Recall of Scarpa T2X Telemark Ski Boots",apparel,False,other,False,False,2300.0,560.0,store_only,1,Italy,Italy,,,https://www.cpsc.gov/Recalls/2006/CPSC-Black-Diamond-Equipment-Announce-Recall-of-Scarpa-T2X-Telemark-Ski-Boots
3187,06065,2006-01-12,2006,"CPSC, Hurley International Announce Recall of Boy's Hooded Jackets with Drawstrings",apparel,True,drawstring_strangulation,False,True,330.0,55.0,store_only,1,Hong Kong,Hong Kong,,,https://www.cpsc.gov/Recalls/2006/CPSC-Hurley-International-Announce-Recall-of-Boys-Hooded-Jackets-with-Drawstrings
3191,06070,2006-01-19,2006,"Mizuno USA, Inc. Recalls ""Gamer"" Baseball Gloves Due to Chance of Infection in At-Risk Consumers",apparel,False,other,False,False,12800.0,80.0,store_only,1,Philippines,Philippines,,,https://www.cpsc.gov/Recalls/2006/Mizuno-USA-Inc-Recalls-Gamer-Baseball-Gloves-Due-to-Chance-of-Infection-in-At-Risk-Consumers
3192,06071,2006-01-24,2006,"CPSC, L.L. Bean Announce Recall of Safety Kits",apparel,False,other,False,True,4100.0,40.0,store_only,1,United States,United States,,,https://www.cpsc.gov/Recalls/2006/CPSC-LL-Bean-Announce-Recall-of-Safety-Kits
3206,06088,2006-02-15,2006,Black Dog Children's Hooded Sweatshirts with Drawstrings Recalled for Strangulation Hazard,apparel,True,drawstring_strangulation,False,True,9700.0,40.0,store_only,2,Canada;China,Canada,,,https://www.cpsc.gov/Recalls/2006/Black-Dog-Childrens-Hooded-Sweatshirts-with-Drawstrings-Recalled-for-Strangulation-Hazard
3228,06113,2006-03-15,2006,Jordache Ltd. Recalls Youth Hooded Sweatshirt with Drawstring for Strangulation Hazard,apparel,True,drawstring_strangulation,False,False,30000.0,40.0,store_only,1,China,China,,,https://www.cpsc.gov/Recalls/2006/Jordache-Ltd-Recalls-Youth-Hooded-Sweatshirt-with-Drawstring-for-Strangulation-Hazard
3233,06119,2006-03-23,2006,Reebok Recalls Bracelet Linked to Child's Lead Poisoning Death,apparel,True,chemical,False,True,300000.0,41.5,store_only,1,China,China,,,https://www.cpsc.gov/Recalls/2006/Reebok-Recalls-Bracelet-Linked-to-Childs-Lead-Poisoning-Death
3244,06132,2006-04-05,2006,LandRoller Inc. Recalls to Repair Roller Skates,apparel,False,fall_slip,False,False,1400.0,250.0,store_only,1,Thailand,Thailand,,,https://www.cpsc.gov/Recalls/2006/LandRoller-Inc-Recalls-to-Repair-Roller-Skates
3415,06546,2006-04-25,2006,"CPSC, Rocky Shoes & Boots, Inc. Announce Recall of Men's Safety-Toe Hiker Boots",apparel,False,other,False,False,1300.0,95.0,store_only,1,China,China,,,https://www.cpsc.gov/Recalls/2006/CPSC-Rocky-Shoes--Boots-Inc-Announce-Recall-of-Mens-Safety-Toe-Hiker-Boots
3267,06156,2006-05-05,2006,Metal Charms Sold with Twentieth Century Fox DVDs Recalled for Toxic Lead Hazard,apparel,True,chemical,False,False,730000.0,15.0,store_only,1,China,China,,,https://www.cpsc.gov/Recalls/2006/Metal-Charms-Sold-with-Twentieth-Century-Fox-DVDs-Recalled-for-Toxic-Lead-Hazard-
3270,06160,2006-05-10,2006,Juicy Couture Children's Jewelry Recalled for Lead Poisoning Hazard,apparel,True,chemical,False,True,2800.0,95.0,store_only,1,China,China,,,https://www.cpsc.gov/Recalls/2006/Juicy-Couture-Childrens-Jewelry-Recalled-for-Lead-Poisoning-Hazard
3294,06186,2006-06-13,2006,H&M Announces Recall of Girls' Water Shoes for Fall Hazard,apparel,True,fall_slip,False,True,1900.0,8.0,store_only,1,China,China,,,https://www.cpsc.gov/Recalls/2006/HM-Announces-Recall-of-Girls-Water-Shoes-for-Fall-Hazard
3298,06190,2006-06-15,2006,Nine West Footwear Corporation Recalls Sandals for Laceration Hazard,apparel,True,laceration_puncture,False,True,6700.0,12.0,store_only,1,China,China,,,https://www.cpsc.gov/Recalls/2006/Nine-West-Footwear-Corporation-Recalls-Sandals-for-Laceration-Hazard
3300,06193,2006-06-22,2006,Adjmi Apparel Group Recalls Reebok Children's Windsuits for Choking Hazard,apparel,True,choking_small_parts,False,False,55000.0,25.0,store_only,1,Bangladesh,Bangladesh,,,https://www.cpsc.gov/Recalls/2006/Adjmi-Apparel-Group-Recalls-Reebok-Childrens-Windsuits-for-Choking-Hazard
3330,06228,2006-08-09,2006,Quiksilver Recalls Children's Lounge Pants Due to Burn Hazard,apparel,True,flammability_burn,False,False,48000.0,35.0,store_only,3,United States;India;Macau,United States,,,https://www.cpsc.gov/Recalls/2006/Quiksilver-Recalls-Childrens-Lounge-Pants-Due-to-Burn-Hazard
3348,06248,2006-08-30,2006,Pool Toys Recalled by Wild Planet Toys Due to Risk of Impalement Injury to Children,apparel,True,other,False,True,273000.0,9.5,mixed,1,China,China,,,https://www.cpsc.gov/Recalls/2006/Pool-Toys-Recalled-by-Wild-Planet-Toys-Due-to-Risk-of-Impalement-Injury-to-Children
3447,06578,2006-09-14,2006,True Religion Recalls Children's Sweatshirts with Drawstrings Due to Strangulation Hazard; Sold Exclusively by Neiman Marcus,apparel,True,drawstring_strangulation,False,True,150.0,106.0,store_only,1,Mexico,Mexico,,,https://www.cpsc.gov/Recalls/2006/True-Religion-Recalls-Childrens-Sweatshirts-with-Drawstrings-Due-to-Strangulation-Hazard-Sold-Exclusively-by-Neiman-Marcus
3362,06263,2006-09-20,2006,The Cayre Group Recalls Hooded Sweatshirts with Drawstrings Sold at Kohl's for Strangulation Hazard,apparel,True,drawstring_strangulation,False,True,4500.0,28.0,mixed,1,Philippines,Philippines,,,https://www.cpsc.gov/Recalls/2006/The-Cayre-Group-Recalls-Hooded-Sweatshirts-with-Drawstrings-Sold-at-Kohls-for-Strangulation-Hazard
3463,07007,2006-10-17,2006,Decathlon USA Announces Recall of Quechua Tents and Canopies Due to Flammability Hazard,apparel,False,flammability_burn,False,False,22000.0,82.5,mixed,1,China,China,,,https://www.cpsc.gov/Recalls/2007/Decathlon-USA-Announces-Recall-of-Quechua-Tents-and-Canopies-Due-to-Flammability-Hazard
3468,07013,2006-10-24,2006,Halloween Pumpkin Decoration Kits Sold at Target Stores Recalled by Paper Magic Group Due to Choking Hazard,apparel,True,choking_small_parts,False,True,97000.0,5.0,store_only,1,China,China,,,https://www.cpsc.gov/Recalls/2007/Halloween-Pumpkin-Decoration-Kits-Sold-at-Target-Stores-Recalled-by-Paper-Magic-Group-Due-to-Choking-Hazard
3470,07015,2006-10-25,2006,Wal-Mart Recalls Minnie Mouse Cardigan Sets Due to Strangulation Hazard,apparel,False,drawstring_strangulation,False,True,14000.0,15.0,store_only,1,China,China,,,https://www.cpsc.gov/Recalls/2007/Wal-Mart-Recalls-Minnie-Mouse-Cardigan-Sets-Due-to-Strangulation-Hazard
3783,07510,2006-11-30,2006,Dollar Days International Recalls Children's Parka Jackets with Drawstrings for Strangulation Hazard,apparel,True,drawstring_strangulation,False,False,180.0,8.75,mixed,1,Vietnam,Vietnam,,,https://www.cpsc.gov/Recalls/2007/Dollar-Days-International-Recalls-Childrens-Parka-Jackets-with-Drawstrings-for-Strangulation-Hazard
3499,07050,2006-12-13,2006,"See Kai Run Brand Children's Boots Recalled, Snaps Pose Choking Hazard",apparel,True,choking_small_parts,False,True,6.0,40.0,store_only,1,China,China,,,https://www.cpsc.gov/Recalls/2007/See-Kai-Run-Brand-Childrens-Boots-Recalled-Snaps-Pose-Choking-Hazard
3507,07058,2006-12-14,2006,Wal-Mart Recalls Stuffed Christmas Beagles Due to Choking Hazard,apparel,False,choking_small_parts,False,False,56000.0,3.0,store_only,1,China,China,,,https://www.cpsc.gov/Recalls/2007/Wal-Mart-Recalls-Stuffed-Christmas-Beagles-Due-to-Choking-Hazard
3786,07513,2006-12-19,2006,Celebrate Express Inc. Recalls Gigantic Gemstone Ring Party Favors Due to Lead Poisoning Hazard,apparel,True,chemical,False,False,194000.0,1.5,store_only,1,China,China,,,https://www.cpsc.gov/Recalls/2007/Celebrate-Express-Inc-Recalls-Gigantic-Gemstone-Ring-Party-Favors-Due-to-Lead-Poisoning-Hazard
3789,07516,2007-01-05,2007,"Samara Brothers Recalls Children's Two-Piece Overall Sets, Snaps Contain Lead",apparel,True,chemical,False,True,200.0,20.0,store_only,1,China,China,,,https://www.cpsc.gov/Recalls/2007/Samara-Brothers-Recalls-Childrens-Two-Piece-Overall-Sets-Snaps-Contain-Lead
3794,07521,2007-01-22,2007,"Weil-McLain Co. Recalls Boilers for Leaking Exhaust, Carbon Monoxide",apparel,False,chemical,False,False,171.0,4400.0,unknown,1,United States,United States,,,https://www.cpsc.gov/Recalls/2012/Weil-McLain-Co-Recalls-Boilers-for-Leaking-Exhaust-Carbon-Monoxide
3542,07100,2007-02-08,2007,Toddler Pants Sets Sold Exclusively at Meijer Stores Recalled for Choking Hazard,apparel,True,choking_small_parts,False,False,1800.0,20.0,store_only,1,Philippines,Philippines,,,https://www.cpsc.gov/Recalls/2007/Toddler-Pants-Sets-Sold-Exclusively-at-Meijer-Stores-Recalled-for-Choking-Hazard
3547,07105,2007-02-15,2007,"Fisher-Price Recalls ""Laugh and Learn"" Bunny Toys Due to Choking Hazard",apparel,False,choking_small_parts,False,False,500000.0,15.0,store_only,1,China,China,,,https://www.cpsc.gov/Recalls/2007/Fisher-Price-Recalls-Laugh-and-Learn-Bunny-Toys-Due-to-Choking-Hazard
3549,07108,2007-02-21,2007,Tankless Water Heaters Recalled for Repair Due to Carbon Monoxide Poisoning Hazard,apparel,False,chemical,False,False,42200.0,1050.0,store_only,1,Japan,Japan,,,https://www.cpsc.gov/Recalls/2007/Tankless-Water-Heaters-Recalled-for-Repair-Due-to-Carbon-Monoxide-Poisoning-Hazard
3806,07533,2007-03-08,2007,Nordstrom Recalls Children's Flannel Lounge Pants Due to Burn Hazard,apparel,True,flammability_burn,False,False,78000.0,15.0,store_only,1,India,India,,,https://www.cpsc.gov/Recalls/2007/Nordstrom-Recalls-Childrens-Flannel-Lounge-Pants-Due-to-Burn-Hazard
3561,07121,2007-03-08,2007,"H & M Recalls Boys' Jackets Due to Choking, Poisoning Hazards",apparel,True,choking_small_parts,False,False,2700.0,30.0,store_only,1,China,China,,,https://www.cpsc.gov/Recalls/2007/H--M-Recalls-Boys-Jackets-Due-to-Choking-Poisoning-Hazards
3564,07125,2007-03-13,2007,Children's Necklaces Sold Exclusively at Accessories Palace Recalled by United Imports Due to Lead Poisoning Hazard,apparel,True,chemical,False,False,3600.0,1.0,online_only,1,China,China,,,https://www.cpsc.gov/Recalls/2007/Childrens-Necklaces-Sold-Exclusively-at-Accessories-Palace-Recalled-by-United-Imports-Due-to-Lead-Poisoning-Hazard
3809,07536,2007-03-19,2007,Hanna Andersson Recalls Children's Loungewear Due to Burn Hazard,apparel,True,flammability_burn,False,False,12300.0,35.0,store_only,1,Peru,Peru,,,https://www.cpsc.gov/Recalls/2007/Hanna-Andersson-Recalls-Childrens-Loungewear-Due-to-Burn-Hazard
3812,07539,2007-03-27,2007,"QVC Inc. Recalls ""Quacker Factory"" Robes for Burn Hazard",apparel,False,flammability_burn,False,False,15000.0,46.0,store_only,1,China,China,,cotton,https://www.cpsc.gov/Recalls/2007/QVC-Inc-Recalls-Quacker-Factory-Robes-for-Burn-Hazard
3813,07540,2007-04-03,2007,Mastex Recalls Foot Warmer Due to Burn Hazard,home_textile,False,flammability_burn,False,False,3000.0,40.0,store_only,1,United States,United States,,,https://www.cpsc.gov/Recalls/2012/Mastex-Recalls-Foot-Warmer-Due-to-Burn-Hazard
3593,07156,2007-04-17,2007,Disney Store Recalls Children's Footed Pajamas Due to Burn Hazard,apparel,True,flammability_burn,False,False,200.0,20.0,store_only,1,China,China,,,https://www.cpsc.gov/Recalls/2007/Disney-Store-Recalls-Childrens-Footed-Pajamas-Due-to-Burn-Hazard
3595,07158,2007-04-17,2007,"Life is good® Children's Sweatshirts Recalled by RedEnvelope; Garments Have Drawstrings, Pose Strangulation Hazard",apparel,True,drawstring_strangulation,False,False,1200.0,35.0,online_only,1,China,China,,,https://www.cpsc.gov/Recalls/2007/Life-is-good-Childrens-Sweatshirts-Recalled-by-RedEnvelope-Garments-Have-Drawstrings-Pose-Strangulation-Hazard
3605,07171,2007-05-02,2007,Payless ShoeSource Recalls Children's Clog Shoes Due to Choking Hazard,apparel,True,choking_small_parts,False,False,690000.0,115.0,store_only,1,China,China,,,https://www.cpsc.gov/Recalls/2007/Payless-ShoeSource-Recalls-Childrens-Clog-Shoes-Due-to-Choking-Hazard
3619,07188,2007-05-15,2007,High Lead Levels Prompt Recall of Children's Metal Jewelry By Spandrel Sales and Marketing Due to Lead Poisoning Hazard,apparel,True,chemical,False,False,200000.0,,store_only,1,China,China,,,https://www.cpsc.gov/Recalls/2007/High-Lead-Levels-Prompt-Recall-of-Childrens-Metal-Jewelry-By-Spandrel-Sales-and-Marketing-Due-to-Lead-Poisoning-Hazard
3822,07549,2007-05-16,2007,Troy-Bilt Recalls Children's Gardening Gloves Due to Lead Poisoning Hazard,apparel,True,chemical,False,False,80.0,50.0,online_only,1,China,China,,,https://www.cpsc.gov/Recalls/2007/Troy-Bilt-Recalls-Childrens-Gardening-Gloves-Due-to-Lead-Poisoning-Hazard
3821,07548,2007-05-16,2007,Samara Brothers Recalls Boys' Three-Piece Shorts Set Due to Choking Hazard,apparel,True,choking_small_parts,False,True,720.0,14.0,store_only,1,Bangladesh,Bangladesh,,,https://www.cpsc.gov/Recalls/2007/Samara-Brothers-Recalls-Boys-Three-Piece-Short-Set-Due-to-Choking-Hazard
3618,07187,2007-05-17,2007,Mervyns Recalls Children's Capri Pants Due to Choking Hazard; Sold Exclusively at Mervyn's Stores,apparel,True,choking_small_parts,False,False,228000.0,20.0,store_only,1,Bangladesh,Bangladesh,,cotton,https://www.cpsc.gov/Recalls/2007/Mervyns-Recalls-Childrens-Capri-Pants-Due-to-Choking-Hazard-Sold-Exclusively-at-Mervyns-Stores
3827,07554,2007-05-30,2007,"K2 Sports Recalls Marker M1 Demo Ski Bindings Due to Unexpected Release, Fall Hazard",apparel,False,fall_slip,False,True,7400.0,,store_only,2,Germany;Czech Republic,Germany,,,https://www.cpsc.gov/Recalls/2007/K2-Sports-Recalls-Marker-M1-Demo-Ski-Bindings-Due-to-Unexpected-Release-Fall-Hazard-
3637,07208,2007-06-07,2007,First Birthday Party Hats Recalled by Creative Expressions Due to Choking Hazard,apparel,True,choking_small_parts,False,True,43100.0,4.0,store_only,1,China,China,,,https://www.cpsc.gov/Recalls/2007/First-Birthday-Party-Hats-Recalled-by-Creative-Expressions-Due-to-Choking-Hazard
3643,07214,2007-06-14,2007,Children's Jeweled Sandals Sold by Nordstrom Recalled Due to Choking Hazard,apparel,True,choking_small_parts,False,False,1800.0,27.0,mixed,1,China,China,,,https://www.cpsc.gov/Recalls/2007/Childrens-Jeweled-Sandals-Sold-by-Nordstrom-Recalled-Due-to-Choking-Hazard
3644,07215,2007-06-14,2007,Choking Hazard Prompts Nordstrom Recall of Children's Jackets,apparel,True,choking_small_parts,False,False,1900.0,35.0,store_only,1,China,China,,,https://www.cpsc.gov/Recalls/2007/Choking-Hazard-Prompts-Nordstrom-Recall-of-Childrens-Jackets
3657,07232,2007-07-05,2007,Children's Metal Jewelry Recalled by Future Industries Due to Lead Poisoning Hazard,apparel,True,chemical,False,False,20000.0,1.0,store_only,1,China,China,,,https://www.cpsc.gov/Recalls/2007/Childrens-Metal-Jewelry-Recalled-by-Future-Industries-Due-to-Lead-Poisoning-Hazard
3661,07236,2007-07-17,2007,Payless ShoeSource Expands Recall of Children's Clog Shoes Due to Choking Hazard,apparel,True,choking_small_parts,False,False,270000.0,17.5,mixed,1,China,China,,,https://www.cpsc.gov/Recalls/2007/Payless-ShoeSource-Expands-Recall-of-Childrens-Clog-Shoes-Due-to-Choking-Hazard
3836,07563,2007-07-26,2007,Coldwater Creek Recalls Sweaters Due to Burn Hazard,apparel,False,flammability_burn,False,True,3500.0,62.0,online_only,1,Hong Kong,Hong Kong,,,https://www.cpsc.gov/Recalls/2007/Coldwater-Creek-Recalls-Sweaters-Due-to-Burn-Hazard
3683,07261,2007-08-03,2007,The Orvis Company Recalls Children's Toys Sold with Sleeping Bags Due to Choking Hazard,apparel,True,choking_small_parts,False,False,220.0,70.0,unknown,1,China,China,,,https://www.cpsc.gov/Recalls/2007/The-Orvis-Company-Recalls-Childrens-Toys-Sold-with-Sleeping-Bags-Due-to-Choking-Hazard
3841,07568,2007-08-03,2007,Sandal Clogs Recalled by Hanna Andersson Due to Fall Hazard,apparel,False,fall_slip,False,True,3900.0,53.0,store_only,1,Sweden,Sweden,,,https://www.cpsc.gov/Recalls/2007/Sandal-Clogs-Recalled-by-Hanna-Andersson-Due-to-Fall-Hazard-
3691,07269,2007-08-14,2007,Mattel Recalls Batman™ and One Piece™ Magnetic Action Figure Sets Due To Magnets Coming Loose,apparel,False,fall_slip,False,False,345000.0,11.0,store_only,1,China,China,,,https://www.cpsc.gov/Recalls/2007/Mattel-Recalls-Batman-and-One-Piece-Magnetic-Action-Figure-Sets-Due-To-Magnets-Coming-Loose
3704,07284,2007-08-23,2007,Basic Editions Girls' Clothing Sets Recalled by Kmart; Drawstrings at Waist Pose Entrapment Hazard,apparel,True,drawstring_strangulation,False,True,4700.0,11.5,store_only,1,Egypt,Egypt,,,https://www.cpsc.gov/Recalls/2007/Basic-Editions-Girls-Clothing-Sets-Recalled-by-Kmart-Drawstrings-at-Waist-Pose-Entrapment-Hazard
3711,07291,2007-08-28,2007,Wolverine Recalls Caterpillar Logger Boots; Can Pose Shock Hazard To User Due to Mislabeling,apparel,False,other,False,False,9500.0,110.0,store_only,1,China,China,,,https://www.cpsc.gov/Recalls/2007/Wolverine-Recalls-Caterpillar-Logger-Boots-Can-Pose-Shock-Hazard-To-User-Due-to-Mislabeling
3714,07294,2007-08-29,2007,Paramount Apparel International Recalls Youth Hats Due to Strangulation Hazard; Product Sold Exclusively at Bass Pro Shops,apparel,True,drawstring_strangulation,False,True,500.0,8.0,store_only,1,China,China,,,https://www.cpsc.gov/Recalls/2007/Paramount-Apparel-International-Recalls-Youth-Hats-Due-to-Strangulation-Hazard-Product-Sold-Exclusively-at-Bass-Pro-Shops
3846,07573,2007-08-30,2007,Children's Hooded Sweatshirts with Drawstrings Recalled Due to Strangulation Hazard,apparel,True,drawstring_strangulation,False,False,400.0,45.0,store_only,1,China,China,,,https://www.cpsc.gov/Recalls/2007/Childrens-Hooded-Sweatshirts-with-Drawstrings-Recalled-Due-to-Strangulation-Hazard
4493,08500,2007-10-02,2007,Timberland Recalls Steel Toe Boots Due to Foot Injury Hazard,apparel,False,protective_failure,False,False,193000.0,102.5,store_only,1,Dominican Republic,Dominican Republic,,,https://www.cpsc.gov/Recalls/2008/Timberland-Recalls-Steel-Toe-Boots-Due-to-Foot-Injury-Hazard
4050,08034,2007-10-18,2007,Payless ShoeSource Recalls Girls' Boots Due to Fall Hazard,apparel,True,fall_slip,False,True,90000.0,27.0,mixed,1,China,China,,,https://www.cpsc.gov/Recalls/2008/Payless-ShoeSource-Recalls-Girls-Boots-Due-to-Fall-Hazard
4097,08088,2007-11-21,2007,Metal Jewelry Sold by Family Dollar Stores Recalled Due to Risk of Lead Exposure to Children,apparel,True,chemical,False,False,205000.0,1.25,store_only,1,China,China,,,https://www.cpsc.gov/Recalls/2008/Metal-Jewelry-Sold-by-Family-Dollar-Stores-Recalled-Due-to-Risk-of-Lead-Exposure-to-Children
4130,08108,2007-12-03,2007,Old Navy Recalls Boys' Jackets; Drawstring at Waist Poses Entrapment Hazard,apparel,True,drawstring_strangulation,False,False,17200.0,30.0,mixed,1,Indonesia,Indonesia,,,https://www.cpsc.gov/Recalls/2008/Old-Navy-Recalls-Boys-Jackets-Drawstring-at-Waist-Poses-Entrapment-Hazard
4138,08116,2007-12-06,2007,TKS Children's Pants Recalled by Sears; Drawstrings at Waist Pose Entrapment Hazard,apparel,True,entrapment_entanglement,False,False,6100.0,16.0,store_only,1,China,China,,,https://www.cpsc.gov/Recalls/2008/TKS-Childrens-Pants-Recalled-by-Sears-Drawstrings-at-Waist-Pose-Entrapment-Hazard
4143,08121,2007-12-06,2007,Boys' Hooded Sweatshirts with Drawstrings Recalled by Scope Apparel Due to Strangulation Hazard,apparel,True,drawstring_strangulation,False,False,72000.0,30.0,store_only,4,Bangladesh;India;China;Pakistan,Bangladesh,,,https://www.cpsc.gov/Recalls/2008/Boys-Hooded-Sweatshirts-with-Drawstrings-Recalled-by-Scope-Apparel-Due-to-Strangulation-Hazard
4139,08117,2007-12-06,2007,Basic Editions Girls' Clothing Sets Recalled by Kmart; Drawstrings at Waist Pose Entrapment Hazard,apparel,True,drawstring_strangulation,False,False,13000.0,17.0,store_only,1,Pakistan,Pakistan,,,https://www.cpsc.gov/Recalls/2008/Basic-Editions-Girls-Clothing-Sets-Recalled-by-Kmart-Drawstrings-at-Waist-Pose-Entrapment-Hazard
4165,08146,2007-12-21,2007,Girls' Hooded Sweatshirts with Drawstrings Recalled by Liberty Apparel Due to Strangulation Hazard,apparel,True,drawstring_strangulation,False,False,12000.0,10.0,store_only,1,India,India,,,https://www.cpsc.gov/Recalls/2008/Girls-Hooded-Sweatshirts-with-Drawstrings-Recalled-by-Liberty-Apparel-Due-to-Strangulation-Hazard
4171,08152,2007-12-27,2007,Gap Outlet Recalls Boys' Jackets; Drawstring at Waist Poses Entrapment Hazard,apparel,True,drawstring_strangulation,False,False,16200.0,50.0,store_only,1,Indonesia,Indonesia,,,https://www.cpsc.gov/Recalls/2008/Gap-Outlet-Recalls-Boys-Jackets-Drawstring-at-Waist-Poses-Entrapment-Hazard
4563,08541,2008-01-31,2008,RR Donnelley Recalls Classroom Reading and Math Aids Due to Violation of Lead Paint Standard,apparel,False,chemical,True,False,185000.0,,store_only,1,China,China,,,https://www.cpsc.gov/Recalls/2008/RR-Donnelley-Recalls-Classroom-Reading-and-Math-Aids-Due-to-Violation-of-Lead-Paint-Standard
4192,08177,2008-01-31,2008,Girls' Hooded Jackets with Drawstrings Sold Exclusively at Marshalls Stores Recalled by Apollo Jeans Due to Strangulation Hazard,apparel,True,drawstring_strangulation,False,False,14000.0,15.0,store_only,1,South Korea,South Korea,,,https://www.cpsc.gov/Recalls/2008/Girls-Hooded-Jackets-with-Drawstrings-Sold-Exclusively-at-Marshalls-Stores-Recalled-by-Apollo-Jeans-Due-to-Strangulation-Hazard
4204,08192,2008-02-13,2008,Boys' Hooded Sweatshirts with Drawstrings Recalled by Siegfried & Parzifal Due to Strangulation Hazard,apparel,True,drawstring_strangulation,False,False,5000.0,50.0,store_only,1,China,China,,,https://www.cpsc.gov/Recalls/2008/Boys-Hooded-Sweatshirts-with-Drawstrings-Recalled-by-Siegfried--Parzifal-Due-to-Strangulation-Hazard
4246,08217,2008-03-11,2008,Children's Hooded Sweatshirts Recalled by Urgent Gear Due to Strangulation Hazard; Sold Exclusively at Nordstrom Stores,apparel,True,drawstring_strangulation,False,False,700.0,50.0,store_only,1,China,China,,cotton,https://www.cpsc.gov/Recalls/2008/Childrens-Hooded-Sweatshirts-Recalled-by-Urgent-Gear-Due-to-Strangulation-Hazard-Sold-Exclusively-at-Nordstrom-Stores
4259,08233,2008-03-27,2008,Plush Rocker Toys Recalled By Tek Nek Toys Due to Fall Hazard,apparel,True,fall_slip,False,True,122000.0,30.0,mixed,1,China,China,,,https://www.cpsc.gov/Recalls/2008/Plush-Rocker-Toys-Recalled-By-Tek-Nek-Toys-Due-to-Fall-Hazard
4576,08554,2008-03-27,2008,Avon Products Recalls Plush Warming Polar Bears Due to Fire and Burn Hazards,apparel,False,flammability_burn,False,True,113000.0,13.0,online_only,1,China,China,,,https://www.cpsc.gov/Recalls/2008/Avon-Products-Recalls-Plush-Warming-Polar-Bears-Due-to-Fire-and-Burn-Hazards
4264,08238,2008-04-02,2008,Children's Hooded Sweatshirts Recalled by Brents-Riordan Inc. Due to Strangulation Hazard,apparel,True,drawstring_strangulation,False,False,7400.0,25.0,store_only,1,China,China,,,https://www.cpsc.gov/Recalls/2008/Childrens-Hooded-Sweatshirts-Recalled-by-Brents-Riordan-Inc-Due-to-Strangulation-Hazard
4275,08249,2008-04-16,2008,Push Toys Recalled by Santa's Toy Corp. Due to Violation of Lead Paint Standard,apparel,False,chemical,True,False,9000.0,2.75,store_only,1,China,China,,,https://www.cpsc.gov/Recalls/2008/Push-Toys-Recalled-by-Santas-Toy-Corp-Due-to-Violation-of-Lead-Paint-Standard-
4585,08563,2008-04-24,2008,Infant Santa Outfits Recalled by Avon Products Due to Choking Hazard; Sold in Puerto Rico and U.S. Virgin Islands,apparel,True,choking_small_parts,False,False,17000.0,15.0,unknown,1,China,China,,,https://www.cpsc.gov/Recalls/2008/Infant-Santa-Outfits-Recalled-by-Avon-Products-Due-to-Choking-Hazard-Sold-in-Puerto-Rico-and-US-Virgin-Islands
4293,08272,2008-05-20,2008,Master Toys & Novelties Inc. Recalls Little Rider Toys Due to Violation of Lead Paint Standard,apparel,False,chemical,True,False,6000.0,6.0,store_only,1,China,China,,,https://www.cpsc.gov/Recalls/2008/Master-Toys--Novelties-Inc-Recalls-Little-Rider-Toys-Due-to-Violation-of-Lead-Paint-Standard
4308,08288,2008-05-28,2008,Children's Hooded Sweatshirts Recalled by Adio Footwear Due to Strangulation Hazard,apparel,True,drawstring_strangulation,False,False,300.0,40.0,store_only,1,China,China,,,https://www.cpsc.gov/Recalls/2008/Childrens-Hooded-Sweatshirts-Recalled-by-Adio-Footwear-Due-to-Strangulation-Hazard
4317,08298,2008-06-05,2008,Children's Animal Tracking Explorer Kit Recalled by MindWare; Contains Chemical That Irritates Skin and Eyes,apparel,True,chemical,False,False,2200.0,25.0,online_only,1,China,China,,,https://www.cpsc.gov/Recalls/2008/Childrens-Animal-Tracking-Explorer-Kit-Recalled-by-MindWare-Contains-Chemical-That-Irritates-Skin-and-Eyes
4326,08302,2008-06-10,2008,The Children's Place Recalls Camouflage Pajama Sets Due to Excessive Lead,apparel,True,chemical,False,False,28000.0,16.0,mixed,1,Vietnam,Vietnam,,,https://www.cpsc.gov/Recalls/2008/The-Childrens-Place-Recalls-Camouflage-Pajama-Sets-Due-to-Excessive-Lead
4335,08304,2008-06-12,2008,Children's Overalls Recalled by Sara Lynn Togs Due to Choking Hazard,apparel,True,choking_small_parts,False,False,1800.0,35.0,store_only,2,Peru;China,Peru,,,https://www.cpsc.gov/Recalls/2008/Childrens-Overalls-Recalled-by-Sara-Lynn-Togs-Due-to-Choking-Hazard
4353,08311,2008-06-24,2008,Nordstrom Recalls Girls' Sandals Due to Choking Hazard,apparel,True,choking_small_parts,False,False,1500.0,30.0,store_only,1,China,China,,,https://www.cpsc.gov/Recalls/2008/Nordstrom-Recalls-Girls-Sandals-Due-to-Choking-Hazard
4366,08324,2008-07-03,2008,Children's Jewelry Recalled by Bead Bazaar USA Due to Risk of Lead Exposure,apparel,True,chemical,False,False,13000.0,6.0,store_only,1,China,China,,,https://www.cpsc.gov/Recalls/2008/Childrens-Jewelry-Recalled-by-Bead-Bazaar-USA-Due-to-Risk-of-Lead-Exposure
4368,08326,2008-07-10,2008,Parragon Books Recalls Children's Necklaces Due to Risk of Lead Exposure,apparel,True,chemical,False,True,500000.0,7.0,store_only,1,China,China,,,https://www.cpsc.gov/Recalls/2008/Parragon-Books-Recalls-Childrens-Necklaces-Due-to-Risk-of-Lead-Exposure
4395,08357,2008-08-06,2008,Children's Hooded Sweatshirts with Drawstrings Recalled by Request Jeans Due to Strangulation Hazard,apparel,True,drawstring_strangulation,False,False,1200.0,36.0,store_only,1,China,China,,,https://www.cpsc.gov/Recalls/2008/Childrens-Hooded-Sweatshirts-with-Drawstrings-Recalled-by-Request-Jeans-Due-to-Strangulation-Hazard
4418,08383,2008-09-02,2008,Hooded Sweaters Recalled by Empress Arts; Children Can Strangle on Drawstrings,apparel,True,drawstring_strangulation,False,False,130.0,36.5,store_only,1,China,China,,,https://www.cpsc.gov/Recalls/2008/Hooded-Sweaters-Recalled-by-Empress-Arts-Children-Can-Strangle-on-Drawstrings
4421,08386,2008-09-03,2008,Circo Children's Bobbie Socks Recalled Due to Choking Hazard; Sold Exclusively at Target,apparel,True,choking_small_parts,False,False,330000.0,6.0,store_only,1,Hong Kong,Hong Kong,,,https://www.cpsc.gov/Recalls/2008/Circo-Childrens-Bobbie-Socks-Recalled-Due-to-Choking-Hazard-Sold-Exclusively-at-Target
4914,09006,2008-10-08,2008,Rack Room Shoes Recalls Girls' Sandals Due to Choking Hazard,apparel,True,choking_small_parts,False,False,11000.0,25.0,store_only,1,China,China,,,https://www.cpsc.gov/Recalls/2009/Rack-Room-Shoes-Recalls-Girls-Sandals-Due-to-Choking-Hazard
5007,09047,2008-11-19,2008,Children's Hooded Jackets with Drawstrings Recalled by R&D International Due to Strangulation Hazard,apparel,True,drawstring_strangulation,False,False,1500.0,45.0,store_only,2,Peru;Indonesia,Peru,,,https://www.cpsc.gov/Recalls/2009/Childrens-Hooded-Jackets-with-Drawstrings-Recalled-by-RD-International-Due-to-Strangulation-Hazard
5015,09056,2008-11-25,2008,JCPenney Recalls Arizona® Newborn and Infant Pants Due to Choking Hazard,apparel,True,choking_small_parts,False,False,24000.0,15.0,mixed,1,Bangladesh,Bangladesh,,,https://www.cpsc.gov/Recalls/2009/JCPenney-Recalls-Arizona-Newborn-and-Infant-Pants-Due-to-Choking-Hazard
5018,09059,2008-12-03,2008,Doll Clothing Sets Recalled by Manhattan Group Due to Violation of Lead Paint Standard,apparel,False,chemical,True,False,9200.0,12.0,mixed,1,Indonesia,Indonesia,,,https://www.cpsc.gov/Recalls/2009/Doll-Clothing-Sets-Recalled-by-Manhattan-Group-Due-to-Violation-of-Lead-Paint-Standard
5950,09711,2008-12-04,2008,Meijer Inc. Recalls Toddler Girl's Hat and Mitten Sets Due to Choking Hazard,apparel,True,choking_small_parts,False,False,100.0,12.0,store_only,1,China,China,,,https://www.cpsc.gov/Recalls/2009/Meijer-Inc-Recalls-Toddler-Girls-Hat-and-Mitten-Sets-Due-to-Choking-Hazard
5026,09071,2008-12-18,2008,Children's Jewelry Sold Exclusively in Hawaii Recalled by Aloha 808 Trading Due to Risk of Lead Exposure,apparel,True,chemical,False,False,12800.0,3.5,store_only,1,China,China,,,https://www.cpsc.gov/Recalls/2009/Childrens-Jewelry-Sold-Exclusively-in-Hawaii-Recalled-by-Aloha-808-Trading-Due-to-Risk-of-Lead-Exposure
5027,09072,2008-12-23,2008,Foursquare Recalls Hooded Youth Jackets with Drawstrings Due to Strangulation Hazard,apparel,True,drawstring_strangulation,False,False,12800.0,125.0,store_only,1,Taiwan,Taiwan,,,https://www.cpsc.gov/Recalls/2009/Foursquare-Recalls-Hooded-Youth-Jackets-with-Drawstrings-Due-to-Strangulation-Hazard
5057,09103,2009-01-22,2009,Mad Dog Concepts Recalls Boy's Pajamas Due to Burn Hazard,apparel,True,flammability_burn,False,False,25000.0,30.0,store_only,1,Cambodia,Cambodia,,,https://www.cpsc.gov/Recalls/2009/Mad-Dog-Concepts-Recalls-Boys-Pajamas-Due-to-Burn-Hazard
5106,09110,2009-01-28,2009,Outdoor Research Recalls Warming Gloves Due to Burn Hazard,apparel,False,flammability_burn,False,True,900.0,260.0,store_only,2,China;Sri Lanka,China,,,https://www.cpsc.gov/Recalls/2009/Outdoor-Research-Recalls-Warming-Gloves-Due-to-Burn-Hazard
5125,09114,2009-01-29,2009,L.L. Bean Recalls Ice Cleats Used During Winter Weather Due to Fall Hazard,apparel,False,fall_slip,False,False,7000.0,20.0,mixed,1,United States,United States,,,https://www.cpsc.gov/Recalls/2009/LL-Bean-Recalls-Ice-Cleats-Used-During-Winter-Weather-Due-to-Fall-Hazard
5046,09094,2009-02-04,2009,Children's Hooded Sweatshirts Recalled by Jerry Leigh of California Due to Strangulation Hazard,apparel,True,drawstring_strangulation,False,False,1200.0,75.0,store_only,1,China,China,,,https://www.cpsc.gov/Recalls/2009/Childrens-Hooded-Sweatshirts-Recalled-by-Jerry-Leigh-of-California-Due-to-Strangulation-Hazard
5137,09129,2009-02-12,2009,Strangulation Death of a Child Prompts Hill Sportswear To Recall Hooded Sweatshirts with Drawstrings,apparel,True,drawstring_strangulation,False,True,120000.0,8.0,store_only,1,United States,United States,,,https://www.cpsc.gov/Recalls/2009/Strangulation-Death-of-a-Child-Prompts-Hill-Sportswear-To-Recall-Hooded-Sweatshirts-with-Drawstrings-
5162,09156,2009-03-17,2009,State Farm® Recalls Good Neigh Bears® Due to Choking Hazard,apparel,False,choking_small_parts,False,False,800000.0,,unknown,1,China,China,,,https://www.cpsc.gov/Recalls/2009/State-Farm-Recalls-Good-Neigh-Bears-Due-to-Choking-Hazard
5163,09157,2009-03-17,2009,Nordstrom Recalls Girl's Shoes Due to Violation of Lead Paint Standard,apparel,True,chemical,True,False,31000.0,35.0,store_only,1,China,China,,,https://www.cpsc.gov/Recalls/2009/Nordstrom-Recalls-Girls-Shoes-Due-to-Violation-of-Lead-Paint-Standard
5167,09162,2009-03-25,2009,Children's Hooded Fleece Jackets with Drawstrings Recalled by Golden Grove Trading Due to Strangulation Hazard,apparel,True,drawstring_strangulation,False,False,6100.0,10.0,store_only,1,China,China,,,https://www.cpsc.gov/Recalls/2009/Childrens-Hooded-Fleece-Jackets-with-Drawstrings-Recalled-by-Golden-Grove-Trading-Due-to-Strangulation-Hazard
5195,09191,2009-04-09,2009,Women's Shoes Recalled by Wal-Mart Due to Fall Hazard,apparel,False,fall_slip,False,False,200000.0,13.0,store_only,1,China,China,,,https://www.cpsc.gov/Recalls/2009/Womens-Shoes-Recalled-by-Wal-Mart-Due-to-Fall-Hazard
5194,09190,2009-04-09,2009,“CARS” Children’s Shoes Sold Exclusively at Wal-Mart Recalled by Pagoda International Footwear Ltd. Due to Choking Hazard,apparel,True,choking_small_parts,False,False,73000.0,8.0,store_only,1,China,China,,,https://www.cpsc.gov/Recalls/2009/CARS-Childrens-Shoes-Sold-Exclusively-at-Wal-Mart-Recalled-by-Pagoda-International-Footwear-Ltd-Due-to-Choking-Hazard-
5204,09200,2009-04-24,2009,Women's Chenille Robes Recalled by Blair Due to Burn Hazard,apparel,False,flammability_burn,False,True,162000.0,20.0,store_only,1,Pakistan,Pakistan,,cotton,https://www.cpsc.gov/Recalls/2009/Womens-Chenille-Robes-Recalled-by-Blair-Due-to-Burn-Hazard
5217,09202,2009-04-29,2009,Under Armour Recalls Athletic Cups Due To Injury Hazard,apparel,True,other,False,True,211000.0,15.0,mixed,1,China,China,,,https://www.cpsc.gov/Recalls/2009/Under-Armour-Recalls-Athletic-Cups-Due-To-Injury-Hazard
5250,09206,2009-04-30,2009,Gap Recalls Children’s Coats; Toggles Can Break and Detach Posing Choking Hazard,apparel,True,choking_small_parts,False,False,19200.0,35.0,mixed,2,China;Indonesia,China,,,https://www.cpsc.gov/Recalls/2009/Gap-Recalls-Childrens-Coats-Toggles-Can-Break-and-Detach-Posing-Choking-Hazard
5263,09208,2009-04-30,2009,Pumpkin Patch Recalls Hooded Girls' Raincoats with Drawstrings Due to Strangulation Hazard,apparel,True,drawstring_strangulation,False,False,800.0,50.0,mixed,1,China,China,,,https://www.cpsc.gov/Recalls/2009/Pumpkin-Patch-Recalls-Hooded-Girls-Raincoats-with-Drawstrings-Due-to-Strangulation-Hazard
5271,09209,2009-05-05,2009,Ambler Mountain Works Recalls Children's Knitted Hats Due to Choking Hazard,apparel,True,choking_small_parts,False,False,370.0,30.0,store_only,1,Nepal,Nepal,,,https://www.cpsc.gov/Recalls/2009/Ambler-Mountain-Works-Recalls-Childrens-Knitted-Hats-Due-to-Choking-Hazard
5301,09213,2009-05-07,2009,Children's Hooded Jackets with Drawstrings Recalled by Jason Evans Associates Due to Strangulation Hazard,apparel,True,drawstring_strangulation,False,False,1300.0,17.0,store_only,1,Pakistan,Pakistan,,,https://www.cpsc.gov/Recalls/2009/Childrens-Hooded-Jackets-with-Drawstrings-Recalled-by-Jason-Evans-Associates-Due-to-Strangulation-Hazard
5330,09236,2009-06-04,2009,Children's Loungewear Recalled by Warm Biscuit Bedding Due to Violation of Federal Flammability Standards,apparel,True,flammability_burn,True,False,9500.0,42.0,unknown,2,China;United States,China,,,https://www.cpsc.gov/Recalls/2009/Childrens-Loungewear-Recalled-by-Warm-Biscuit-Bedding-Due-to-Violation-of-Federal
5334,09241,2009-06-11,2009,Six Reported Deaths Prompt Urgent Re-announcement of Blair Recall of Women’s Chenille Robes,apparel,False,flammability_burn,False,True,162000.0,20.0,store_only,1,Pakistan,Pakistan,,cotton,https://www.cpsc.gov/Recalls/2009/Six-Reported-Deaths-Prompt-Urgent-Re-announcement-of-Blair-Recall-of-Womens-Chenille-Robes
5354,09263,2009-07-07,2009,Women's Shoes Recalled by Charles David Due to Fall Hazard; Sold Exclusively at Nordstrom and Nordstrom Rack,apparel,False,fall_slip,False,True,3200.0,51.0,store_only,3,China;Spain;Italy,China,,,https://www.cpsc.gov/Recalls/2009/Womens-Shoes-Recalled-by-Charles-David-Due-to-Fall-Hazard-Sold-Exclusively-at-Nordstrom-and-Nordstrom-Rack
5362,09273,2009-07-14,2009,Rossignol Recalls Cross-Country Boots Due to Fall Hazard,apparel,False,fall_slip,False,False,3000.0,270.0,store_only,1,Romania,Romania,,,https://www.cpsc.gov/Recalls/2009/Rossignol-Recalls-Cross-Country-Boots-Due-to-Fall-Hazard
5369,09281,2009-07-21,2009,Buster Brown Clog Children's Shoes Recalled by Brown Shoe Co. and Pagoda International Footwear Ltd. Due to Choking Hazard,apparel,True,choking_small_parts,False,False,1400000.0,10.0,store_only,1,China,China,,,https://www.cpsc.gov/Recalls/2009/Buster-Brown-Clog-Childrens-Shoes-Recalled-by-Brown-Shoe-Co-and-Pagoda-International-Footwear-Ltd-Due-to-Choking-Hazard
5377,09289,2009-07-30,2009,Boy's Hooded Sweatshirts with Drawstrings and Warm up Sets Recalled by Burlington Coat Factory Due to Strangulation Hazard,apparel,True,drawstring_strangulation,False,False,13300.0,13.0,store_only,1,China,China,,,https://www.cpsc.gov/Recalls/2009/Boys-Hooded-Sweatshirts-with-Drawstrings-and-Warm-up-Sets-Recalled-by-Burlington-Coat-Factory-Due-to-Strangulation-Hazard
6068,09763,2009-08-05,2009,Paper Towel Dispensers Recalled By Global Plastics Due to Fire Hazard,home_textile,False,flammability_burn,False,False,14000.0,,unknown,1,Canada,Canada,,,https://www.cpsc.gov/Recalls/2009/Paper-Towel-Dispensers-Recalled-By-Global-Plastics-Due-to-Fire-Hazard
5483,09330,2009-08-27,2009,Quiksilver Recalls Girls' Hoodies with Waist Drawstrings Due to Entrapment Hazard,apparel,True,drawstring_strangulation,False,False,500.0,40.0,store_only,1,China,China,,,https://www.cpsc.gov/Recalls/2009/Quiksilver-Recalls-Girls-Hoodies-with-Waist-Drawstrings-Due-to-Entrapment-Hazard1
5493,09344,2009-09-17,2009,Clarks Children's Shoes Recalled by C & J Clark America Due to Choking Hazard,apparel,True,choking_small_parts,False,False,2000.0,37.5,store_only,1,Vietnam,Vietnam,,,https://www.cpsc.gov/Recalls/2009/Clarks-Childrens-Shoes-Recalled-by-C--J-Clark-America-Due-to-Choking-Hazard
19,10017,2009-10-22,2009,Blair Expands Recall To All Women's Chenille Apparel Due to Burn Hazard; Additional Reported Deaths Prompt Re-Announcement of Robe Recall,apparel,False,flammability_burn,False,False,138000.0,30.0,store_only,1,Pakistan,Pakistan,,cotton,https://www.cpsc.gov/Recalls/2010/Blair-Expands-Recall-To-All-Womens-Chenille-Apparel-Due-to-Burn-Hazard-Additional-Reported-Deaths-Prompt-Re-Announcement-of-Robe-Recall
42,10042,2009-11-18,2009,Gorilla Inc. Recalls EXO-Tech Safety Harness Due to Fall Hazard,apparel,False,fall_slip,False,True,90.0,200.0,store_only,1,Philippines,Philippines,,,https://www.cpsc.gov/Recalls/2010/Gorilla-Inc-Recalls-EXO-Tech-Safety-Harness-Due-to-Fall-Hazard
45,10045,2009-11-19,2009,"Salomon USA Recalls Ski Bindings Due to Unexpected Release, Fall Hazard",apparel,False,fall_slip,False,True,10000.0,125.0,store_only,1,Romania,Romania,,,https://www.cpsc.gov/Recalls/2010/Salomon-USA-Recalls-Ski-Bindings-Due-to-Unexpected-Release-Fall-Hazard
55,10054,2009-12-03,2009,Children's Hooded Sweatshirts with Drawstrings Recalled by NTD Apparel Due to Strangulation Hazard,apparel,True,drawstring_strangulation,False,False,1200.0,36.0,store_only,1,China,China,,,https://www.cpsc.gov/Recalls/2010/Childrens-Hooded-Sweatshirts-with-Drawstrings-Recalled-by-NTD-Apparel-Due-to-Strangulation-Hazard
54,10053,2009-12-03,2009,Children's Hooded Sweatshirts with Drawstrings Recalled by Sunsations Due to Strangulation Hazard,apparel,True,drawstring_strangulation,False,False,12000.0,13.0,store_only,1,Pakistan,Pakistan,,,https://www.cpsc.gov/Recalls/2010/Childrens-Hooded-Sweatshirts-with-Drawstrings-Recalled-by-Sunsations-Due-to-Strangulation-Hazard
64,10063,2009-12-10,2009,Children's Pajama Sets Recalled by Little Miss Matched Due to Violation of Federal Flammability Standard,apparel,True,flammability_burn,True,False,7000.0,30.0,store_only,1,Honduras,Honduras,,,https://www.cpsc.gov/Recalls/2010/Childrens-Pajama-Sets-Recalled-by-Little-Miss-Matched-Due-to-Violation-of-Federal-Flammability-Standard
77,10076,2009-12-16,2009,Timberland Recalls Children's Boots Due to Violation of Lead Paint Standard,apparel,True,chemical,True,False,4300.0,60.0,store_only,1,Thailand,Thailand,,,https://www.cpsc.gov/Recalls/2010/Timberland-Recalls-Childrens-Boots-Due-to-Violation-of-Lead-Paint-Standard
80,10080,2009-12-17,2009,Children's Hooded Sweatshirts with Drawings Recalled by Jason Evans Associates Due to Strangulation Hazard; Sold Exclusively at Burlington Coat Factory,apparel,True,drawstring_strangulation,False,False,18300.0,12.0,store_only,1,Pakistan,Pakistan,,,https://www.cpsc.gov/Recalls/2010/Childrens-Hooded-Sweatshirts-with-Drawstrings-Recalled-by-Jason-Evans-Associates-Due-to-Strangulation-Hazard-Sold-Exclusively-at-Burlington-Coat-Factory
116,10119,2010-01-26,2010,Boy's Three-Piece Santa Sets Recalled by Macy's Due to Choking Hazard,apparel,True,choking_small_parts,False,False,9600.0,20.0,mixed,1,China,China,,,https://www.cpsc.gov/Recalls/2010/Boys-Three-Piece-Santa-Sets-Recalled-by-Macys-Due-to-Choking-Hazard
129,10130,2010-02-02,2010,Children's Jackets with Drawstrings Recalled by GTM Sportswear Due to Strangulation Hazard,apparel,True,drawstring_strangulation,False,False,210000.0,27.5,mixed,1,China,China,,,https://www.cpsc.gov/Recalls/2010/Childrens-Jackets-with-Drawstrings-Recalled-by-GTM-Sportswear-Due-to-Strangulation-Hazard
142,10143,2010-02-18,2010,Children's Hooded Jackets Sold Exclusively at Burlington Coat Factory Recalled by Franshaw Due to Strangulation Hazard,apparel,True,drawstring_strangulation,False,False,2400.0,10.0,store_only,1,China,China,,,https://www.cpsc.gov/Recalls/2010/Childrens-Hooded-Jackets-Sold-Exclusively-at-Burlington-Coat-Factory-Recalled-by-Franshaw-Due-to-Strangulation-Hazard
139,10140,2010-02-18,2010,Bobens Trading Recalls Girls' Hooded Sweatshirts With Drawstrings Due to Strangulation Hazard; Sold Exclusively at Burlington Coat Factory,apparel,True,drawstring_strangulation,False,False,3900.0,8.0,store_only,1,China,China,,,https://www.cpsc.gov/Recalls/2010/Bobens-Trading-Recalls-Girls-Hooded-Sweatshirts-With-Drawstrings-Due-to-Strangulation-Hazard-Sold-Exclusively-at-Burlington-Coat-Factory
151,10152,2010-03-03,2010,Boys' Hooded Jackets with Drawstrings Recalled by Ten West Apparel Due to Strangulation Hazard; Sold at Burlington Coat Factory,apparel,True,drawstring_strangulation,False,False,75.0,12.0,store_only,1,China,China,,,https://www.cpsc.gov/Recalls/2010/Boys-Hooded-Jackets-with-Drawstrings-Recalled-by-Ten-West-Apparel-Due-to-Strangulation-Hazard-Sold-at-Burlington-Coat-Factory
154,10155,2010-03-03,2010,LELE & Company Recalls Children's Hooded Sweatshirt Sets with Drawstrings Due to Strangulation Hazard,apparel,True,drawstring_strangulation,False,False,2700.0,7.75,store_only,1,Vietnam,Vietnam,,,https://www.cpsc.gov/Recalls/2010/LELE--Company-Recalls-Childrens-Hooded-Sweatshirt-Sets-with-Drawstrings-Due-to-Strangulation-Hazard
158,10159,2010-03-10,2010,Telebrands Recalls Scarves with Microwaveable Heat Packs Due to Fire and Burn Hazards,apparel,False,flammability_burn,False,False,98500.0,22.5,mixed,1,China,China,,,https://www.cpsc.gov/Recalls/2010/Telebrands-Recalls-Scarves-with-Microwaveable-Heat-Packs-Due-to-Fire-and-Burn-Hazards
160,10160,2010-03-10,2010,Girl's Hooded Jackets with Drawstrings Recalled by Regaliti Due to Strangulation Hazard; Sold Exclusively at Burlington Coat Factory,apparel,True,drawstring_strangulation,False,False,3600.0,4.0,store_only,1,Hong Kong,Hong Kong,,,https://www.cpsc.gov/Recalls/2010/Girls-Hooded-Jackets-with-Drawstrings-Recalled-by-Regaliti-Due-to-Strangulation-Hazard-Sold-Exclusively-at-Burlington-Coat-Factory
161,10161,2010-03-10,2010,Byer California Recalls Girls' Jackets with Drawstrings Due to Strangulation Hazard,apparel,True,drawstring_strangulation,False,False,600.0,12.0,store_only,1,China,China,,,https://www.cpsc.gov/Recalls/2010/Byer-California-Recalls-Girls-Jackets-with-Drawstrings-Due-to-Strangulation-Hazard
167,10170,2010-03-17,2010,Haselson International Trading Recalls Children's Hooded Sweatshirts with Drawstrings Due to Strangulation Hazard; Sold Exclusively at Burlington Coat Factory,apparel,True,drawstring_strangulation,False,False,23000.0,18.0,store_only,5,Indonesia;Egypt;China;Pakistan;South Korea,Indonesia,,,https://www.cpsc.gov/Recalls/2010/Haselson-International-Trading-Recalls-Childrens-Hooded-Sweatshirts-with-Drawstrings-Due-to-Strangulation-Hazard-Sold-Exclusively-at-Burlington-Coat-Factory
178,10180,2010-03-24,2010,Girls' Hooded Sweaters with Drawstrings Recalled by Children's Apparel Network Due Strangulation Hazard,apparel,True,drawstring_strangulation,False,False,9700.0,15.0,store_only,1,China,China,,,https://www.cpsc.gov/Recalls/2010/Girls-Hooded-Sweaters-with-Drawstrings-Recalled-by-Childrens-Apparel-Network-Due-Strangulation-Hazard
176,10179,2010-03-24,2010,Girls' Hooded Jackets with Drawstrings Recalled by Bubblegum USA Due to Strangulation Hazard; Sold Exclusively at Burlington Coat Factory,apparel,True,drawstring_strangulation,False,False,900.0,20.0,store_only,1,China,China,,,https://www.cpsc.gov/Recalls/2010/Girls-Hooded-Jackets-with-Drawstrings-Recalled-by-Bubblegum-USA-Due-to-Strangulation-Hazard-Sold-Exclusively-at-Burlington-Coat-Factory
183,10185,2010-03-31,2010,Boys' Vests and Hooded Jackets with Drawstrings Recalled by North-Sportif Due to Strangulation and Entanglement Hazards; Sold Exclusively at Burlington Coat Factory,apparel,True,drawstring_strangulation,False,False,360.0,13.0,store_only,0,,,,,https://www.cpsc.gov/Recalls/2010/Boys-Vests-and-Hooded-Jackets-with-Drawstrings-Recalled-by-North-Sportif-Due-to-Strangulation-and-Entanglement-Hazards-Sold-Exclusively-at-Burlington-Coat-Factory
191,10193,2010-04-08,2010,Children's Hooded Jackets with Drawstrings Recalled by 5 Star Apparel Due to Strangulation Hazard,apparel,True,drawstring_strangulation,False,False,11500.0,70.0,store_only,1,China,China,,,https://www.cpsc.gov/Recalls/2010/Childrens-Hooded-Jackets-with-Drawstrings-Recalled-by-5-Star-Apparel-Due-to-Strangulation-Hazard
192,10194,2010-04-13,2010,Deux par Deux Minimome Recalls Children's Snowsuits and Coats with Drawstrings Due to Strangulation Hazard,apparel,True,drawstring_strangulation,False,True,4500.0,190.0,store_only,1,China,China,,,https://www.cpsc.gov/Recalls/2010/Deux-par-Deux-Minimome-Recalls-Childrens-Snowsuits-and-Coats-with-Drawstrings-Due-to-Strangulation-Hazard
200,10201,2010-04-21,2010,Trendset Originals LLC Recalls Girls' Hooded Jackets with Drawstrings Due to Strangulation and Entanglement Hazards,apparel,True,drawstring_strangulation,False,False,2400.0,12.0,store_only,2,China;Bangladesh,China,New Instructions;Refund,,https://www.cpsc.gov/Recalls/2010/Trendset-Originals-LLC-Recalls-Girls-Hooded-Jackets-with-Drawstrings-Due-to-Strangulation-and-Entanglement-Hazards
213,10215,2010-04-30,2010,Gap Recalls Baby Swimsuits Due to Strangulation Hazard,apparel,True,drawstring_strangulation,False,False,6500.0,18.5,mixed,2,Indonesia;China,Indonesia,,,https://www.cpsc.gov/Recalls/2010/Gap-Recalls-Baby-Swimsuits-Due-to-Strangulation-Hazard
223,10224,2010-05-07,2010,Girls' Vests with Drawstrings Recalled by MIM-PI USA Due to Strangulation Hazard,apparel,True,drawstring_strangulation,False,False,80.0,70.0,store_only,1,China,China,,,https://www.cpsc.gov/Recalls/2010/Girls-Vests-with-Drawstrings-Recalled-by-MIM-PI-USA-Due-to-Strangulation-Hazard
228,10230,2010-05-12,2010,Rome Snowboards Recalls Bindings Due to Fall Hazard,apparel,False,fall_slip,False,False,2900.0,44.0,store_only,1,China,China,,,https://www.cpsc.gov/Recalls/2010/Rome-Snowboards-Recalls-Bindings-Due-to-Fall-Hazard
422,10735,2010-05-13,2010,The Children's Place Recalls Denim Shorts Due to Choking Hazard; Metal Snaps Could Detach,apparel,True,choking_small_parts,False,True,29000.0,12.0,mixed,1,China,China,,,https://www.cpsc.gov/Recalls/2010/The-Childrens-Place-Recalls-Denim-Shorts-Due-to-Choking-Hazard-Metal-Snaps-Could-Detach
231,10233,2010-05-13,2010,Children's Sweatshirts Recalled by Tommy Hilfiger U.S.A. Due to Violation of Federal Flammability Standard,apparel,True,flammability_burn,True,False,400.0,60.0,mixed,1,Indonesia,Indonesia,,,https://www.cpsc.gov/Recalls/2010/Childrens-Sweatshirts-Recalled-by-Tommy-Hilfiger-USA-Due-to-Violation-of-Federal-Flammability-Standard
423,10736,2010-05-17,2010,Mall of America Recalls Plush Toy Due to Choking Hazard,apparel,False,choking_small_parts,False,False,1200.0,10.0,store_only,1,China,China,,,https://www.cpsc.gov/Recalls/2010/Mall-of-America-Recalls-Plush-Toy-Due-to-Choking-Hazard
233,10235,2010-05-18,2010,Children's Giraffe Blanket Recalled by Rashti & Rashti Due to Choking Hazard; Sold Exclusively at Target Stores,home_textile,True,choking_small_parts,False,False,44000.0,9.0,store_only,1,China,China,,,https://www.cpsc.gov/Recalls/2010/Childrens-Giraffe-Blanket-Recalled-by-Rashti--Rashti-Due-to-Choking-Hazard-Sold-Exclusively-at-Target-Stores1
424,10737,2010-05-21,2010,Chocolate Soup Recalls Children's Hooded Sweatshirt Sets with Drawstrings Due to Strangulation Hazard,apparel,True,drawstring_strangulation,False,False,70.0,45.0,store_only,1,United States,United States,,,https://www.cpsc.gov/Recalls/2010/Chocolate-Soup-Recalls-Childrens-Hooded-Sweatshirt-Sets-with-Drawstrings-Due-to-Strangulation-Hazard
246,10250,2010-05-27,2010,Children's Hooded Jackets with Drawstrings Recalled by Lollytogs Due to Strangulation and Entanglement Hazards,apparel,True,drawstring_strangulation,False,False,23000.0,14.0,store_only,2,Pakistan;Bangladesh,Pakistan,,,https://www.cpsc.gov/Recalls/2010/Childrens-Hooded-Jackets-with-Drawstrings-Recalled-by-Lollytogs-Due-to-Strangulation-and-Entanglement-Hazards
240,10244,2010-05-27,2010,Boys' Hooded Jackets with Drawstrings Recalled by Hind Fashions Due to Strangulation Hazard; Sold Exclusively at Burlington Coat Factory,apparel,True,drawstring_strangulation,False,False,200.0,60.0,store_only,1,China,China,,,https://www.cpsc.gov/Recalls/2010/Boys-Hooded-Jackets-with-Drawstrings-Recalled-by-Hind-Fashions-Due-to-Strangulation-Hazard-Sold-Exclusively-at-Burlington-Coat-Factory
252,10257,2010-06-04,2010,McDonald's Recalls Movie Themed Drinking Glasses Due to Potential Cadmium Risk,apparel,False,other,False,False,12000000.0,2.0,store_only,1,United States,United States,,,https://www.cpsc.gov/Recalls/2010/McDonalds-Recalls-Movie-Themed-Drinking-Glasses-Due-to-Potential-Cadmium-Risk
279,10285,2010-06-30,2010,Ski Boot Sole Pads with Steel Inserts and All-Terrain Ski Boots configured with them Recalled by Salomon USA Due to Fall Hazard,apparel,False,flammability_burn,False,True,175.0,50.0,unknown,1,Romania,Romania,,,https://www.cpsc.gov/Recalls/2010/Ski-Boot-Sole-Pads-with-Steel-Inserts-and-All-Terrain-Ski-Boots-configured-with-them-Recalled-by-Salomon-USA-Due-to-Fall-Hazard
303,10310,2010-07-26,2010,Brine Recalls VIP Lacrosse Gloves Due to Violation of Lead Paint Standard,apparel,True,chemical,True,False,7000.0,50.0,store_only,1,Vietnam,Vietnam,,,https://www.cpsc.gov/Recalls/2010/Brine-Recalls-VIP-Lacrosse-Gloves-Due-to-Violation-of-Lead-Paint-Standard
306,10313,2010-08-05,2010,Fisher-Price Recalls Little People Play 'n Go Campsite™ Due to Choking Hazard,apparel,False,choking_small_parts,False,False,96000.0,15.0,mixed,1,China,China,,,https://www.cpsc.gov/Recalls/2010/Fisher-Price-Recalls-Little-People-Play-n-Go-Campsite-Due-to-Choking-Hazard
339,10347,2010-09-16,2010,Children's Hooded Jackets and Sweatshirts with Drawstrings Recalled By Burlington Coat Factory Due to Strangulation Hazard,apparel,True,drawstring_strangulation,False,False,10000.0,18.5,store_only,4,China;Cambodia;South Korea;United States,China,,,https://www.cpsc.gov/Recalls/2010/Childrens-Hooded-Jackets-and-Sweatshirts-with-Drawstrings-Recalled-By-Burlington-Coat-Factory-Due-to-Strangulation-Hazard
347,10357,2010-09-29,2010,S T U F F and Paw Wall Hooks Recalled By Midwest-CBK Due to Violation of Lead Paint Standard,apparel,False,chemical,True,False,4450.0,20.0,store_only,1,China,China,,,https://www.cpsc.gov/Recalls/2010/S-T-U-F-F-and-Paw-Wall-Hooks-Recalled-By-Midwest-CBK-Due-to-Violation-of-Lead-Paint-Standard
484,11014,2010-10-19,2010,Infant's Overalls Recalled by Lollytogs Due to Choking Hazard,apparel,True,choking_small_parts,False,False,8300.0,25.0,store_only,1,India,India,Refund,cotton,https://www.cpsc.gov/Recalls/2010/Infants-Overalls-Recalled-by-Lollytogs-Due-to-Choking-Hazard
493,11023,2010-10-27,2010,Meijer Recalls Infant Shoes Due to Choking Hazard,apparel,True,choking_small_parts,False,False,2300.0,15.0,store_only,1,China,China,Refund,,https://www.cpsc.gov/Recalls/2010/Meijer-Recalls-Infant-Shoes-Due-to-Choking-Hazard
513,11046,2010-11-19,2010,Children's Hooded Jackets and Sweatshirts with Drawstrings Recalled By VOS Sports Due To Strangulation Hazard,apparel,True,drawstring_strangulation,False,False,11700.0,25.5,store_only,2,China;Vietnam,China,Refund,,https://www.cpsc.gov/Recalls/2010/Childrens-Hooded-Jackets-and-Sweatshirts-with-Drawstrings-Recalled-By-VOS-Sports-Due-To
530,11065,2010-12-09,2010,Toddler Girl Garments Recalled by American Eagle Outfitters Due to Choking Hazard,apparel,True,choking_small_parts,False,False,1200.0,29.0,mixed,1,China,China,Refund,,https://www.cpsc.gov/Recalls/2010/Toddler-Girl-Garments-Recalled-by-American-Eagle-Outfitters-Due-to-Choking-Hazard
537,11071,2010-12-16,2010,Girls' Hooded Zip Jacket and Vest Sets with Drawstrings Recalled By Splendid Due to Strangulation Hazard,apparel,True,drawstring_strangulation,False,False,900.0,85.0,store_only,1,United States,United States,Refund,,https://www.cpsc.gov/Recalls/2010/Girls-Hooded-Zip-Jacket-and-Vest-Sets-with-Drawstrings-Recalled-By-Splendid-Due-to
546,11081,2010-12-23,2010,BabyLegs Recalls Baby Socks and Leg Warmers with Heart Appliqué Due to Choking Hazard,apparel,True,choking_small_parts,False,True,4500.0,11.0,mixed,1,China,China,Refund,,https://www.cpsc.gov/Recalls/2010/BabyLegs-Recalls-Baby-Socks-and-Leg-Warmers-with-Heart-Applique-Due-to-Choking-Hazard1
551,11086,2011-01-06,2011,ITT Water Technology Recalls Pumps Due to Electric Shock/Electrocution Hazard,apparel,False,other,False,False,21000.0,280.0,store_only,2,United States;China,United States,Repair,,https://www.cpsc.gov/Recalls/2011/ITT-Water-Technology-Recalls-Pumps-Due-to-Electric-ShockElectrocution-Hazard
554,11089,2011-01-11,2011,Infant and Toddler Footed Pajamas Recalled by Pajamagram Due to Choking Hazard,apparel,True,choking_small_parts,False,False,800.0,30.0,online_only,1,China,China,Replace,,https://www.cpsc.gov/Recalls/2011/Infant-and-Toddler-Footed-Pajamas-Recalled-by-Pajamagram-Due-to-Choking-Hazard
557,11091,2011-01-11,2011,Children's Hooded Sweatshirts and Jackets With Drawstrings Recalled by Hot Kids Due to Strangulation Hazard,apparel,True,drawstring_strangulation,False,False,18000.0,10.5,store_only,2,China;Vietnam,China,Refund,,https://www.cpsc.gov/Recalls/2011/Childrens-Hooded-Sweatshirts-and-Jackets-With-Drawstrings-Recalled-by-Hot-Kids-Due-to
591,11128,2011-02-15,2011,"Nine Manufacturers, Distributors Announce Consumer Recall of Pourable Gel Fuel Due to Burn and Flash Fire Hazards",apparel,True,choking_small_parts,False,False,4700.0,,store_only,1,United States,United States,Replace,,https://www.cpsc.gov/Recalls/2011/Nurses-Choice-Recalls-Holiday-Keepsake-Newborn-Mittens-Due-to-Choking-Hazard
598,11134,2011-02-17,2011,James Perse Recalls Jackets Due to Violation of Federal Flammability Standard,apparel,False,flammability_burn,True,False,6700.0,225.0,store_only,1,China,China,,,https://www.cpsc.gov/Recalls/2011/James-Perse-Recalls-Jackets-Due-to-Violation-of-Federal-Flammability-Standard
615,11150,2011-03-02,2011,Burlington Coat Factory Recalls Slow Cookers Due to Fire Hazard,apparel,False,flammability_burn,False,False,7460.0,20.0,store_only,1,China,China,Refund,,https://www.cpsc.gov/Recalls/2011/Burlington-Coat-Factory-Recalls-Slow-Cookers-Due-to-Fire-Hazard
625,11160,2011-03-09,2011,Fun World Recalls Little Pet Vet and Dr. Littles Halloween Costumes with Toy Stethoscopes Due to Choking Hazard,apparel,True,choking_small_parts,False,False,1800.0,15.0,store_only,1,China,China,Refund,,https://www.cpsc.gov/Recalls/2011/Fun-World-Recalls-Little-Pet-Vet-and-Dr-Littles-Halloween-Costumes-with-Toy
627,11163,2011-03-10,2011,Children's Hooded Sweatshirts with Drawstrings Recalled by Sunsations Due to Strangulation Hazard,apparel,True,drawstring_strangulation,False,False,3600.0,17.5,store_only,1,Pakistan,Pakistan,Refund,,https://www.cpsc.gov/Recalls/2011/Childrens-Hooded-Sweatshirts-with-Drawstrings-Recalled-by-Sunsations-Due-to
631,11167,2011-03-10,2011,Atico International USA Recalls Holiday Rattle Baby Slippers Due to Choking Hazard; Sold Exclusively at Walgreens,apparel,True,choking_small_parts,False,False,57000.0,5.0,store_only,1,China,China,Refund,,https://www.cpsc.gov/Recalls/2011/Atico-International-USA-Recalls-Holiday-Rattle-Baby-Slippers-Due-to-Choking-Hazard-Sold
633,11171,2011-03-15,2011,Matilda Jane Recalls Girl's Chelsa Dress Due to Choking Hazard,apparel,True,choking_small_parts,False,False,1500.0,,online_only,1,China,China,Refund,,https://www.cpsc.gov/Recalls/2011/Matilda-Jane-Recalls-Girls-Chelsa-Dress-Due-to-Choking-Hazard
635,11173,2011-03-16,2011,Girls' Jeans for Toddlers Recalled by Parigi Due to Choking Hazard,apparel,True,choking_small_parts,False,False,1600.0,13.0,mixed,1,China,China,Refund,,https://www.cpsc.gov/Recalls/2011/Girls-Jeans-for-Toddlers-Recalled-by-Parigi-Due-to-Choking-Hazard
649,11191,2011-04-07,2011,Fashionviews Inc. Recalls P.Jamas Children's Sleepwear Due to Violation of Federal Flammability Standard,apparel,True,flammability_burn,True,False,4000.0,50.0,mixed,2,Peru;Bolivia,Peru,Refund,,https://www.cpsc.gov/Recalls/2011/Fashionviews-Inc-Recalls-PJamas-Childrens-Sleepwear-Due-to-Violation-of-Federal
652,11195,2011-04-12,2011,Girl's Clothing Recalled by My Michelle Due to Risk of Lead Exposure,apparel,True,chemical,False,False,90000.0,38.0,store_only,1,Vietnam,Vietnam,Refund,,https://www.cpsc.gov/Recalls/2011/Girls-Clothing-Recalled-by-My-Michelle-Due-to-Risk-of-Lead-Exposure
666,11211,2011-05-03,2011,Tween Brands Recalls Beaded Curtains Due to Risk of Entrapment and Strangulation; Sold Exclusively at Justice Stores,home_textile,False,drawstring_strangulation,False,False,36000.0,20.0,mixed,1,China,China,Refund,,https://www.cpsc.gov/Recalls/2011/Tween-Brands-Recalls-Beaded-Curtains
665,11210,2011-05-03,2011,Girl's Hooded Sweater Recalled by El Gringo Imports Due to Strangulation Hazard,apparel,True,drawstring_strangulation,False,False,300.0,22.5,unknown,1,Ecuador,Ecuador,Refund,,https://www.cpsc.gov/Recalls/2011/Girls-Hooded-Sweater-Recalled-by-El-Gringo-Imports-Due-to-Strangulation-Hazard
674,11220,2011-05-11,2011,Meijer Recalls Infant Slipper Socks Due to Choking Hazard,apparel,True,choking_small_parts,False,False,17400.0,4.0,store_only,1,China,China,Refund,,https://www.cpsc.gov/Recalls/2011/Meijer-Recalls-Infant-Slipper-Socks-Due-to-Choking-Hazard
854,11741,2011-06-01,2011,Kahn Enterprises Recalls Beeni Baby Hats Due to Asphyxiation Hazard,apparel,True,choking_small_parts,False,False,35.0,25.0,online_only,1,United States,United States,,,https://www.cpsc.gov/Recalls/2011/Kahn-Enterprises-Recalls-Beeni-Baby-Hats-Due-to-Asphyxiation-Hazard
698,11249,2011-06-15,2011,Emma's Garden Polka-Dot Girls' Dresses Recalled by TJX Due to Choking Hazard,apparel,True,choking_small_parts,False,False,21000.0,13.0,store_only,1,China,China,Refund,,https://www.cpsc.gov/Recalls/2011/Emmas-Garden-Polka-Dot-Girls-Dresses-Recalled-by-TJX-Due-to-Choking-Hazard
704,11257,2011-06-23,2011,Target Recalls Infant Girls Sandals Due to Choking Hazard,apparel,True,choking_small_parts,False,False,51700.0,10.0,mixed,1,China,China,Refund,,https://www.cpsc.gov/Recalls/2011/Target-Recalls-Infant-Girls-Sandals-Due-to-Choking-Hazard
706,11259,2011-06-28,2011,Topson Downs of California Recalls Women's Dresses Due to Violation of Federal Flammability Standard,apparel,False,flammability_burn,True,False,2100.0,60.0,mixed,1,India,India,Refund,,https://www.cpsc.gov/Recalls/2011/Topson-Downs-of-California-Recalls-Womens-Dresses-Due-to-Violation-of-Federal-Flammability-Standard
713,11267,2011-06-30,2011,Children's Sleepwear Recalled by Sage Creek Organics Due to Violation of Federal Flammability Standard,apparel,True,flammability_burn,True,False,600.0,35.0,mixed,1,India,India,Refund,,https://www.cpsc.gov/Recalls/2011/Childrens-Sleepwear-Recalled-by-Sage-Creek-Organics-Due-to-Violation-of-Federal-Flammability-Standard
716,11271,2011-07-06,2011,Mizuno USA Inc. Recalls Baseball and Softball Gloves Due to Presence of Mold,apparel,False,other,False,False,131000.0,42.0,store_only,1,Vietnam,Vietnam,Refund,,https://www.cpsc.gov/Recalls/2011/Mizuno-USA-Inc-Recalls-Baseball-and-Softball-Gloves-Due-to-Presence-of-Mold
862,11749,2011-07-07,2011,Chanel Recalls Silk Scarves and Garments Due to Violation of Federal Flammability Standard,apparel,False,flammability_burn,True,True,120.0,430.0,store_only,2,France;Italy,France,Refund,,https://www.cpsc.gov/Recalls/2011/Chanel-Recalls-Silk-Scarves-and-Garments-Due-to-Violation-of-Federal-Flammability-Standard
745,11306,2011-08-17,2011,Table-Top Clip-on Chair Recalled by phil&teds USA Due to Fall and Amputation Hazards,apparel,True,fall_slip,False,True,54000.0,45.0,mixed,1,China,China,Repair,,https://www.cpsc.gov/Recalls/2011/Table-Top-Clip-on-Chair-Recalled-by-philteds-USA-Due-to-Fall-and-Amputation-Hazards
746,11307,2011-08-18,2011,C. O. Lynch Enterprises Inc. Recalls Itasca Fusion Hiker Boots Due to Foot Injury Hazard,apparel,False,protective_failure,False,False,5200.0,50.0,store_only,1,China,China,Refund,,https://www.cpsc.gov/Recalls/2011/C-O-Lynch-Enterprises-Inc-Recalls-Itasca-Fusion-Hiker-Boots-Due-to-Foot-Injury-Hazard
912,12033,2011-11-03,2011,Boy Scouts of America Recalls Cub Scout Wind Tech Jackets Due to Strangulation Hazard,apparel,True,drawstring_strangulation,False,False,5400.0,32.0,mixed,1,China,China,Refund,,https://www.cpsc.gov/Recalls/2012/Boy-Scouts-of-America-Recalls-Cub-Scout-Wind-Tech-Jackets-Due-to-Strangulation-Hazard
918,12041,2011-11-16,2011,Build-A-Bear Recalls Teddy Bear Swimwear Set Due to Strangulation Hazard,apparel,False,drawstring_strangulation,False,True,19720.0,12.5,mixed,1,China,China,Refund,,https://www.cpsc.gov/Recalls/2012/Build-A-Bear-Recalls-Teddy-Bear-Swimwear-Set-Due-to-Strangulation-Hazard
920,12044,2011-11-16,2011,Children's Animal Slippers Recalled Due to Choking Hazard; Sold Exclusively at Family Dollar Stores,apparel,True,choking_small_parts,False,False,160000.0,5.0,store_only,1,China,China,Refund,,https://www.cpsc.gov/Recalls/2012/Childrens-Animal-Slippers-Recalled-Due-to-Choking-Hazard-Sold-Exclusively-at-Family-Dollar-Stores
1163,12705,2011-11-16,2011,Columbia Sportswear Recalls Batteries Sold With Jackets Due To Fire Hazard,apparel,False,flammability_burn,False,True,220.0,79.0,mixed,1,China,China,Replace,,https://www.cpsc.gov/Recalls/2012/Columbia-Sportswear-Recalls-Batteries-Sold-With-Jackets-Due-To-Fire-Hazard
921,12045,2011-11-16,2011,Collective Brands Recalls KEDS Girls' Shoes Due to Laceration Hazard,apparel,True,laceration_puncture,False,True,45000.0,23.0,mixed,1,China,China,Refund,,https://www.cpsc.gov/Recalls/2012/Collective-Brands-Recalls-KEDS-Girls-Shoes-Due-to-Laceration-Hazard
928,12053,2011-12-08,2011,Children's Pajamas Recalled by Bella Bliss Due to Violation of Federal Flammability Standard,apparel,True,flammability_burn,True,True,2300.0,48.0,mixed,1,Peru,Peru,Refund;Replace,,https://www.cpsc.gov/Recalls/2012/Childrens-Pajamas-Recalled-by-Bella-Bliss-Due-to-Violation-of-Federal-Flammability-Standard
933,12061,2011-12-20,2011,Naturalizer Recalls Women's Dress Shoes Due to Fall Hazard,apparel,False,fall_slip,False,True,6100.0,37.5,store_only,1,China,China,Refund,,https://www.cpsc.gov/Recalls/2012/Naturalizer-Recalls-Womens-Dress-Shoes-Due-to-Fall-Hazard
943,12071,2011-12-23,2011,Petit Lem Children’s Pajamas Recalled Due to Violation of Federal Flammability Standard,apparel,True,flammability_burn,True,True,1750.0,30.0,mixed,1,China,China,Refund;Replace,,https://www.cpsc.gov/Recalls/2012/Petit-Lem-Childrens-Pajamas-Recalled-Due-to-Violation-of-Federal-Flammability-Standard
975,12103,2012-02-03,2012,Weeplay Kids Recalls Infant Bodysuits Due to Choking Hazard,apparel,True,choking_small_parts,False,False,128000.0,4.0,store_only,1,Bangladesh,Bangladesh,Replace,,https://www.cpsc.gov/Recalls/2012/Weeplay-Kids-Recalls-Infant-Bodysuits-Due-to-Choking-Hazard
995,12122,2012-02-28,2012,Papa Bear Loungeabouts Children's Pajamas Recalled by Retailers Due to Violation of Federal Flammability Standard,apparel,True,flammability_burn,True,False,10000.0,,mixed,1,China,China,Refund,cotton,https://www.cpsc.gov/Recalls/2012/Papa-Bear-Loungeabouts-Childrens-Pajamas-Recalled-by-Retailers-Due-to-Violation-of-Federal-Flammability-Standard
1002,12130,2012-03-08,2012,Umbro Boys' Jackets with Drawstrings Recalled; Waist Drawstrings Pose Entrapment Hazard; Sold Exclusively at Ross Stores,apparel,True,drawstring_strangulation,False,False,240.0,8.0,store_only,1,China,China,Refund,,https://www.cpsc.gov/Recalls/2012/Umbro-Boys-Jackets-with-Drawstrings-Recalled-Waist-Drawstrings-Pose-Entrapment-Hazard-Sold-Exclusively-at-Ross-Stores
1005,12134,2012-03-20,2012,Bon Hiver Recalls Freebase Snowboard Bindings Due To Fall Hazard,apparel,False,fall_slip,False,True,200.0,305.0,mixed,1,China,China,Repair,,https://www.cpsc.gov/Recalls/2012/Bon-Hiver-Recalls-Freebase-Snowboard-Bindings-Due-To-Fall-Hazard
1031,12160,2012-04-24,2012,Youth Jacket Recalled by PUMA; Waist Drawstrings Pose Entanglement Hazard,apparel,True,drawstring_strangulation,False,False,5000.0,33.5,mixed,3,Vietnam;Malaysia;China,Vietnam,Refund,,https://www.cpsc.gov/Recalls/2012/Youth-Jacket-Recalled-by-PUMA-Waist-Drawstrings-Pose-Entanglement-Hazard
1041,12170,2012-05-08,2012,M.M.M. Boys' Jogging Suits Recalled by Hot Chocolate; Waist Drawstrings Pose Entanglement Hazard; Sold Exclusively at dd's Discounts,apparel,True,drawstring_strangulation,False,False,1700.0,10.0,store_only,1,China,China,Refund,polyester,https://www.cpsc.gov/Recalls/2012/MMM-Boys-Jogging-Suits-Recalled-by-Hot-Chocolate-Waist-Drawstrings-Pose-Entanglement-Hazard-Sold-Exclusively-at-dds-Discounts
1047,12176,2012-05-10,2012,Supreme Trading Recalls Children's Letterman Jackets Due to Choking Hazard; Sold Exclusively at Dillard's,apparel,True,choking_small_parts,False,False,320.0,25.0,mixed,1,Vietnam,Vietnam,Refund,polyester,https://www.cpsc.gov/Recalls/2012/Supreme-Trading-Recalls-Childrens-Letterman-Jackets-Due-to-Choking-Hazard-Sold-Exclusively-at-Dillards
1192,12734,2012-05-17,2012,Climbing Ropes Recalled by Porter Athletic Due to Fall Hazard,apparel,False,fall_slip,False,True,44.0,632.0,mixed,1,United States,United States,Repair,,https://www.cpsc.gov/Recalls/2012/Climbing-Ropes-Recalled-by-Porter-Athletic-Due-to-Fall-Hazard
1075,12204,2012-06-28,2012,PajamaGram Recalls Children's Pajamas Due to Violation of Federal Flammability Standard,apparel,True,flammability_burn,True,False,12000.0,33.0,online_only,1,China,China,Refund,,https://www.cpsc.gov/Recalls/2012/PajamaGram-Recalls-Childrens-Pajamas-Due-to-Violation-of-Federal-Flammability-Standard
1076,12205,2012-06-28,2012,Children's Pajamas Recalled by Ishtex Textile Products Due to Violation of Federal Flammability Standard,apparel,True,flammability_burn,True,True,6000.0,20.0,mixed,1,China,China,Refund;Replace,,https://www.cpsc.gov/Recalls/2012/Childrens-Pajamas-Recalled-by-Ishtex-Textile-Products-Due-to-Violation-of-Federal-Flammability-Standard
1077,12206,2012-06-28,2012,Children's Lounge Pants and Boxers Recalled by Rigo International Due to Violation of Federal Flammability Standard,apparel,True,flammability_burn,True,True,210000.0,8.0,store_only,1,China,China,Refund;Replace,,https://www.cpsc.gov/Recalls/2012/Childrens-Lounge-Pants-and-Boxers-Recalled-by-Rigo-International-Due-to-Violation-of-Federal-Flammability-Standard
1092,12223,2012-07-12,2012,Old Navy Recalls Toddler Girl Aqua Socks Due to Slip and Fall Hazard,apparel,True,fall_slip,False,True,34000.0,13.5,mixed,1,China,China,Refund,,https://www.cpsc.gov/Recalls/2012/Old-Navy-Recalls-Toddler-Girl-Aqua-Socks-Due-to-Slip-and-Fall-Hazard
1098,12230,2012-07-19,2012,Burlington Coat Factory Recalls Power Strips Due to Fire Hazard,apparel,False,flammability_burn,False,False,6000.0,10.0,store_only,1,China,China,Refund,,https://www.cpsc.gov/Recalls/2012/Burlington-Coat-Factory-Recalls-Power-Strips-Due-to-Fire-Hazard
1108,12242,2012-08-07,2012,Children's Pajamas Recalled by My Clothes Due to Violation of Federal Flammability Standard,apparel,True,flammability_burn,True,True,1100.0,40.0,mixed,1,China,China,Refund;Replace,,https://www.cpsc.gov/Recalls/2012/Childrens-Pajamas-Recalled-by-My-Clothes-Due-to-Violation-of-Federal-Flammability-Standard
1215,13004,2012-10-04,2012,Pink Angel Embroidered Girls' Denim Shorts Recalled by Buy Buy Baby Due to Choking Hazard,apparel,True,choking_small_parts,False,False,1170.0,10.0,unknown,1,China,China,Refund,,https://www.cpsc.gov/Recalls/2013/Pink-Angel-Embroidered-Girls-Denim-Shorts-Recalled-by-Buy-Buy-Baby-Due-to-Choking-Hazard
1218,13008,2012-10-16,2012,Children's Apparel Network Recalls Fleece Hoodie and T-Shirt Sets Due to Violation of Lead Paint Standard; Sold Exclusively at Target,apparel,True,chemical,True,False,6200.0,18.0,mixed,1,Pakistan,Pakistan,Refund,,https://www.cpsc.gov/Recalls/2013/Childrens-Apparel-Network-Recalls-Fleece-Hoodie-and-T-Shirt-Sets-Due-to-Violation-of-Lead-Paint-Standard-Sold-Exclusively-at-Target
1250,13045,2012-11-20,2012,Girl's Pajamas Recalled by Elephantito Due to Violation of Federal Flammability Standard,apparel,True,flammability_burn,True,False,180.0,37.5,mixed,1,Peru,Peru,Refund,,https://www.cpsc.gov/Recalls/2013/Girls-Pajamas-Recalled-by-Elephantito-Due-to-Violation-of-Federal-Flammability-Standard
1282,13084,2012-12-27,2012,Meijer Recalls Falls Creek Kids Denim Jeans Due to Choking Hazard,apparel,True,choking_small_parts,False,False,140500.0,12.0,store_only,1,China,China,Refund,,https://www.cpsc.gov/Recalls/2013/Meijer-Recalls-Falls-Creek-Kids-Denim-Jeans-Due-to-Choking-Hazard
1287,13089,2013-01-09,2013,Columbia Sportswear Reannounces Its Recall of Batteries Sold With Jackets Due To Fire Hazard,apparel,False,flammability_burn,False,True,66.0,260.0,mixed,1,China,China,Replace,,https://www.cpsc.gov/Recalls/2013/Columbia-Sportswear-Reannounces-Its-Recall-of-Batteries-Sold-With-Jackets-Due-To-Fire-Hazard
1290,13093,2013-01-15,2013,Target Recalls Children's Two-Piece Pajama Sets Due to Violation of Federal Flammability Standard,apparel,True,flammability_burn,True,False,560000.0,10.5,mixed,2,Vietnam;Cambodia,Vietnam,Refund,,https://www.cpsc.gov/Recalls/2013/Target-Recalls-Childrens-Two-Piece-Pajama-Sets-Due-to-Violation-of-Federal-Flammability-Standard
1292,13095,2013-01-15,2013,Target Recalls Circo Girls Fleece Pajamas Due to Violation of Federal Flammability Standard,apparel,True,flammability_burn,True,False,42000.0,13.0,mixed,1,China,China,Refund,,https://www.cpsc.gov/Recalls/2013/Target-Recalls-Circo-Girls-Fleece-Pajamas-Due-to-Violation-of-Federal-Flammability-Standard
1302,13104,2013-01-29,2013,Columbia Sportswear Recalls Seven Models of Heated Jackets Due To Burn Hazard,apparel,False,flammability_burn,False,False,9600.0,725.0,mixed,1,China,China,Refund,,https://www.cpsc.gov/Recalls/2013/Columbia-Sportswear-Recalls-Seven-Models-of-Heated-Jackets
1328,13133,2013-03-07,2013,U.S. Divers Recalls Youth Snorkeling Mask Sets Due to Laceration Hazard; Sold Exclusively at Costco,apparel,True,laceration_puncture,False,True,44000.0,30.0,store_only,1,Thailand,Thailand,Replace,,https://www.cpsc.gov/Recalls/2013/US-Divers-Recalls-Youth-Snorkeling-Mask-Sets
1331,13138,2013-03-12,2013,White House | Black Market Women's Shoes Recalled by Impo International Due to Fall Hazard,apparel,False,fall_slip,False,False,13500.0,120.0,mixed,1,China,China,Refund,,https://www.cpsc.gov/Recalls/2013/White-House--Black-Market-Womens-Shoes-Recalled-by-Impo-International
1334,13141,2013-03-14,2013,Stuart Weitzman Girls' Cha Cha Boots Recalled by Synclaire Brands Due to Fall Hazard,apparel,True,entrapment_entanglement,False,True,5000.0,65.0,mixed,1,China,China,Refund,,https://www.cpsc.gov/Recalls/2013/Stuart-Weitzman-Girls-Cha-Cha-Boots
1502,13730,2013-03-14,2013,BrightLight Blankets Recalled by IdeaVillage Due to Burn Hazard,home_textile,False,flammability_burn,False,True,5200.0,40.0,online_only,1,China,China,Replace,,https://www.cpsc.gov/Recalls/2013/BrightLight-Blankets-Recalled-by-IdeaVillage
1355,13166,2013-04-10,2013,Baby Socks Recalled by Trumpette Due to Choking Hazard,apparel,True,choking_small_parts,False,False,33000.0,15.0,mixed,1,China,China,Refund,,https://www.cpsc.gov/Recalls/2013/Baby-Socks-Recalled-by-Trumpette
1361,13172,2013-04-18,2013,Infant and Children’s Dungarees Recalled by J.P. Boden Due to Choking Hazard,apparel,True,choking_small_parts,False,False,1900.0,40.0,mixed,1,China,China,Refund,,https://www.cpsc.gov/Recalls/2013/Infant-and-Childrens-Dungarees-Recalled-by-JP-Boden
1362,13173,2013-04-18,2013,Classic Characters Recalls Infant Socks Due to Choking Hazard; Sold Exclusively at Cracker Barrel Old Country Store,apparel,True,choking_small_parts,False,False,5000.0,7.0,store_only,1,China,China,Refund,,https://www.cpsc.gov/Recalls/2013/Classic-Characters-Recalls-Infant-Socks
1366,13177,2013-04-24,2013,Children’s Apparel Network Recalls Girl’s Clothing Sets; Waist Belt Poses Risk of Entrapment,apparel,True,entrapment_entanglement,False,False,9200.0,40.0,mixed,1,China,China,Refund;Repair,,https://www.cpsc.gov/Recalls/2013/Childrens-Apparel-Network-Recalls-Girls-Clothing-Sets-Waist-Belt-Poses-Risk-of-Entrapment
1379,13193,2013-05-16,2013,Avon Recalls Microwave Popcorn Maker Due to Burn and Fire Hazards; New Instructions Provided,apparel,False,flammability_burn,False,False,54700.0,13.0,online_only,1,Taiwan,Taiwan,New Instructions,,https://www.cpsc.gov/Recalls/2013/Avon-Recalls-Microwave-Popcorn-Maker
1385,13200,2013-05-28,2013,GNU Snowboard Bindings Recalled by Mervin Manufacturing Due to Fall Hazard,apparel,True,fall_slip,False,False,6800.0,217.5,mixed,1,Slovakia,Slovakia,Replace,,https://www.cpsc.gov/Recalls/2013/GNU-Snowboard-Bindings-Recalled-by-Mervin-Manufacturing
1387,13202,2013-05-29,2013,Vive La Fete Recalls Children's Pajamas Due to Violation of Federal Flammability Standard,apparel,True,flammability_burn,True,False,710.0,40.0,mixed,1,El Salvador,El Salvador,Refund,,https://www.cpsc.gov/Recalls/2013/Vive-La-Fete-Recalls-Childrens-Pajamas
1399,13215,2013-06-13,2013,Stride Rite Recalls Girl's Sandals Due to Choking Hazard,apparel,True,choking_small_parts,False,False,7500.0,36.0,mixed,1,China,China,Refund,,https://www.cpsc.gov/Recalls/2013/Stride-Rite-Recalls-Girls-Sandals
1417,13237,2013-07-17,2013,Boys’ Hooded Jackets Recalled by 5 Star Kids Apparel Due to Strangulation Hazard,apparel,True,drawstring_strangulation,False,False,48000.0,30.0,store_only,1,China,China,Refund;Repair,,https://www.cpsc.gov/Recalls/2013/Boys-Hooded-Jackets-Recalled-by-5-Star-Kids-Apparel
1425,13246,2013-07-23,2013,Girls Boots Recalled By Renaissance Imports Due to Laceration Hazard; Sold Exclusively at Academy Sports + Outdoors,apparel,True,laceration_puncture,False,True,5000.0,23.0,mixed,1,China,China,Refund,,https://www.cpsc.gov/Recalls/2013/Girls-Boots-Recalled-By-Renaissance-Imports
1433,13256,2013-07-31,2013,JP Boden Recalls Kensington Court High Heel Shoes Due to Fall Hazard,apparel,False,fall_slip,False,False,190.0,170.0,mixed,1,Spain,Spain,Refund,,https://www.cpsc.gov/Recalls/2013/JP-Boden-Recalls-Kensington-Court-High-Heel-Shoes
1520,13749,2013-08-15,2013,JP Boden Recalls Children's Sandals Due to Fall Hazard (Recall Alert),apparel,True,fall_slip,False,False,900.0,46.0,mixed,1,Vietnam,Vietnam,Refund,,https://www.cpsc.gov/Recalls/2013/JP-Boden-Recalls-Childrens-Sandals
1447,13270,2013-08-20,2013,Children’s Pajamas Recalled by Klever Kids Due to Violation of Federal Flammability Standard,apparel,True,flammability_burn,True,False,7000.0,57.0,store_only,1,Peru,Peru,Refund,,https://www.cpsc.gov/Recalls/2013/Childrens-Pajamas-Recalled-by-Klever-Kids
1445,13268,2013-08-20,2013,Apple Park Recalls Children’s Loungewear Due to Violation of Federal Flammability Standard,apparel,True,flammability_burn,True,False,7250.0,,mixed,1,China,China,Refund,viscose,https://www.cpsc.gov/Recalls/2013/Apple-Park-Recalls-Childrens-Loungewear
1529,14002,2013-10-22,2013,Trail Crest Recalls Children's Hooded Sweatshirts Due to Strangulation Hazard,apparel,True,drawstring_strangulation,False,False,350.0,15.0,mixed,1,China,China,Refund,,https://www.cpsc.gov/Recalls/2014/Trail-Crest-Recalls-Childrens-Hooded-Sweatshirts
1530,14003,2013-10-23,2013,Infinitoy Recalls Softimals Toy Sets Due to Choking and Aspiration Hazard,apparel,False,choking_small_parts,False,False,7134.0,25.0,mixed,1,Italy,Italy,Replace,,https://www.cpsc.gov/Recalls/2014/Infinitoy-Recalls-Softimals-Toy-Sets
1534,14007,2013-10-29,2013,BreathableBaby Recalls Wearable Blanket Due to Choking Hazard,home_textile,True,choking_small_parts,False,False,15000.0,20.0,mixed,1,China,China,Replace,,https://www.cpsc.gov/Recalls/2014/BreathableBaby-Recalls-Wearable-Blanket
1541,14015,2013-11-07,2013,Vans Recalls Boy's Hooded Jackets with Drawstrings Due to Strangulation Hazard,apparel,True,drawstring_strangulation,False,False,2400.0,90.0,mixed,1,India,India,Refund;Repair,,https://www.cpsc.gov/Recalls/2014/Vans-Recalls-Boys-Hooded-Jackets-with-Drawstrings
1543,14017,2013-11-12,2013,L.L. Bean Girl's Pajamas Recalled Due to Violation of Federal Flammability Standard,apparel,True,flammability_burn,True,False,800.0,30.0,store_only,1,China,China,Refund;Replace,,https://www.cpsc.gov/Recalls/2014/LL-Bean-Girls-Pajamas-Recalled
1544,14018,2013-11-12,2013,Children's Pajamas Recalled by Babycottons Due to Violation of Federal Flammability Standard,apparel,True,flammability_burn,True,False,1100.0,48.0,store_only,1,Peru,Peru,Refund,cotton,https://www.cpsc.gov/Recalls/2014/Childrens-Pajamas-Recalled-by-Babycottons
1550,14026,2013-11-21,2013,Children’s Pajamas Recalled by The Bailey Boys Due to Violation of Federal Flammability Standard,apparel,True,flammability_burn,True,False,2000.0,25.0,store_only,1,El Salvador,El Salvador,Refund,cotton,https://www.cpsc.gov/Recalls/2014/Childrens-Pajamas-Recalled-by-The-Bailey-Boys
1556,14032,2013-11-26,2013,Little Willy's Recalls Hooded Sweatshirts Due to Strangulation Hazard,apparel,True,drawstring_strangulation,False,False,200.0,20.0,online_only,1,Peru,Peru,Repair,,https://www.cpsc.gov/Recalls/2014/Little-Willys-Recalls-Hooded-Sweatshirts
1555,14031,2013-11-26,2013,American Boy and Girl Recalls Infant Sandals Due to Choking Hazard; Sold Exclusively at Meijer Stores,apparel,True,choking_small_parts,False,False,1300.0,7.5,store_only,1,China,China,Refund;Replace,,https://www.cpsc.gov/Recalls/2014/American-Boy-and-Girl-Recalls-Infant-Sandals
1563,14040,2013-12-04,2013,Wearever Girl’s Hooded Jacket Sets Recalled by David’s Place Due to Strangulation Hazard; Sold Exclusively at Burlington Coat Factory,apparel,True,drawstring_strangulation,False,False,60.0,10.0,store_only,1,China,China,Refund;Repair,cotton,https://www.cpsc.gov/Recalls/2014/Wearever-Girls-Hooded-Jacket-Sets-Recalled-by-Davids-Place
1572,14051,2013-12-11,2013,Ram's Imports Recalls Girls' Pink Leopard Jackets Due to Strangulation Hazard; Sold Exclusively at Burlington Coat Factory,apparel,True,drawstring_strangulation,False,False,756.0,15.0,store_only,1,Indonesia,Indonesia,Refund;Repair,cotton,https://www.cpsc.gov/Recalls/2014/Rams-Imports-Recalls-Girls-Pink-Leopard-Jackets
1571,14050,2013-12-16,2013,Mirage Fashions Recalls Yoki Girls Faux Leather Jackets with Drawstrings Due to Strangulation Hazard; Sold Exclusively at Burlington Coat Factory,apparel,True,drawstring_strangulation,False,False,758.0,20.0,store_only,1,China,China,Refund;Repair,,https://www.cpsc.gov/Recalls/2014/Mirage-Fashions-Recalls-Yoki-Girls-Faux-Leather-Jackets-with-Drawstrings
1585,14067,2013-12-19,2013,Browning Recalls Junior Hoodie Due to Strangulation and Entrapment Hazard; Sold Exclusively at Academy Sports+Outdoors,apparel,True,drawstring_strangulation,False,False,4300.0,28.0,mixed,1,Bangladesh,Bangladesh,Refund;Repair,,https://www.cpsc.gov/Recalls/2014/Browning-Recalls-Junior-Hoodie
1584,14066,2013-12-19,2013,Red Wing Shoes Recalls Steel Toe Work Boots Due to Impact Hazard,apparel,False,protective_failure,False,False,105000.0,262.5,store_only,1,United States,United States,Replace,,https://www.cpsc.gov/Recalls/2014/Red-Wing-Shoes-Recalls-Steel-Toe-Work-Boots
1789,14709,2014-01-15,2014,Under Armour Recalls Infant Sports Jersey Kits Due To Laceration and Choking Hazards (Recall Alert),apparel,True,choking_small_parts,False,False,62.0,50.0,unknown,1,Philippines,Philippines,Refund,,https://www.cpsc.gov/Recalls/2014/Under-Armour-Recalls-Infant-Sports-Jersey-Kits
1618,14101,2014-02-04,2014,Runway Global Recalls Girls’ Sugarfly Hooded Jackets Due to Strangulation Hazard; Sold Exclusively at Burlington Coat Factory,apparel,True,drawstring_strangulation,False,False,820.0,40.0,mixed,1,China,China,Refund,,https://www.cpsc.gov/Recalls/2014/Runway-Global-Recalls-Girls-Sugarfly-Hooded-Jackets
1617,14100,2014-02-04,2014,Lion Force Recalls Boys’ Puffer Coats Due to Strangulation Hazard; Sold Exclusively at Burlington Coat Factory,apparel,True,drawstring_strangulation,False,False,2400.0,30.0,store_only,1,China,China,Refund,nylon,https://www.cpsc.gov/Recalls/2014/Lion-Force-Recalls-Boys-Puffer-Coats
1626,14110,2014-02-20,2014,U.S. Polo Assn. Recalls Girl’s Jacket Due to Strangulation Hazard,apparel,True,drawstring_strangulation,False,False,1400.0,15.0,store_only,1,China,China,Refund;Repair,,https://www.cpsc.gov/Recalls/2014/US-Polo-Assn-Recalls-Girls-Jacket
1627,14111,2014-02-20,2014,Eastman Footwear Recalls Coleman Runestone Children's Shoes,apparel,True,laceration_puncture,False,True,12200.0,39.0,store_only,1,China,China,,,https://www.cpsc.gov/Recalls/2014/Eastman-Footwear-Recalls-Coleman-Runestone-Childrens-Shoes
1628,14113,2014-02-25,2014,Rollerblade USA Recalls Tempest Inline Skates Due to Fall Hazard,apparel,False,fall_slip,False,False,11800.0,400.0,mixed,1,Thailand,Thailand,Replace,,https://www.cpsc.gov/Recalls/2014/Rollerblade-USA-Recalls-Tempest-Inline-Skates
1648,14140,2014-03-25,2014,Wal-Mart Recalls Dolls Due to Burn Hazard,apparel,True,flammability_burn,False,True,174000.0,20.0,store_only,1,China,China,Refund,,https://www.cpsc.gov/Recalls/2014/Wal-Mart-Recalls-Dolls
1807,14728,2014-04-09,2014,J.P. Boden Recalls Boys' Pajamas Due to Violation of Federal Flammability Standard (Recall Alert),apparel,True,flammability_burn,True,False,210.0,48.0,online_only,1,Portugal,Portugal,Refund,,https://www.cpsc.gov/Recalls/2014/JP-Boden-Recalls-Boys-Pajamas-Recall-Alert
1652,14146,2014-04-10,2014,BedHead Pajamas Recalls Children's Pajamas Due to Violation of Federal Flammability Standard,apparel,True,flammability_burn,True,False,800.0,25.0,mixed,1,United States,United States,Refund,cotton,https://www.cpsc.gov/Recalls/2014/BedHead-Pajamas-Recalls-Childrens-Pajamas
1653,14148,2014-04-17,2014,Rocky Brands Recalls Georgia Boot Steel-Toed Shoes Due to Compression Hazard,apparel,False,protective_failure,False,False,6800.0,150.0,mixed,1,China,China,Replace,,https://www.cpsc.gov/Recalls/2014/Rocky-Brands-Recalls-Georgia-Boot-Steel-Toed-Shoes
1662,14157,2014-04-24,2014,Runway Global Recalls Sugarfly Girls’ Coats; Waist Drawstring Poses Entanglement Hazard,apparel,True,drawstring_strangulation,False,False,1700.0,40.0,mixed,1,China,China,Refund,,https://www.cpsc.gov/Recalls/2014/Runway-Global-Recalls-Sugarfly-Girls-Coats
1668,14163,2014-04-29,2014,FXR Factory Racing Recalls Children's Outerwear Due to Strangulation Hazard,apparel,True,drawstring_strangulation,False,False,420.0,50.0,online_only,2,China;Vietnam,China,Refund,,https://www.cpsc.gov/Recalls/2014/FXR-Factory-Racing-Recalls-Childrens-Outerwear
1672,14167,2014-05-01,2014,RMP Athletic Locker Recalls Boys' Hooded Jackets; Drawstrings Pose Strangulation Hazard,apparel,True,drawstring_strangulation,False,False,133.0,112.0,store_only,1,Bangladesh,Bangladesh,Refund,polyester,https://www.cpsc.gov/Recalls/2014/RMP-Athletic-Locker-Recalls-Boys-Hooded-Jackets
1683,14180,2014-05-15,2014,H&M Recalls Girls’ Leggings Due to Choking Hazard,apparel,True,choking_small_parts,False,True,65000.0,9.0,mixed,3,Bangladesh;China;Turkey,Bangladesh,Refund,,https://www.cpsc.gov/Recalls/2014/HM-Recalls-Girls-Leggings
1694,14192,2014-05-27,2014,Children’s Pajamas Recalled by Empress Arts Due to Violation of Federal Flammability Standards,apparel,True,flammability_burn,True,False,1400.0,36.0,mixed,1,China,China,Refund,,https://www.cpsc.gov/Recalls/2014/Childrens-Pajamas-Recalled-by-Empress-Arts
1715,14216,2014-06-25,2014,Women's Scarves Recalled by Julie Vos Due to Violation of Federal Flammability Standard,apparel,False,flammability_burn,True,False,324.0,165.0,mixed,1,India,India,Refund,,https://www.cpsc.gov/Recalls/2014/Womens-Scarves-Recalled-by-Julie-Vos
1821,14742,2014-08-07,2014,L.L. Bean Recalls Children’s Sweaters Due to Choking Hazard (Recall Alert),apparel,True,choking_small_parts,False,False,5300.0,30.0,mixed,1,China,China,Repair,,https://www.cpsc.gov/Recalls/2014/LL-Bean-Recalls-Childrens-Sweaters
1749,14257,2014-08-19,2014,BRITA Recalls Children’s Water Bottles Due to Laceration Hazard,apparel,True,laceration_puncture,False,False,242500.0,13.0,mixed,1,Mexico,Mexico,Refund,,https://www.cpsc.gov/Recalls/2014/BRITA-Recalls-Childrens-Water-Bottles
1826,14747,2014-08-27,2014,Swimwear Anywhere Recalls Little Marc Jacobs Girls Hooded Jackets Due to Strangulation Hazard (Recall Alert),apparel,True,drawstring_strangulation,False,False,210.0,89.0,mixed,1,India,India,Refund,cotton,https://www.cpsc.gov/Recalls/2014/Swimwear-Anywhere-Recalls-Little-Marc-Jacobs-Girls-Hooded-Jackets
1761,14269,2014-09-04,2014,Livie & Luca Recalls Children's Shoes Due to Laceration Hazard,apparel,True,laceration_puncture,False,True,5600.0,54.0,online_only,1,Mexico,Mexico,Refund;Replace,,https://www.cpsc.gov/Recalls/2014/Livie-and-Luca-Recalls-Childrens-Shoes
1764,14272,2014-09-10,2014,Benetton Recalls United Colors of Benetton Boys Jackets; Waist Drawstring Poses Entanglement Hazard,apparel,True,drawstring_strangulation,False,False,93.0,90.0,mixed,1,China,China,Refund,cotton,https://www.cpsc.gov/Recalls/2014/Benetton-Recalls-United-Colors-of-Benetton-Boys-Jackets
1773,14284,2014-09-30,2014,Trimfoot Recalls Children's Soft-Soled Sneakers Due to Choking Hazard; Sold exclusively at Macy's,apparel,True,choking_small_parts,False,False,5300.0,17.0,store_only,1,China,China,Refund,,https://www.cpsc.gov/Recalls/2014/Trimfoot-Recalls-Childrens-Soft-Soled-Sneakers
1776,14287,2014-09-30,2014,Pure Baby Organics Boys Hoodie Recalled by Chantique's Corp. Due To Strangulation Hazard,apparel,True,drawstring_strangulation,False,False,60.0,62.0,mixed,1,China,China,Refund,cotton,https://www.cpsc.gov/Recalls/2014/Pure-Baby-Organics-Boys-Hoodie-Recalled-by-Chantiques-Corp
1839,15001,2014-10-02,2014,Women’s Scarves Recalled by Zazou Scarves Due to Burn Hazard; Violation of Federal Flammability Standard,apparel,False,flammability_burn,True,False,3800.0,30.0,mixed,1,China,China,Refund,silk,https://www.cpsc.gov/Recalls/2015/Womens-Scarves-Recalled-by-Zazou-Scarves
1840,15002,2014-10-02,2014,Toys R Us Recalls Children’s Sandals Due to Choking Hazard,apparel,True,choking_small_parts,False,False,19000.0,13.0,mixed,1,China,China,Refund,,https://www.cpsc.gov/Recalls/2015/Toys-R-Us-Recalls-Childrens-Sandals
1972,15711,2014-12-09,2014,Nordstrom Recalls Open Vest Sweaters Due to Burn Hazard; Violation of Federal Flammability Standard (Recall Alert),apparel,False,flammability_burn,True,False,2030.0,70.0,mixed,1,China,China,Refund,cotton,https://www.cpsc.gov/Recalls/2015/Nordstrom-Recalls-Open-Vest-Sweaters
1975,15714,2014-12-22,2014,James Trading Group Recalls Croker Kids Fleece Panel Hoodie Due to Strangulation Hazard (Recall Alert),apparel,True,drawstring_strangulation,False,False,1113.0,50.0,mixed,1,China,China,Refund,cotton,https://www.cpsc.gov/Recalls/2015/James-Trading-Group-Recalls-Croker-Kids-Fleece-Panel-Hoodie
1891,15057,2015-01-08,2015,Children’s Pajamas Recalled by Star Ride Kids Due to Violation of Federal Flammability Standard,apparel,True,flammability_burn,True,False,7000.0,11.5,store_only,1,China,China,Refund,,https://www.cpsc.gov/Recalls/2015/Childrens-Pajamas-Recalled-by-Star-Ride-Kids
1907,15072,2015-02-04,2015,Children's Pajamas and Robes Recalled by Lazy One Due to Violation of Federal Flammability Standard,apparel,True,flammability_burn,True,False,8400.0,22.0,mixed,1,China,China,Replace,polyester,https://www.cpsc.gov/Recalls/2015/Childrens-Pajamas-and-Robes-Recalled-by-Lazy-One
1981,15720,2015-02-18,2015,Tommy Bahama Recalls Hula Girl Cocktail Shaker and Glass Sets Due to Laceration Hazard (Recall Alert),apparel,True,laceration_puncture,False,True,1700.0,50.0,mixed,1,China,China,Refund,,https://www.cpsc.gov/Recalls/2015/Tommy-Bahama-Recalls-Hula-Girl-Cocktail-Shaker-and-Glass-Sets
1923,15089,2015-03-04,2015,Children's Pajamas Recalled by KTM North America for Violation of Federal Flammability Standard,apparel,True,flammability_burn,True,False,2800.0,30.0,store_only,1,China,China,Refund,cotton,https://www.cpsc.gov/Recalls/2015/Childrens-Pajamas-Recalled-by-KTM-North-America
1928,15093,2015-03-10,2015,Children's Pajamas Recalled by K.J. Sportswear California Due to Violation of Federal Flammability Standard,apparel,True,flammability_burn,True,False,9200.0,37.5,store_only,1,China,China,Refund,polyester,https://www.cpsc.gov/Recalls/2015/Childrens-Pajamas-Recalled-by-KJ-Sportswear-California
1929,15094,2015-03-11,2015,SCARPA North America Recalls Ski Boots with Tronic System Due to Fall Hazard,apparel,False,fall_slip,False,True,2100.0,700.0,mixed,1,Italy,Italy,Refund,,https://www.cpsc.gov/Recalls/2015/SCARPA-North-America-Recalls-Tronic-System-Ski-Boots
1932,15097,2015-03-12,2015,Youth Loungewear Pants Recalled by M&M'S World Store Due to Violation of Federal Flammability Standard,apparel,True,flammability_burn,True,False,19000.0,22.0,store_only,1,China,China,Refund,cotton,https://www.cpsc.gov/Recalls/2015/Youth-Loungewear-Pants-Recalled-by-MandMs-World-Store
1937,15101,2015-03-19,2015,Spinrite Recalls Bernat Tizzy Yarn Due to Entanglement Hazard,apparel,True,entrapment_entanglement,False,False,620000.0,4.75,mixed,1,China,China,Refund,,https://www.cpsc.gov/Recalls/2015/Spinrite-Recalls-Bernat-Tizzy-Yarn
6352,15724,2015-03-27,2015,Lands' End Recalls Children's Pajamas and Robes Due to Violation of Federal Flammability Standard (Recall Alert),apparel,True,flammability_burn,True,False,173000.0,27.0,online_only,1,China,China,Refund,polyester,https://www.cpsc.gov/Recalls/2015/Lands-End-Recalls-Childrens-Pajamas-and-Robes
6358,15108,2015-04-08,2015,Children's Pajamas Recalled by Smooth Industries Due to Violation of Federal Flammability Standard,apparel,True,flammability_burn,True,False,7600.0,32.5,mixed,1,China,China,Replace,polyester,https://www.cpsc.gov/Recalls/2015/Childrens-Pajamas-Recalled-by-Smooth-Industries
6366,15113,2015-04-16,2015,Goochie Goo Garbs Recalls Children's Sensory Grab Garb Blankets Due to Laceration Hazard,home_textile,True,laceration_puncture,False,True,125.0,10.0,store_only,1,United States,United States,Refund;Replace,,https://www.cpsc.gov/Recalls/2015/Goochie-Goo-Garbs-Recalls-Childrens-Sensory-Grab-Garb-Blankets
6368,15115,2015-04-16,2015,"Gena Accessories Recalls Women’s Scarves Due to Burn Hazard, Violation of Federal Flammability Standard",apparel,False,flammability_burn,True,False,9400.0,12.0,online_only,1,China,China,Refund,,https://www.cpsc.gov/Recalls/2015/Gena-Accessories-Recalls-Womens-Scarves
6375,15122,2015-04-23,2015,Roberta Roller Rabbit Recalls Children’s Pajama Sets Due to Violation of Federal Flammability Standard,apparel,True,flammability_burn,True,False,32000.0,60.0,mixed,1,Peru,Peru,,cotton,https://www.cpsc.gov/Recalls/2015/Roberta-Roller-Rabbit-Recalls-Childrens-Pajama-Sets
6376,15123,2015-04-28,2015,Whistler Recalls Jump&Go Portable Jumpstart and Power Supply Units Due to Fire Hazard,apparel,False,flammability_burn,False,False,10400.0,90.0,mixed,1,China,China,Replace,,https://www.cpsc.gov/Recalls/2015/Whistler-Recalls-Jump-and-Go-Portable-Jumpstart-and-Power-Supply-Units
6384,15132,2015-05-12,2015,Schylling Recalls Police Press and Go Toy Vehicles Due to Choking Hazard,apparel,False,choking_small_parts,False,False,13200.0,5.0,store_only,1,China,China,Refund,,https://www.cpsc.gov/Recalls/2015/Schylling-Recalls-Toy-Police-Cars
6393,15137,2015-05-19,2015,Rocky Brands Recalls Rocky Rubber Snake Boots Due to Failure of Snake Guard,apparel,False,protective_failure,False,True,1800.0,200.0,mixed,1,China,China,Refund;Replace,,https://www.cpsc.gov/Recalls/2015/Rocky-Brands-Recalls-Rocky-Rubber-Snake-Boots
6426,15171,2015-06-25,2015,Tops with Elastic Draw Cords Recalled by lululemon athletica Due to Injury Hazard,apparel,False,other,False,True,133000.0,75.0,mixed,4,Bangladesh;China;Indonesia;Peru,Bangladesh,Repair,,https://www.cpsc.gov/Recalls/2015/lululemon-athletica-recalls-tops-with-elastic-cords
6471,15209,2015-08-06,2015,The Children's Place Recalls Boys' Varsity Jackets Due to Choking Hazard,apparel,True,choking_small_parts,False,False,13700.0,30.0,mixed,1,Pakistan,Pakistan,Refund,,https://www.cpsc.gov/Recalls/2015/The-Childrens-Place-Recalls-Boys-Varsity-Jackets
6474,15212,2015-08-12,2015,Flowers By Zoe Recalls Girls Striped Hoodie and Neon Tie Dye Jacket Due to Strangulation Hazard,apparel,True,drawstring_strangulation,False,False,122.0,45.0,store_only,1,Indonesia,Indonesia,Refund,rayon,https://www.cpsc.gov/Recalls/2015/Flowers-By-Zoe-Recalls-Girls-Striped-Hoodie-and-Neon-Tie-Dye-Jacket
6485,15220,2015-08-20,2015,Madewell Recalls Women's Sandals Due to Fall Hazard,apparel,False,fall_slip,False,False,50600.0,70.0,mixed,1,Brazil,Brazil,Refund,,https://www.cpsc.gov/Recalls/2015/Madewell-Recalls-Womens-Sandals
6490,15225,2015-08-26,2015,CAMP USA Recalls Blade Runner Crampons Due to Fall Hazard,apparel,False,fall_slip,False,False,900.0,350.0,mixed,1,Italy,Italy,Repair,,https://www.cpsc.gov/Recalls/2015/CAMP-USA-Recalls-Blade-Runner-Crampons
6491,15226,2015-08-26,2015,CAMP USA Recalls Tour Nanotech Crampons Due to Fall Hazard,apparel,False,fall_slip,False,False,500.0,220.0,mixed,1,Italy,Italy,Replace,,https://www.cpsc.gov/Recalls/2015/CAMP-USA-Recalls-Tour-Nanotech-Crampons
6501,15233,2015-09-04,2015,The James Trading Group Recalls Kids Sports Hoodie Due to Strangulation Hazard,apparel,True,drawstring_strangulation,False,False,1200.0,20.0,mixed,1,China,China,Refund,cotton,https://www.cpsc.gov/Recalls/2015/The-James-Trading-Group-Recalls-Kids-Sports-Hoodie
6525,15254,2015-09-29,2015,Madewell Expands Recall of Women's Sandals Due to Fall Hazard,apparel,False,fall_slip,False,False,570.0,100.0,mixed,1,Brazil,Brazil,Refund,,https://www.cpsc.gov/Recalls/2015/Madewell-Expands-Recall-of-Womens-Sandals
6544,16011,2015-10-20,2015,Golden Horse Recalls Children's Denim Pants Due to Choking Hazard; Sold Exclusively at Belk Stores,apparel,True,choking_small_parts,False,False,8300.0,24.0,mixed,1,China,China,Refund,,https://www.cpsc.gov/Recalls/2016/Golden-Horse-Recalls-Childrens-Denim-Pants
6559,16024,2015-10-29,2015,Maeli Rose Recalls Girls' Hoodies Due to a Strangulation Hazard,apparel,True,drawstring_strangulation,False,False,1200.0,20.0,store_only,1,China,China,Refund,polyester,https://www.cpsc.gov/Recalls/2016/Maeli-Rose-Recalls-Girls-Hoodies
6567,16029,2015-11-10,2015,Belle Investment Recalls Richie House Boys' Jackets Due to Entanglement Hazard,apparel,True,drawstring_strangulation,False,False,40.0,20.0,online_only,1,China,China,Refund,,https://www.cpsc.gov/Recalls/2016/Belle-Investment-Recalls-Richie-House-Boys-Jackets
6609,16716,2015-12-22,2015,Victorian Trading Company Recalls Tealight Holders Due to Fire Hazard (Recall Alert),apparel,False,flammability_burn,False,True,1000.0,20.0,online_only,1,China,China,Refund,,https://www.cpsc.gov/Recalls/2016/Victorian-Trading-Company-Recalls-Tealight-Holders
6616,16720,2016-01-07,2016,Zulily Recalls Children's Pajamas Due to Violation of Federal Flammability Standard (Recall Alert),apparel,True,flammability_burn,True,False,450.0,25.0,online_only,1,Mauritius,Mauritius,Refund,,https://www.cpsc.gov/Recalls/2016/Zulily-Recalls-Childrens-Pajamas
6627,16076,2016-01-19,2016,Walt Disney Parks and Resorts Recalls Infant Bodysuits Due to Choking Hazard,apparel,True,choking_small_parts,False,False,10000.0,20.0,store_only,1,Guatemala,Guatemala,Refund,,https://www.cpsc.gov/Recalls/2016/Walt-Disney-Parks-and-Resorts-Recalls-Infant-Bodysuits
6659,16106,2016-02-18,2016,Apple Recalls Travel Adapter Kits and Plugs Due to Risk of Electric Shock,apparel,False,other,False,True,814000.0,30.0,mixed,1,China,China,Replace,,https://www.cpsc.gov/Recalls/2016/Apple-Recalls-Travel-Adapter-Kits-and-Plugs
6660,16105,2016-02-18,2016,Snowboard Boots with Boa Secondary Reels Recalled by Boa Due to Fall Hazard,apparel,False,fall_slip,False,False,33000.0,100.0,mixed,1,China,China,Repair,,https://www.cpsc.gov/Recalls/2016/Snowboard-Boots-with-Boa-Secondary-Reels-Recalled-by-Boa
6662,16728,2016-02-18,2016,J. Crew Recalls Girls' Coats Due to Choking Hazard (Recall Alert),apparel,True,choking_small_parts,False,False,16400.0,155.0,mixed,1,China,China,Refund,,https://www.cpsc.gov/Recalls/2016/J-Crew-Recalls-Girls-Coats
6690,16734,2016-03-31,2016,Creating X Recalls Children's Pajamas Due to Violation of Federal Flammability Standard (Recall Alert),apparel,True,flammability_burn,True,False,5400.0,20.0,mixed,1,China,China,Replace,cotton,https://www.cpsc.gov/Recalls/2016/Creating-X-Recalls-Childrens-Pajamas
6695,16135,2016-04-05,2016,Eleanor Rose Recalls Children’s Loungewear Due to Violation of Federal Flammability Standard,apparel,True,flammability_burn,True,False,5900.0,30.0,online_only,1,El Salvador,El Salvador,Refund,,https://www.cpsc.gov/Recalls/2016/Eleanor-Rose-Recalls-Childrens-Loungewear
6697,16136,2016-04-06,2016,Ivanka Trump Scarves Recalled by GBG Accessories Group Due to Violation of Federal Flammability Standard,apparel,False,flammability_burn,True,False,20000.0,68.0,mixed,1,China,China,Refund,,https://www.cpsc.gov/Recalls/2016/Ivanka-Trump-Scarves-Recalled-by-GBG-Accessories-Group
6708,16145,2016-04-15,2016,Miniland Educational Recalls Moogy Plush Toys Due to Choking Hazard,apparel,False,choking_small_parts,False,True,2000.0,33.0,mixed,1,India,India,Refund,,https://www.cpsc.gov/Recalls/2016/Miniland-Educational-Recalls-Moogy-Plush-Toys
6713,16150,2016-04-21,2016,SouvNear Recalls Women’s Scarves Due to Violation of Federal Flammability Standard,apparel,False,flammability_burn,True,False,650.0,24.0,mixed,1,India,India,Refund,,https://www.cpsc.gov/Recalls/2016/SouvNear-Recalls-Womens-Scarves
6721,16740,2016-05-05,2016,BRP Recalls Side-by-Side Off-Road Vehicles Due to Loss of Steering Control and Crash Hazard (Recall Alert),apparel,False,other,False,True,10600.0,16350.0,store_only,1,Mexico,Mexico,Repair,,https://www.cpsc.gov/Recalls/2016/BRP-Recalls-Side-By-Side-Off-Road-Vehicles
7866,17702,2016-10-04,2016,FULLBEAUTY Brands Recalls Children's Nightgowns Due to Violation of Federal Flammability Standard (Recall Alert),apparel,True,flammability_burn,True,False,31500.0,16.5,online_only,1,Pakistan,Pakistan,Refund,,https://www.cpsc.gov/Recalls/2017/FULLBEAUTY-Brands-Recalls-Childrens-Nightgowns
7880,17015,2016-10-14,2016,Salewa North America Recalls Khion Ski Boots Due to Fall Hazard,apparel,False,fall_slip,False,False,1300.0,850.0,mixed,1,Italy,Italy,Refund;Replace,,https://www.cpsc.gov/Recalls/2017/Salewa-North-America-Recalls-Khion-Ski-Boots
7908,17033,2016-11-16,2016,Skidders Footwear Recalls Children's Shoes Due to Laceration Hazard; Sold Exclusively at Meijer Stores,apparel,True,laceration_puncture,False,False,5500.0,10.0,store_only,1,China,China,Refund,,https://www.cpsc.gov/Recalls/2017/Skidders-Footwear-Recalls-Childrens-Shoes
7909,17714,2016-11-22,2016,BRP Recalls Side-by-Side Off-Road Vehicles Due to Loss of Steering Control and Crash Hazard (Recall Alert),apparel,False,other,False,False,2380.0,25000.0,store_only,1,Mexico,Mexico,Repair,,https://www.cpsc.gov/Recalls/2017/BRP-Recalls-Side-by-Side-Off-Road-Vehicles-2
7945,17063,2017-01-04,2017,Walt Disney Parks and Resorts Recalls Minnie and Mickey Mouse Infant Hoodie Sweatshirts Due to Choking Hazard,apparel,True,choking_small_parts,False,False,15000.0,30.0,store_only,1,China,China,Refund,,https://www.cpsc.gov/Recalls/2017/Walt-Disney-Parks-and-Resorts-Recalls-Minnie-and-Mickey-Mouse-Infant-Hoodie-Sweatshirts
7954,17726,2017-01-12,2017,BRP Recalls Side-by-Side Off-Road Vehicles Due to Injury Hazard (Recall Alert),apparel,False,other,False,False,780.0,12850.0,store_only,1,Mexico,Mexico,Repair,,https://www.cpsc.gov/Recalls/2017/BRP-Recalls-Side-by-Side-Off-Road-Vehicles-1
7972,17081,2017-02-02,2017,Walt Disney Parks and Resorts Recalls Mickey Mouse Nightlights Due to Fire Hazard,apparel,False,flammability_burn,False,False,3000.0,15.0,mixed,1,China,China,Refund,,https://www.cpsc.gov/Recalls/2017/Walt-Disney-Parks-and-Resorts-Recalls-Mickey-Mouse-Nightlights
7988,17099,2017-02-28,2017,Dillard’s Recalls Baby Jackets Due to Choking Hazard,apparel,True,choking_small_parts,False,False,1800.0,40.0,mixed,1,China,China,Refund,,https://www.cpsc.gov/Recalls/2017/Dillards-Recalls-Baby-Jackets
7996,17733,2017-03-07,2017,L.L. Bean Recalls Snowshoes Due to Fall Hazard (Recall Alert),apparel,False,fall_slip,False,False,3000.0,170.0,mixed,1,Taiwan,Taiwan,Refund,,https://www.cpsc.gov/Recalls/2017/LL-Bean-Recalls-Snowshoes
8001,17110,2017-03-14,2017,LIVLY Recalls Children's Sleepwear Due to Violation of Federal Flammability Standard,apparel,True,flammability_burn,True,False,1200.0,55.0,mixed,1,Peru,Peru,Refund,cotton,https://www.cpsc.gov/Recalls/2017/LIVLY-Recalls-Childrens-Sleepwear
8037,17141,2017-04-26,2017,Women's Sweaters Recalled by FatFace Due to Violation of Federal Flammability Standard,apparel,False,flammability_burn,True,True,400.0,60.0,mixed,1,China,China,Refund,,https://www.cpsc.gov/Recalls/2017/Womens-Sweaters-Recalled-by-FatFace
8038,17142,2017-04-27,2017,Osprey Recalls Child Backpack Carriers Due to Fall Hazard,apparel,True,fall_slip,False,True,82000.0,250.0,mixed,1,Vietnam,Vietnam,Repair,,https://www.cpsc.gov/Recalls/2017/Osprey-Recalls-Child-Backpack-Carriers
8042,17741,2017-05-05,2017,Women's Scarves Recalled by DGFA Due to Violation of Federal Flammability Standard; Sold Exclusively on Amazon.com (Recall Alert),apparel,False,flammability_burn,True,False,200.0,15.5,online_only,1,China,China,Refund,silk,https://www.cpsc.gov/Recalls/2017/Womens-Scarves-Recalled-by-DGFA-Recall-Alert
8056,17155,2017-05-17,2017,Douglas Recalls Plush Toys Due to Choking Hazard,apparel,False,choking_small_parts,False,False,25000.0,20.0,store_only,1,China,China,Refund;Replace,,https://www.cpsc.gov/Recalls/2017/Douglas-Recalls-Plush-Toys
8078,17178,2017-06-15,2017,Little Giraffe Recalls Children's Robes Due to Violation of Federal Flammability Standard,apparel,True,flammability_burn,True,False,2000.0,100.0,mixed,1,China,China,Refund,,https://www.cpsc.gov/Recalls/2017/Little-Giraffe-Recalls-Childrens-Robes
8079,17749,2017-06-15,2017,iFashioning Recalls Women's Scarves Due to Violation of Federal Flammability Standard; Sold Exclusively on Amazon.com (Recall Alert),apparel,False,flammability_burn,True,False,2000.0,12.5,online_only,1,China,China,Refund,silk,https://www.cpsc.gov/Recalls/2017/iFashioning-Recalls-Womens-Scarves-Recall-Alert
8087,17183,2017-06-29,2017,Burt's Bees Baby Recalls Infant Coveralls Due to Choking Hazard,apparel,True,choking_small_parts,False,False,8500.0,18.0,mixed,1,India,India,Refund,,https://www.cpsc.gov/Recalls/2017/Burts-Bees-Baby-Recalls-Infant-Coveralls
8100,17758,2017-07-21,2017,ZORJAR Recalls Women's Scarves Due to Violation of Federal Flammability Standard; Sold Exclusively on Amazon.com (Recall Alert),apparel,False,flammability_burn,True,False,1700.0,24.0,online_only,1,China,China,Refund,silk,https://www.cpsc.gov/Recalls/2017/ZORJAR-Recalls-Womens-Scarves-Recall-Alert
8109,17197,2017-08-02,2017,Sweet Bamboo Recalls Children's Pajamas Due to Violation of Federal Flammability Standard,apparel,True,flammability_burn,True,False,500.0,40.0,mixed,1,China,China,Refund,,https://www.cpsc.gov/Recalls/2017/Sweet-Bamboo-Recalls-Childrens-Pajamas
8112,17200,2017-08-03,2017,Richie House Children's Robes Recalled by Belle Investment Due to Violation of Federal Flammability Standard; Sold Exclusively at Amazon.com,apparel,True,flammability_burn,True,False,1500.0,21.0,online_only,1,China,China,Refund,polyester,https://www.cpsc.gov/Recalls/2017/Richie-House-Childrens-Robes-Recalled-by-Belle-Investment
8115,17202,2017-08-08,2017,Meijer Recalls Children's Swimsuits Due to Choking Hazard,apparel,True,choking_small_parts,False,False,22200.0,14.0,store_only,1,China,China,Refund,,https://www.cpsc.gov/Recalls/2017/Meijer-Recalls-Childrens-Swimsuits
8119,17206,2017-08-15,2017,Laura Ashley Girl's Dresses Recalled by Pastourelle Due to Choking Hazard,apparel,True,choking_small_parts,False,False,2800.0,33.5,mixed,1,China,China,Refund,,https://www.cpsc.gov/Recalls/2017/Laura-Ashley-Girls-Dresses-Recalled-by-Pastourelle
8118,17205,2017-08-15,2017,Dan Post Boot Company Recalls Safety Boots and Shoes Due to Injury Hazard,apparel,False,laceration_puncture,False,True,7200.0,105.0,mixed,1,China,China,Refund,,https://www.cpsc.gov/Recalls/2017/Dan-Post-Boot-Company-Recalls-Safety-Boots-and-Shoes
8126,17211,2017-08-24,2017,Dr. Martens Vegan Boots Recalled by Airwair Due to Chemical Exposure Hazard,apparel,False,chemical,False,False,30000.0,125.0,mixed,1,Vietnam,Vietnam,Refund;Replace,,https://www.cpsc.gov/Recalls/2017/Dr-Martens-Vegan-Boots-Recalled-by-Airwair
8125,17210,2017-08-24,2017,Arc'teryx Recalls Ski Mountaineering Boots Due to Fall Hazard,apparel,False,fall_slip,False,False,3900.0,875.0,mixed,1,Romania,Romania,Repair,,https://www.cpsc.gov/Recalls/2017/Arcteryx-Recalls-Ski-Mountaineering-Boots
8129,17216,2017-08-31,2017,Hallmark Recalls Plush Baby Stacking Toys Due to Choking Hazard,apparel,True,choking_small_parts,False,False,5800.0,30.0,mixed,1,China,China,Refund,,https://www.cpsc.gov/Recalls/2017/Hallmark-Recalls-Plush-Baby-Stacking-Toys
8131,17765,2017-09-05,2017,ASHERANGEL Recalls Children's Sleepwear Due to Violation of Federal Flammability Standard; Sold Exclusively at Amazon.com (Recall Alert),apparel,True,flammability_burn,True,False,950.0,18.5,online_only,1,China,China,Refund,,https://www.cpsc.gov/Recalls/2017/ASHERANGEL-Recalls-Childrens-Sleepwear-Recall-Alert
8134,17766,2017-09-07,2017,L.L. Bean Recalls Toddler Sweater Fleece Pullovers Due to Choking Hazard (Recall Alert),apparel,True,choking_small_parts,False,False,2000.0,50.0,mixed,1,Jordan,Jordan,Refund,,https://www.cpsc.gov/Recalls/2017/L-L-Bean-Recalls-Toddler-Sweater-Fleece-Pullovers-Recall-Alert
8169,18021,2017-11-01,2017,Dondolo Recalls Children's Sleepwear Due to Violation of Federal Flammability Standard,apparel,True,flammability_burn,True,False,3100.0,32.5,mixed,1,Colombia,Colombia,Refund,cotton,https://www.cpsc.gov/Recalls/2018/Dondolo-Recalls-Childrens-Sleepwear
8168,18020,2017-11-01,2017,Little Mass Children's Sleepwear Recalled by Mass Creation Due to Violation of Federal Flammability Standard,apparel,True,flammability_burn,True,False,2300.0,34.5,mixed,1,United States,United States,Refund,,https://www.cpsc.gov/Recalls/2018/Little-Mass-Childrens-Sleepwear-Recalled-by-Mass-Creation
8167,18019,2017-11-01,2017,VIV&LUL Recalls Children's Sleepwear Due to Violation of Federal Flammability Standard; Sold Exclusively at Amazon.com (Recall Alert),apparel,True,flammability_burn,True,False,950.0,14.0,online_only,1,China,China,Refund,,https://www.cpsc.gov/Recalls/2018/VIV-LUL-Recalls-Childrens-Sleepwear-Recall-Alert
8173,18026,2017-11-08,2017,OshKosh Recalls Baby B'gosh Quilted Jacket Due to Choking Hazard,apparel,True,choking_small_parts,False,True,38000.0,37.5,mixed,1,Indonesia,Indonesia,Refund,,https://www.cpsc.gov/Recalls/2018/OshKosh-Recalls-Baby-Bgosh-Quilted-Jacket-Due-to-Choking-Hazard
8188,18042,2017-11-21,2017,Woolino Recalls Children's Pajamas Due to Violation of Federal Flammability Standard,apparel,True,flammability_burn,True,False,4100.0,55.0,mixed,1,China,China,Refund,,https://www.cpsc.gov/Recalls/2018/Woolino-Recalls-Childrens-Pajamas-Due-to-Violation-of-Federal-Flammability-Standard
8201,18056,2017-12-08,2017,One Stop Shop Recalls Children's Pajamas Due to Violation of Federal Flammability Standard: Sold Exclusively at Foreman Mills,apparel,True,flammability_burn,True,False,350.0,6.0,store_only,1,China,China,Refund,,https://www.cpsc.gov/Recalls/2018/One-Stop-Shop-Recalls-Childrens-Pajamas-Due-to-Violation-of-Federal-Flammability-Standard-Sold-Exclusively-at-Foreman-Mills
8206,18061,2017-12-14,2017,Todd Snyder Recalls Sweatshirts Due to Violation of Federal Flammability Standards,apparel,False,flammability_burn,True,False,2100.0,145.0,mixed,1,Canada,Canada,Refund,,https://www.cpsc.gov/Recalls/2018/Todd-Snyder-Recalls-Sweatshirts-Due-to-Violation-of-Federal-Flammability-Standards
8211,18066,2017-12-19,2017,Squatty Potty Recalls Children's Toilet Step Stools Due to Injury and Fall Hazards,apparel,True,fall_slip,False,True,2400.0,50.0,online_only,1,China,China,Refund,,https://www.cpsc.gov/Recalls/2018/Squatty-Potty-Recalls-Childrens-Toilet-Step-Stools-Due-to-Injury-and-Fall-Hazards
8214,18070,2017-12-21,2017,Wohali Outdoors Recalls Children's Sleepwear Due to Violation of Federal Flammability Standard; Sold Exclusively at Bass Pro Shops,apparel,True,flammability_burn,True,False,26800.0,25.0,mixed,1,China,China,Refund,,https://www.cpsc.gov/Recalls/2018/Wohali-Outdoors-Recalls-Childrens-Sleepwear-Due-to-Violation-of-Federal-Flammability-Standard-Sold-Exclusively-at-Bass-Pro-Shops
8218,18710,2017-12-22,2017,ACE Work Boots Recalled by Shoes for Crews Due to Injury Hazard (Recall Alert),apparel,False,laceration_puncture,False,False,4300.0,107.5,online_only,1,China,China,Refund,,https://www.cpsc.gov/Recalls/2018/ACE-Work-Boots-Recalled-by-Shoes-for-Crews-Due-to-Injury-Hazard-Recall-Alert
8255,18097,2018-02-13,2018,Tea Collection Recalls Children's Rompers Due to Choking Hazard,apparel,True,choking_small_parts,False,False,3800.0,27.0,mixed,1,Indonesia,Indonesia,Refund,,https://www.cpsc.gov/Recalls/2018/Tea-Collection-Recalls-Childrens-Rompers-Due-to-Choking-Hazard
8266,18109,2018-02-28,2018,PL Sleep Children's Sleepwear Recalled by Lemur Group Due to Violation of Federal Flammability Standard,apparel,True,flammability_burn,True,False,1100.0,27.0,mixed,1,China,China,Refund,,https://www.cpsc.gov/Recalls/2018/PL-Sleep-Childrens-Sleepwear-Recalled-by-Lemur-Group-Due-to-Violation-of-Federal-Flammability-Standard
8273,18117,2018-03-07,2018,Topson Downs Recalls Cat & Jack Girls' Star Studded Jeans Due to Laceration Hazard; Sold Exclusively at Target,apparel,True,laceration_puncture,False,True,30000.0,18.0,mixed,1,China,China,Refund,,https://www.cpsc.gov/Recalls/2018/Topson-Downs-Recalls-Cat-Jack-Girls-Star-Studded-Jeans-Due-to-Laceration-Hazard-Sold-Exclusively-at-Target
8291,18732,2018-03-28,2018,Shop LC Recalls Electric Blankets Due to Fire and Burn Hazards (Recall Alert),home_textile,False,flammability_burn,False,True,1650.0,50.0,mixed,1,China,China,Refund,,https://www.cpsc.gov/Recalls/2018/Shop-LC-Recalls-Electric-Blankets-Due-to-Fire-and-Burn-Hazards-Recall-Alert
8299,18137,2018-04-05,2018,Spirit Halloween Recalls Nickelodeon PAW PATROL Marshall Hat with Flashlight Due to Fire and Burn Hazards,apparel,False,flammability_burn,False,False,20000.0,13.0,store_only,1,China,China,Refund,,https://www.cpsc.gov/Recalls/2018/Spirit-Halloween-Recalls-Nickelodeon-PAW-PATROL-Marshall-Hat-with-Flashlight-Due-to-Fire-and-Burn-Hazards
8303,18139,2018-04-16,2018,Group Rossignol Recalls LOOK Pivot Ski Bindings Due to Fall Hazard,apparel,False,fall_slip,False,False,6900.0,375.0,mixed,1,France,France,Replace,,https://www.cpsc.gov/Recalls/2018/Group-Rossignol-Recalls-LOOK-Pivot-Ski-Bindings-Due-to-Fall-Hazard
8315,18148,2018-05-02,2018,Carter's Recalls Children's Cardigan Sets Due to Choking Hazard,apparel,True,choking_small_parts,False,False,107200.0,40.0,mixed,1,China,China,Refund,,https://www.cpsc.gov/Recalls/2018/Carters-Recalls-Childrens-Cardigan-Sets-Due-to-Choking-Hazard
8317,18740,2018-05-09,2018,Women’s Scarves Recalled by Wrapables Due to Violation of Federal Flammability Standard (Recall Alert),apparel,False,flammability_burn,True,False,1900.0,15.0,mixed,1,China,China,Refund,silk,https://www.cpsc.gov/Recalls/2018/Womens-Scarves-Recalled-by-Wrapables-Due-to-Violation-of-Federal-Flammability-Standard-Recall-Alert
8347,18749,2018-06-19,2018,Women's Scarves Recalled by Yangtze Store Due to Violation of Federal Flammability Standard Hazard; Sold Exclusively on Amazon.com (Recall Alert),apparel,False,flammability_burn,True,False,640.0,14.0,online_only,1,China,China,Refund,silk,https://www.cpsc.gov/Recalls/2018/Womens-Scarves-Recalled-by-Yangtze-Store-Due-to-Violation-of-Federal-Flammability-Standard-Sold-Exclusively-on-Amazon-Recall-Alert
8356,18753,2018-07-11,2018,Burton Recalls Snowboard Boots Due to Fall Hazard (Recall Alert),apparel,False,fall_slip,False,False,4800.0,350.0,mixed,1,China,China,Repair,,https://www.cpsc.gov/Recalls/2018/Burton-Recalls-Snowboard-Boots-Due-to-Fall-Hazard-Recall-Alert
8357,18188,2018-07-12,2018,Allura Recalls Children's Sleepwear Due to Violation of Federal Flammability Standard,apparel,True,flammability_burn,True,False,64000.0,10.5,mixed,1,China,China,Refund,polyester,https://www.cpsc.gov/Recalls/2018/Allura-Recalls-Childrens-Sleepwear-Due-to-Violation-of-Federal-Flammability-Standard
8360,18192,2018-07-24,2018,JCPenney Recalls Okie Dokie Denim Patches Shortie Shorts Due to Choking Hazard,apparel,True,choking_small_parts,False,False,5400.0,22.0,mixed,1,China,China,Refund,,https://www.cpsc.gov/Recalls/2018/JCPenney-Recalls-Okie-Dokie-Denim-Patches-Shortie-Shorts-Due-to-Choking-Hazard
8400,18225,2018-09-20,2018,Weeplay Kids Recalls Children's Coveralls Due to Choking Hazard,apparel,True,choking_small_parts,False,True,2500.0,16.0,mixed,1,China,China,Refund,cotton,https://www.cpsc.gov/Recalls/2018/Weeplay-Kids-Recalls-Childrens-Coveralls-Due-to-Choking-Hazard
8412,18234,2018-09-28,2018,Boy Story Recalls Action Dolls Due to Choking Hazard,apparel,True,choking_small_parts,False,False,8500.0,100.0,mixed,1,China,China,Refund,,https://www.cpsc.gov/Recalls/2018/Boy-Story-Recalls-Action-Dolls-Due-to-Choking-Hazard
8419,19006,2018-10-09,2018,Marker Recalls Kingpin Ski Bindings Due to Fall Hazard,apparel,False,fall_slip,False,False,4100.0,575.0,mixed,1,Czech Republic,Czech Republic,Replace,,https://www.cpsc.gov/Recalls/2019/Marker-Recalls-Kingpin-Ski-Bindings-Due-to-Fall-Hazard
8466,19044,2018-12-06,2018,Meijer Recalls Children's Hooded Jackets Due to Choking Hazard,apparel,True,choking_small_parts,False,False,25000.0,14.0,store_only,1,China,China,Refund,,https://www.cpsc.gov/Recalls/2019/Meijer-Recalls-Childrens-Hooded-Jackets-Due-to-Choking-Hazard
8473,19049,2018-12-13,2018,Women's Scarves Recalled by Raj Imports Due to Violation of Federal Flammability Standard,apparel,False,flammability_burn,True,False,300.0,15.0,online_only,1,India,India,Refund,silk,https://www.cpsc.gov/Recalls/2019/Womens-Scarves-Recalled-by-Raj-Imports-Due-to-Violation-of-Federal-Flammability-Standard
8477,19053,2018-12-18,2018,The Children's Place Recalls Infant Snowsuits Due to Choking Hazard,apparel,True,choking_small_parts,False,False,14900.0,50.0,mixed,1,China,China,Refund,polyester,https://www.cpsc.gov/Recalls/2019/The-Childrens-Place-Recalls-Infant-Snowsuits-Due-to-Choking-Hazard
8487,19062,2019-02-12,2019,Target Recalls Toddler Boots Due to Choking Hazard,apparel,True,choking_small_parts,False,False,33600.0,27.0,mixed,1,China,China,Refund,,https://www.cpsc.gov/Recalls/2019/Target-Recalls-Toddler-Boots-Due-to-Choking-Hazard
8492,19068,2019-02-20,2019,Crate and Barrel Recalls Holiday Milk Bottles Due To Laceration Hazard,apparel,False,laceration_puncture,False,False,17000.0,5.0,mixed,1,China,China,Refund,,https://www.cpsc.gov/Recalls/2019/Crate-and-Barrel-Recalls-Holiday-Milk-Bottles-Due-To-Laceration-Hazard
8507,19082,2019-03-14,2019,Tech Gear 5.7 Recalls Performance Heated Socks Due to Fire and Burn Hazards,apparel,False,flammability_burn,False,False,4000.0,130.0,mixed,1,China,China,Refund;Replace,,https://www.cpsc.gov/Recalls/2019/Tech-Gear-5-7-Recalls-Performance-Heated-Socks-Due-to-Fire-and-Burn-Hazards
8519,19092,2019-03-28,2019,Midwest-CBK Recalls Baby Rattle Socks Due to Choking Hazard,apparel,True,choking_small_parts,False,False,22600.0,10.0,store_only,1,China,China,Refund,cotton,https://www.cpsc.gov/Recalls/2019/Midwest-CBK-Recalls-Baby-Rattle-Socks-Due-to-Choking-Hazard
8521,19093,2019-04-02,2019,Amerex Group Recalls Infant Fur Jackets Due to Choking Hazard,apparel,True,choking_small_parts,False,True,1550.0,65.0,mixed,1,China,China,Refund,,https://www.cpsc.gov/Recalls/2019/Amerex-Group-Recalls-Infant-Fur-Jackets-Due-to-Choking-Hazard
8533,19736,2019-04-15,2019,H&M Recalls Children's Bathrobes Due to Violation of Flammability Standard (Recall Alert),apparel,True,flammability_burn,True,False,980.0,27.5,online_only,1,China,China,Refund,cotton,https://www.cpsc.gov/Recalls/2019/H-M-Recalls-Childrens-Bathrobes-Due-to-Violation-of-Flammability-Standard-Recall-Alert
8534,19106,2019-04-17,2019,Go Couture Recalls Children's Loungewear Due to Violation of Federal Flammability Standard,apparel,True,flammability_burn,True,False,120.0,38.0,mixed,1,United States,United States,Refund,polyester,https://www.cpsc.gov/Recalls/2019/Go-Couture-Recalls-Childrens-Loungewear-Due-to-Violation-of-Federal-Flammability-Standard
8567,19128,2019-05-29,2019,Aegean Apparel Recalls Children's Sleepwear Due to Violation of Federal Flammability Standard,apparel,True,flammability_burn,True,False,500.0,30.0,online_only,1,China,China,Refund,,https://www.cpsc.gov/Recalls/2019/Aegean-Apparel-Recalls-Childrens-Sleepwear-Due-to-Violation-of-Federal-Flammability-Standard
8575,19135,2019-06-11,2019,Target Recalls Toddler Boots Due to Choking Hazard,apparel,True,choking_small_parts,False,False,29000.0,20.0,mixed,1,China,China,Refund,,https://www.cpsc.gov/Recalls/2019/Target-Recalls-Toddler-Boots-Due-to-Choking-Hazard-19-135
8601,19756,2019-07-03,2019,Just Love Fashion Recalls Children's Pajama Pants Due to Violation of Federal Flammability Standard (Recall Alert),apparel,True,flammability_burn,True,False,1400.0,9.5,online_only,1,China,China,Refund,,https://www.cpsc.gov/Recalls/2019/Just-Love-Fashion-Recalls-Childrens-Pajama-Pants-Due-to-Violation-of-Federal-Flammability-Standard-Recall-Alert
8602,19757,2019-07-03,2019,The Company Store Recalls Girl's Pajama Sets Due to Violation of Federal Flammability Standard (Recall Alert),apparel,True,flammability_burn,True,False,2500.0,50.0,online_only,1,China,China,Refund,cotton,https://www.cpsc.gov/Recalls/2019/The-Company-Store-Recalls-Girls-Pajama-Sets-Due-to-Violation-of-Federal-Flammability-Standard-Recall-Alert
8624,19176,2019-07-25,2019,H&M Recalls Children's Pajamas Due to Violation of Federal Flammability Standard,apparel,True,flammability_burn,True,False,9000.0,19.99,mixed,1,Bangladesh,Bangladesh,Refund,,https://www.cpsc.gov/Recalls/2019/H&M-Recalls-Childrens-Pajamas-Due-to-Violation-of-Federal-Flammability-Standard
8629,19178,2019-07-31,2019,London Bridge Recalls Sock and Wrist Rattle Sets Due to Choking Hazard,apparel,True,choking_small_parts,False,False,7500.0,7.0,store_only,1,China,China,Refund,,https://www.cpsc.gov/Recalls/2019/London-Bridge-Recalls-Sock-and-Wrist-Rattle-Sets-Due-to-Choking-Hazard
8639,19185,2019-08-20,2019,SAMpark Recalls Children's Pajamas Due to Violation of Federal Flammability Standard,apparel,True,flammability_burn,True,False,185.0,30.0,store_only,1,India,India,Refund,,https://www.cpsc.gov/Recalls/2019/SAMpark-Recalls-Childrens-Pajamas-Due-to-Violation-of-Federal-Flammability-Standard
8653,19196,2019-08-30,2019,RH Recalls Turkish Robes Due to Violation of Federal Flammability Standard,apparel,False,flammability_burn,True,False,5400.0,97.5,mixed,1,Turkey,Turkey,Refund,cotton,https://www.cpsc.gov/Recalls/2019/RH-Recalls-Turkish-Robes-Due-to-Violation-of-Federal-Flammability-Standard
8666,19204,2019-09-10,2019,Ragdoll & Rockets Recalls Children's Loungewear Due to Violation of Federal Flammability Standard,apparel,True,flammability_burn,True,False,14100.0,22.0,mixed,1,China,China,Refund,,https://www.cpsc.gov/Recalls/2019/Ragdoll-Rockets-Recalls-Childrens-Loungewear-Due-to-Violation-of-Federal-Flammability-Standard
8704,20029,2019-11-21,2019,SCARPA North America Recalls Ski Boots Due to Fall Hazard,apparel,False,fall_slip,False,False,4200.0,700.0,mixed,1,Italy,Italy,Repair,,https://www.cpsc.gov/Recalls/2020/SCARPA-North-America-Recalls-Ski-Boots-Due-to-Fall-Hazard
8707,20033,2019-11-26,2019,"Recalled Products Sold by T.J. Maxx, Marshalls and HomeGoods After Recalls Were Announced",apparel,True,flammability_burn,False,False,1200.0,,unknown,0,,,Refund;Repair;Replace,,https://www.cpsc.gov/Recalls/2020/Recalled-Products-Sold-by-T-J-Maxx-Marshalls-and-HomeGoods-After-Recalls-Were-Announced
8716,20040,2019-12-17,2019,J. Crew Recalls Boys' Denim Pants Due to Aspiration and Choking Hazards,apparel,True,choking_small_parts,False,False,900.0,50.0,mixed,1,Pakistan,Pakistan,Repair,,https://www.cpsc.gov/Recalls/2020/J-Crew-Recalls-Boys-Denim-Pants-Due-to-Aspiration-and-Choking-Hazards
8726,20056,2020-01-14,2020,The Thompson's Company Recalls Aerosol Waterproofing Wood and Masonry Protectors Due to Fire Hazard,apparel,False,flammability_burn,False,False,852000.0,8.0,store_only,1,United States,United States,Refund,,https://www.cpsc.gov/Recalls/2020/The-Thompsons-Company-Recalls-Aerosol-Waterproofing-Wood-and-Masonry-Protectors-Due-to-Fire-Hazard
8739,20716,2020-01-30,2020,K-Apparel Recalls Children’s Lounge Pants Due to Violation of Federal Flammability Standard; Burn Hazard (Recall Alert),apparel,True,flammability_burn,True,False,2200.0,18.0,online_only,1,South Korea,South Korea,Refund,cotton,https://www.cpsc.gov/Recalls/2020/K-Apparel-Recalls-Childrens-Lounge-Pants-Due-to-Violation-of-Federal-Flammability-Standard-Burn-Hazard-Recall-Alert
8783,20729,2020-03-19,2020,Lilly of New York Children's Winter Boots Recalled by Kidz Concepts Due to Violation of Federal Lead Content Ban; Sold Exclusively at Zulily.com (Recall Alert),apparel,True,chemical,True,False,3200.0,37.5,online_only,1,China,China,Refund;Replace,,https://www.cpsc.gov/Recalls/2020/Lilly-of-New-York-Childrens-Winter-Boots-Recalled-by-Kidz-Concepts-Due-to-Violation-of-Federal-Lead-Content-Ban-Sold-Exclusively-at-Zulily-com-Recall-Alert
8812,20119,2020-05-07,2020,Noah Clothing Recalls Men's Reverse Fleece Hoodies Due to Violation of Federal Flammability Standard; Burn Hazard,apparel,False,flammability_burn,True,False,1400.0,150.0,mixed,1,Canada,Canada,Refund,cotton,https://www.cpsc.gov/Recalls/2020/Noah-Clothing-Recalls-Mens-Reverse-Fleece-Hoodies-Due-to-Violation-of-Federal-Flammability-Standard-Burn-Hazard
8822,20125,2020-05-20,2020,Bunz Kidz Children's Sleepwear Sets Recalled by Stargate Apparel Due to Violation of Federal Flammability Standard; Burn Hazard,apparel,True,flammability_burn,True,False,6600.0,36.0,mixed,1,China,China,Refund,polyester,https://www.cpsc.gov/Recalls/2020/Bunz-Kidz-Childrens-Sleepwear-Sets-Recalled-by-Stargate-Apparel-Due-to-Violation-of-Federal-Flammability-Standard-Burn-Hazard
8826,20127,2020-05-27,2020,Primark Recalls Kitten Heel Court Shoes Due to High Levels of Chromium; Risk of Skin Irritation,apparel,False,other,False,False,1700.0,16.0,store_only,1,China,China,Refund,,https://www.cpsc.gov/Recalls/2020/Primark-Recalls-Kitten-Heel-Court-Shoes-Due-to-High-Levels-of-Chromium-Risk-of-Skin-Irritation
8838,20141,2020-06-18,2020,Lochinvar Recalls Condensing Residential Boilers Due to Risk of Carbon Monoxide Poisoning,apparel,False,chemical,False,True,34300.0,16500.0,unknown,1,United States,United States,Repair,,https://www.cpsc.gov/Recalls/2020/Lochinvar-Recalls-Condensing-Residential-Boilers-Due-to-Risk-of-Carbon-Monoxide-Poisoning
8885,20173,2020-08-26,2020,Communicorp Recalls Plush Aflac Doctor Duck Due to Violation of Federal Lead Content Ban; Lead Poisoning Hazard,apparel,False,chemical,True,False,635500.0,4.0,unknown,1,China,China,Dispose,,https://www.cpsc.gov/Recalls/2020/Communicorp-Recalls-Plush-Aflac-Doctor-Duck-Due-to-Violation-of-Federal-Lead-Content-Ban-Lead-Poisoning-Hazard
8934,21021,2020-11-04,2020,Target Recalls Toddler Boots Due to Choking Hazard,apparel,True,choking_small_parts,False,False,122500.0,30.0,mixed,1,China,China,Refund,,https://www.cpsc.gov/Recalls/2021/Target-Recalls-Toddler-Boots-Due-to-Choking-Hazard
8943,21708,2020-11-12,2020,InvoSpa Recalls Heated Blankets Due to Fire and Burn Hazards; Sold Exclusively at Amazon.com (Recall Alert),home_textile,False,flammability_burn,False,True,7050.0,70.0,online_only,1,China,China,Refund,,https://www.cpsc.gov/Recalls/2021/InvoSpa-Recalls-Heated-Blankets-Due-to-Fire-and-Burn-Hazards-Sold-Exclusively-at-Amazon-com-Recall-Alert
8961,21048,2020-12-09,2020,Washington Shoe Company Recalls Western Chief Toddler Boots Due to Choking Hazard; Sold Exclusively at Target,apparel,True,choking_small_parts,False,False,77400.0,25.0,mixed,1,China,China,Refund,,https://www.cpsc.gov/Recalls/2021/Washington-Shoe-Company-Recalls-Western-Chief-Toddler-Boots-Due-to-Choking-Hazard-Sold-Exclusively-at-Target
8977,21061,2020-12-30,2020,Target Recalls Infant Rompers Due to Choking Hazard,apparel,True,choking_small_parts,False,True,299000.0,10.0,mixed,2,China;Vietnam,China,Refund,,https://www.cpsc.gov/Recalls/2021/Target-Recalls-Infant-Rompers-Due-to-Choking-Hazard
9020,21728,2021-03-18,2021,Parker Squared Recalls Shepherd Boy Plush Toys with Wire Shepherd's Staff Due to Laceration Hazard (Recall Alert),apparel,True,laceration_puncture,False,False,3000.0,16.0,online_only,1,China,China,Refund,,https://www.cpsc.gov/Recalls/2021/Parker-Squared-Recalls-Shepherd-Boy-Plush-Toys-with-Wire-Shepherd-s-Staff-Due-to-Laceration-Hazard-Recall-Alert
9039,21111,2021-04-14,2021,Target Recalls Cat & Jack Baby Rompers Due to Choking Hazard,apparel,True,choking_small_parts,False,True,44350.0,13.0,mixed,1,Vietnam,Vietnam,Refund,,https://www.cpsc.gov/Recalls/2021/Target-Recalls-Cat-Jack-Baby-Rompers-Due-to-Choking-Hazard
9041,21114,2021-04-21,2021,BRAV USA Recalls Youth Jackets with Drawstrings Due to Strangulation and Entrapment Hazards,apparel,True,drawstring_strangulation,False,True,156.0,160.0,mixed,1,China,China,Refund;Replace,,https://www.cpsc.gov/Recalls/2021/BRAV-USA-Recalls-Youth-Jackets-with-Drawstrings-Due-to-Strangulation-and-Entrapment-Hazards
9055,21126,2021-05-05,2021,Signature Hardware Recalls Towel Grab Bars Due to Fall and Injury Hazards,home_textile,False,fall_slip,False,True,330.0,140.0,online_only,1,China,China,Refund;Replace,,https://www.cpsc.gov/Recalls/2021/Signature-Hardware-Recalls-Towel-Grab-Bars-Due-to-Fall-and-Injury-Hazards
9074,21140,2021-05-26,2021,JCPenney Recalls Girls Puffer Jackets Due to Entanglement Hazard,apparel,True,drawstring_strangulation,False,True,3700.0,94.0,mixed,1,China,China,Refund;Repair,,https://www.cpsc.gov/Recalls/2021/JCPenney-Recalls-Girls-Puffer-Jackets-Due-to-Entanglement-Hazard
9108,21767,2021-07-22,2021,BRP Recalls Side-by-Side Vehicles Due to Fire Hazard (Recall Alert),apparel,False,flammability_burn,False,False,34400.0,17500.0,store_only,1,Mexico,Mexico,Repair,,https://www.cpsc.gov/Recalls/2021/BRP-Recalls-Side-by-Side-Vehicles-Due-to-Fire-Hazard-Recall-Alert
9111,21172,2021-07-28,2021,Birkenstock USA Recalls Kids' Mogami Sandals Due to Choking Hazard,apparel,True,choking_small_parts,False,False,15200.0,50.0,mixed,1,Germany,Germany,Refund,,https://www.cpsc.gov/Recalls/2021/Birkenstock-USA-Recalls-Kids-Mogami-Sandals-Due-to-Choking-Hazard
9113,21769,2021-07-29,2021,Children's Sleepwear Recalled Due to Violation of Federal Flammability Standard and Burn Hazard; Sold Exclusively by Zoetop Business Co. Ltd. at www.SHEIN.com (Recall Alert),apparel,True,flammability_burn,True,False,2320.0,8.0,online_only,1,China,China,Refund,,https://www.cpsc.gov/Recalls/2021/Childrens-Sleepwear-Recalled-Due-to-Violation-of-Federal-Flammability-Standard-and-Burn-Hazard-Sold-Exclusively-by-Zoetop-Business-Co-Ltd-at-www-SHEIN-com-Recall-Alert
9130,21187,2021-08-18,2021,Nordstrom Recalls Children's Socks Due to Choking Hazard,apparel,True,choking_small_parts,False,False,370.0,12.0,store_only,1,China,China,Refund,,https://www.cpsc.gov/Recalls/2021/Nordstrom-Recalls-Childrens-Socks-Due-to-Choking-Hazard
9175,22710,2021-11-12,2021,Hanna Andersson Recalls Baby Ruffle Rompers Due to Choking Hazard (Recall Alert),apparel,True,choking_small_parts,False,True,3200.0,40.0,online_only,1,Bangladesh,Bangladesh,Refund,cotton,https://www.cpsc.gov/Recalls/2022/Hanna-Andersson-Recalls-Baby-Ruffle-Rompers-Due-to-Choking-Hazard
9211,22055,2022-01-19,2022,Children's Sleepwear Garments Recalled by Childrensalon Due to Violation of Federal Flammability Standards and Burn Hazard,apparel,True,flammability_burn,True,False,180.0,44.5,online_only,3,"India (Fabric Flavours);China (Mini Lunn, Beau Kid);European Union (My Little Pie, Joha)",India (Fabric Flavours),Refund,cotton,https://www.cpsc.gov/Recalls/2022/Childrens-Sleepwear-Garments-Recalled-by-Childrensalon-Due-to-Violation-of-Federal-Flammability-Standards-and-Burn-Hazard
9226,22074,2022-02-09,2022,Stance Recalls Kids Crew Socks Due to Choking Hazard,apparel,True,choking_small_parts,False,False,10800.0,15.0,mixed,1,China,China,Refund,,https://www.cpsc.gov/Recalls/2022/Stance-Recalls-Kids-Crew-Socks-Due-to-Choking-Hazard
9223,22071,2022-02-09,2022,Children's Nightgowns Recalled by AllMeInGeld Due to Violation of Federal Flammability Standards and Burn Hazard; Sold Exclusively on Amazon.com,apparel,True,flammability_burn,True,False,3900.0,16.0,online_only,1,China,China,Refund,cotton,https://www.cpsc.gov/Recalls/2022/Childrens-Nightgowns-Recalled-by-AllMeInGeld-Due-to-Violation-of-Federal-Flammability-Standards-and-Burn-Hazard-Sold-Exclusively-on-Amazon-com
9235,22080,2022-02-16,2022,Esme Recalls Children's Sleepwear Due to Violation of Federal Flammability Standards and Burn Hazard,apparel,True,flammability_burn,True,False,3600.0,55.0,mixed,1,United States,United States,Refund;Replace,modal,https://www.cpsc.gov/Recalls/2022/Esme-Recalls-Childrens-Sleepwear-Due-to-Violation-of-Federal-Flammability-Standards-and-Burn-Hazard
9239,22084,2022-02-16,2022,In-Things Recalls Scarves Due to Violation of Federal Flammability Standard and Burn Hazard; Sold Exclusively at Saksoff5th.com,apparel,False,flammability_burn,True,False,200.0,40.0,online_only,1,China,China,Refund;Replace,silk,https://www.cpsc.gov/Recalls/2022/In-Things-Recalls-Scarves-Due-to-Violation-of-Federal-Flammability-Standard-and-Burn-Hazard-Sold-Exclusively-at-Saksoff5th-com
9245,22728,2022-02-17,2022,H&M Recalls Children's Sleepwear Sets Due to Violation of Federal Flammability Standards and Burn Hazard (Recall Alert),apparel,True,flammability_burn,True,False,615.0,30.0,online_only,1,Turkey,Turkey,Refund,rayon,https://www.cpsc.gov/Recalls/2022/H-M-Recalls-Childrens-Sleepwear-Sets-Due-to-Violation-of-Federal-Flammability-Standards-and-Burn-Hazard-Recall-Alert
9288,22124,2022-04-21,2022,The Red League Recalls Children's Pajamas Due to Burn Hazard,apparel,True,flammability_burn,False,False,910.0,39.0,mixed,1,China,China,Refund,cotton,https://www.cpsc.gov/Recalls/2022/The-Red-League-Recalls-Childrens-Pajamas-Due-to-Burn-Hazard
9287,22123,2022-04-21,2022,MWA Recalls LUXE+WILLOW Heated Blankets Due to Burn and Fire Hazards,home_textile,False,flammability_burn,False,True,4200.0,40.0,store_only,1,China,China,Refund,,https://www.cpsc.gov/Recalls/2022/MWA-Recalls-LUXE-WILLOW-Heated-Blankets-Due-to-Burn-and-Fire-Hazards
9301,22130,2022-05-05,2022,"Winter Water Factory Recalls Infant French Terry Jumpsuits, Rompers, Snap Suits, Baby Dresses and Bibs Due to Choking and Laceration Hazards",apparel,True,choking_small_parts,False,False,46500.0,34.0,mixed,1,United States,United States,Refund,,https://www.cpsc.gov/Recalls/2022/Winter-Water-Factory-Recalls-Infant-French-Terry-Jumpsuits-Rompers-Snap-Suits-Baby-Dresses-and-Bibs-Due-to-Choking-and-Laceration-Hazards
9309,22139,2022-05-26,2022,Copper Pearl Recalls Children's Sleepwear Due to Violation of Federal Flammability Standards and Burn Hazard,apparel,True,flammability_burn,True,False,1300.0,35.0,mixed,1,India,India,Refund,polyester,https://www.cpsc.gov/Recalls/2022/Copper-Pearl-Recalls-Childrens-Sleepwear-Due-to-Violation-of-Federal-Flammability-Standards-and-Burn-Hazard
9312,22142,2022-06-02,2022,Target Recalls Children's Cat & Jack Unicorn Cozy Pajama Sets Due to Burn Hazard,apparel,True,flammability_burn,False,False,120000.0,15.0,mixed,1,China,China,Refund,polyester,https://www.cpsc.gov/Recalls/2022/Target-Recalls-Childrens-Cat-Jack-Unicorn-Cozy-Pajama-Sets-Due-to-Burn-Hazard
9315,22145,2022-06-02,2022,Joey Clothing Recalls Children's Robes Due to Burn Hazard,apparel,True,flammability_burn,False,False,15930.0,32.5,online_only,1,China,China,Refund,,https://www.cpsc.gov/Recalls/2022/Joey-Clothing-Recalls-Childrens-Robes-Due-to-Burn-Hazard
9331,22165,2022-06-16,2022,Children's Sleepwear Recalled Due to Violation of Federal Flammability Standards and Burn Hazard; Imported by Loulou Lollipop,apparel,True,flammability_burn,True,False,1300.0,29.0,mixed,1,China,China,Refund,spandex,https://www.cpsc.gov/Recalls/2022/Childrens-Sleepwear-Recalled-Due-to-Violation-of-Federal-Flammability-Standards-and-Burn-Hazard-Imported-by-Loulou-Lollipop
9336,22170,2022-06-23,2022,The Children's Place Recalls Baby Boy Rompers Due to Choking Hazard,apparel,True,choking_small_parts,False,False,10850.0,25.0,mixed,1,India,India,Refund,,https://www.cpsc.gov/Recalls/2022/The-Childrens-Place-Recalls-Baby-Boy-Rompers-Due-to-Choking-Hazard
9343,22177,2022-06-30,2022,Children's Sleepwear Recalled Due to Violation of Federal Flammability Standards and Burn Hazard; Imported by Kids Tales; Sold Exclusively at Amazon.com,apparel,True,flammability_burn,True,False,9100.0,23.0,online_only,1,China,China,Refund,cotton,https://www.cpsc.gov/Recalls/2022/Childrens-Sleepwear-Recalled-Due-to-Violation-of-Federal-Flammability-Standards-and-Burn-Hazard-Imported-by-Kids-Tales-Sold-Exclusively-at-Amazon-com
9374,22202,2022-08-18,2022,Hard Rock Recalls Children's Hooded Sweatshirts with Drawstrings Due to Strangulation Hazard,apparel,True,drawstring_strangulation,False,False,1550.0,36.0,mixed,1,Portugal,Portugal,Refund;Repair,,https://www.cpsc.gov/Recalls/2022/Hard-Rock-Recalls-Childrens-Hooded-Sweatshirts-with-Drawstrings-Due-to-Strangulation-Hazard
9387,22769,2022-09-01,2022,Kolan Recalls Children's Sandals Due to Violation of Federal Lead Content Ban; Sold Exclusively on Amazon.com (Recall Alert),apparel,True,chemical,True,False,100.0,24.0,online_only,1,China,China,Refund,,https://www.cpsc.gov/Recalls/2022/Kolan-Recalls-Childrens-Sandals-Due-to-Violation-of-Federal-Lead-Content-Ban-Sold-Exclusively-on-Amazon-com-Recall-Alert
9422,23011,2022-10-13,2022,Children's Sleepwear Recalled Due to Violation of Federal Flammability Standards and Burn Hazard; Imported by Ekouaer; Sold Exclusively at Amazon.com,apparel,True,flammability_burn,True,False,9200.0,28.5,online_only,1,China,China,Refund,cotton,https://www.cpsc.gov/Recalls/2023/Childrens-Sleepwear-Recalled-Due-to-Violation-of-Federal-Flammability-Standards-and-Burn-Hazard-Imported-by-Ekouaer-Sold-Exclusively-at-Amazon-com
9421,23010,2022-10-13,2022,Children's Sleepwear Recalled Due to Violation of Federal Flammability Standards and Burn Hazard; Imported by Jammers Apparel Group; Sold Exclusively at JCPenney,apparel,True,flammability_burn,True,False,450.0,30.0,mixed,1,China,China,Refund,polyester,https://www.cpsc.gov/Recalls/2023/Childrens-Sleepwear-Recalled-Due-to-Violation-of-Federal-Flammability-Standards-and-Burn-Hazard-Imported-by-Jammers-Apparel-Group-Sold-Exclusively-at-JCPenney
9445,23036,2022-11-03,2022,Clarks Americas Recalls Women's Navy Blue Canvas Shoes Due to Chemical Hazard,apparel,False,chemical,False,False,113000.0,65.0,mixed,1,China,China,Refund,,https://www.cpsc.gov/Recalls/2023/Clarks-Americas-Recalls-Womens-Navy-Blue-Canvas-Shoes-Due-to-Chemical-Hazard
9455,23052,2022-11-23,2022,Bentex Recalls Children's Clothing Sets Due to Violation of the Federal Lead Paint and Lead Content Ban; Lead Poisoning Hazard,apparel,True,chemical,True,False,87000.0,15.0,mixed,1,Egypt,Egypt,Refund,polyester,https://www.cpsc.gov/Recalls/2023/Bentex-Recalls-Childrens-Clothing-Sets-Due-to-Violation-of-the-Federal-Lead-Paint-and-Lead-Content-Ban-Lead-Poisoning-Hazard
9469,23063,2022-12-08,2022,The Life is Good Company Recalls Darkest Blue Women's Fleece Sweatshirts and Men's Fleece Shorts Due to Violation of Federal Flammability Standard and Burn Hazard,apparel,False,flammability_burn,True,False,750.0,38.5,mixed,1,Guatemala,Guatemala,Refund,,https://www.cpsc.gov/Recalls/2023/The-Life-is-Good-Company-Recalls-Darkest-Blue-Womens-Fleece-Sweatshirts-and-Mens-Fleece-Shorts-Due-to-Violation-of-Federal-Flammability-Standard-and-Burn-Hazard
9488,23082,2022-12-29,2022,Surf 9 Recalls Body Glove Tandem and ULI Inflatable Paddle Boards Due to Drowning Hazard; Sold Exclusively at Costco,apparel,False,other,False,False,13300.0,750.0,mixed,1,China,China,Refund,,https://www.cpsc.gov/Recalls/2023/Surf-9-Recalls-Body-Glove-Tandem-and-ULI-Inflatable-Paddle-Boards-Due-to-Drowning-Hazard-Sold-Exclusively-at-Costco
9491,23085,2023-01-05,2023,P.J. Salvage Recalls Children's Pajamas Due to Burn Hazard,apparel,True,flammability_burn,False,False,2650.0,56.0,mixed,1,China,China,Refund,polyester,https://www.cpsc.gov/Recalls/2023/PJ-Salvage-Recalls-Childrens-Pajamas-Due-to-Burn-Hazard
9504,23097,2023-01-19,2023,Children's Pajama Sets Recalled Due to Violation of Federal Flammability Standards and Burn Hazard; Manufactured by Selfie Craft Company,apparel,True,flammability_burn,True,False,38740.0,39.0,mixed,2,United Kingdom;Bangladesh,United Kingdom,Refund,polyester,https://www.cpsc.gov/Recalls/2023/Childrens-Pajama-Sets-Recalled-Due-to-Violation-of-Federal-Flammability-Standards-and-Burn-Hazard-Manufactured-by-Selfie-Craft-Company
9508,23101,2023-01-19,2023,NewCosplay Children's Sleepwear Recalled Due to Violation of Federal Flammability Standards and Burn Hazard; Imported by Hainan Chong Yu Industrial; Sold Exclusively at Amazon.com,apparel,True,flammability_burn,True,False,2360.0,21.5,online_only,1,China,China,Refund,polyester,https://www.cpsc.gov/Recalls/2023/NewCosplay-Childrens-Sleepwear-Recalled-Due-to-Violation-of-Federal-Flammability-Standards-and-Burn-Hazard-Imported-by-Hainan-Chong-Yu-Industrial-Sold-Exclusively-at-Amazon-com
9506,23099,2023-01-19,2023,NewCosplay Children's Sleepwear Recalled Due to Violation of Federal Flammability Standards and Burn Hazard; Imported by Mianzhu Ye Xin Trading; Sold Exclusively at Amazon.com,apparel,True,flammability_burn,True,False,780.0,21.5,online_only,1,China,China,Refund,polyester,https://www.cpsc.gov/Recalls/2023/NewCosplay-Childrens=Sleepwear-Recalled-Due-to-Violation-of-Federal-Flammability-Standards-and-Burn=Hazard=Imported-by-Mianzhu-Ye-Xin-Trading-Sold-Exclusively-at-Amazon-com
9509,23102,2023-01-19,2023,NewCosplay Children's Sleepwear Recalled Due to Violation of Federal Flammability Standards and Burn Hazard; Imported by Shanghai Jing Cheng Landscape Engineering Company; Sold Exclusively at Amazon.com,apparel,True,flammability_burn,True,False,3300.0,21.5,online_only,1,China,China,Refund,polyester,https://www.cpsc.gov/Recalls/2023/NewCosplay-Childrens-Sleepwear-Recalled-Due-to-Violation-of-Federal-Flammability-Standards-and-Burn-Hazard-Imported-by-Shanghai-Jing-Cheng-Landscape-Engineering-Company-Sold-Exclusively-at-Amazon-com
9511,23104,2023-01-19,2023,NewCosplay Children's Sleepwear Recalled Due to Violation of Federal Flammability Standards and Burn Hazard; Imported by Shanghai Xunao Elevator; Sold Exclusively at Amazon.com,apparel,True,flammability_burn,True,False,2140.0,17.0,online_only,1,China,China,Refund,polyester,https://www.cpsc.gov/Recalls/2023/NewCosplay-Childrens-Sleepwear-Recalled-Due-to-Violation-of-Federal-Flammability-Standards-and-Burn-Hazard-Imported-by-Shanghai-Xunao-Elevator-Sold-Exclusively-at-Amazon-com
9507,23100,2023-01-19,2023,NewCosplay Children's Sleepwear Recalled Due to Violation of Federal Flammability Standards and Burn Hazard; Imported by Weihai Juanhai Decoration Material; Sold Exclusively at Amazon.com,apparel,True,flammability_burn,True,False,280.0,21.5,online_only,1,China,China,Refund,polyester,https://www.cpsc.gov/Recalls/2023/NewCosplay-Childrens-Sleepwear-Recalled-Due-to-Violation-of-Federal-Flammability-Standards-and-Burn-Hazard-Imported-by-Weihai-Juanhai-Decoration-Material-Sold-Exclusively-at-Amazon-com
9502,23095,2023-01-19,2023,Vaenait Baby Recalls Children's Robes Due to Violation of Federal Flammability Standards and Burn Hazard,apparel,True,flammability_burn,True,False,2400.0,11.0,store_only,1,China,China,Refund,polyester,https://www.cpsc.gov/Recalls/2023/Vaenait-Baby-Recalls-Childrens-Robes-Due-to-Violation-of-Federal-Flammability-Standards-and-Burn-Hazard
9510,23103,2023-01-19,2023,NewCosplay Children's Sleepwear Recalled Due to Violation of Federal Flammability Standards and Burn Hazard; Imported by Shanghai Jinhui Gardening Center; Sold Exclusively at Amazon.com,apparel,True,flammability_burn,True,False,1930.0,21.5,online_only,1,China,China,Refund,polyester,https://www.cpsc.gov/Recalls/2023/NewCosplay-Childrens-Sleepwear-Recalled-Due-to-Violation-of-Federal-Flammability-Standards-and-Burn-Hazard-Imported-by-Shanghai-Jinhui-Gardening-Center-Sold-Exclusively-at-Amazon-com
9513,23106,2023-01-26,2023,Properly Tied Recalls Children's Lounge Pants Due to Violation of Federal Flammability Standards and Burn Hazard,apparel,True,flammability_burn,True,False,1960.0,28.5,mixed,1,China,China,Refund,cotton,https://www.cpsc.gov/Recalls/2023/Properly-Tied-Recalls-Childrens-Lounge-Pants-Due-to-Violation-of-Federal-Flammability-Standards-and-Burn-Hazard
9515,23109,2023-02-02,2023,Paper Cape Recalls Children's Pajamas Due to Violation of Federal Flammability Standards and Burn Hazard,apparel,True,flammability_burn,True,False,5720.0,51.5,mixed,1,Peru,Peru,Refund,,https://www.cpsc.gov/Recalls/2023/Paper-Cape-Recalls-Childrens-Pajamas-Due-to-Violation-of-Federal-Flammability-Standards-and-Burn-Hazard
9516,23110,2023-02-02,2023,Children's Robes Recalled Due to Violation of Federal Flammability Standards and Burn Hazard; Imported by BTPEIHTD; Sold Exclusively at Amazon.com,apparel,True,flammability_burn,True,False,2000.0,20.5,online_only,1,China,China,Refund,polyester,https://www.cpsc.gov/Recalls/2023/Childrens-Robes-Recalled-Due-to-Violation-of-Federal-Flammability-Standards-and-Burn-Hazard-Imported-by-BTPEIHTD-Sold-Exclusively-at-Amazon-com
9524,23723,2023-02-09,2023,BRP Recalls Side-By-Side Vehicles Due to Fire Hazard (Recall Alert),apparel,False,flammability_burn,False,False,3310.0,17500.0,store_only,1,Mexico,Mexico,Repair,,https://www.cpsc.gov/Recalls/2023/BRP-Recalls-Side-By-Side-Vehicles-Due-to-Fire-Hazard-Recall-Alert-1
9529,23121,2023-02-16,2023,Children's Nightgowns Recalled Due to Violation of Federal Flammability Standards and Burn Hazard; Imported by The Oaks Apparel Company,apparel,True,flammability_burn,True,False,320.0,53.0,mixed,1,China,China,Refund,cotton,https://www.cpsc.gov/Recalls/2023/Childrens-Nightgowns-Recalled-Due-to-Violation-of-Federal-Flammability-Standards-and-Burn-Hazard-Imported-by-The-Oaks-Apparel-Company
9538,23131,2023-02-23,2023,SCARPA North America Recalls F1 Ski Boots Due to Fall Hazard,apparel,False,fall_slip,False,False,770.0,900.0,mixed,1,Italy,Italy,Repair,,https://www.cpsc.gov/Recalls/2023/SCARPA-North-America-Recalls-F1-Ski-Boots-Due-to-Fall-Hazard
9554,23733,2023-03-02,2023,Active Sports Recalls Wakeboard Bindings Due to Fall Hazard (Recall Alert),apparel,False,fall_slip,False,False,850.0,200.0,online_only,1,China,China,Refund;Replace,,https://www.cpsc.gov/Recalls/2023/Active-Sports-Recalls-Wakeboard-Bindings-Due-to-Fall-Hazard-Recall-Alert
9552,23731,2023-03-02,2023,Smocked Runway Recalls Classic Whimsy Children's Pajamas Due to Violation of Federal Flammability Standards and Burn Hazard (Recall Alert),apparel,True,flammability_burn,True,False,7200.0,22.5,online_only,1,China,China,Refund,cotton,https://www.cpsc.gov/Recalls/2023/Smocked-Runway-Recalls-Classic-Whimsy-Childrens-Pajamas-Due-to-Violation-of-Federal-Flammability-Standards-and-Burn-Hazard-Recall-Alert
9547,23138,2023-03-02,2023,Patagonia Recalls Patagonia Infant Capilene Midweight Base Layer Sets Due to Choking Hazard,apparel,True,choking_small_parts,False,True,8000.0,55.0,mixed,1,Sri Lanka,Sri Lanka,Refund,,https://www.cpsc.gov/Recalls/2023/Patagonia-Recalls-Patagonia-Infant-Capilene-Midweight-Base-Layer-Sets-Due-to-Choking-Hazard
9550,23141,2023-03-02,2023,Helly Hansen Recalls Adult Workwear Sweatshirts and Hoodies Due to Violation of Federal Flammability Standard and Burn Hazard,apparel,False,flammability_burn,True,False,13900.0,40.0,mixed,2,Sri Lanka;Turkey,Sri Lanka,Refund;Replace,cotton,https://www.cpsc.gov/Recalls/2023/Helly-Hansen-Recalls-Adult-Workwear-Sweatshirts-and-Hoodies-Due-to-Violation-of-Federal-Flammability-Standard-and-Burn-Hazard
9559,23149,2023-03-09,2023,Akerson Enterprises Recalls Kindred Bravely Bamboo Nursing Hoodies Due to Choking Hazard,apparel,False,choking_small_parts,False,False,7500.0,75.0,mixed,1,China,China,Repair,,https://www.cpsc.gov/Recalls/2023/Akerson-Enterprises-Recalls-Kindred-Bravely-Bamboo-Nursing-Hoodies-Due-to-Choking-Hazard
9562,23735,2023-03-09,2023,Bedshe International Recalls Bedsure Electric Heating Blankets and Pads Due to Fire and Thermal Burn Hazards (Recall Alert),home_textile,False,flammability_burn,False,True,350000.0,67.5,online_only,1,China,China,Refund,,https://www.cpsc.gov/Recalls/2023/Bedshe-International-Recalls-Bedsure-Electric-Heating-Blankets-and-Pads-Due-to-Fire-and-Thermal-Burn-Hazards-Recall-Alert
9568,23157,2023-03-16,2023,Sunbeam Heated Blankets Recalled Due to Burn and Fire Hazards; Distributed by Star Elite,home_textile,False,flammability_burn,False,False,43000.0,120.0,mixed,1,China,China,Refund,,https://www.cpsc.gov/Recalls/2023/Sunbeam-Heated-Blankets-Recalled-Due-to-Burn-and-Fire-Hazards-Distributed-by-Star-Elite
9582,23171,2023-03-30,2023,Carhartt Recalls Men's Work Pants with Hem Adjustment Cords Due to Fall Hazard; Sold Exclusively at Dick's Sporting Goods,apparel,False,drawstring_strangulation,False,False,32505.0,70.0,mixed,1,India,India,Refund,cotton,https://www.cpsc.gov/Recalls/2023/Carhartt-Recalls-Mens-Work-Pants-with-Hem-Adjustment-Cords-Due-to-Fall-Hazard-Sold-Exclusively-at-Dicks-Sporting-Goods
9594,23745,2023-04-13,2023,Goumi Recalls Children's Robes Due to Violation of Federal Flammability Standards and Burn Hazard (Recall Alert),apparel,True,flammability_burn,True,False,760.0,,unknown,1,China,China,Replace,cotton,https://www.cpsc.gov/Recalls/2023/Goumi-Recalls-Childrens-Robes-Due-to-Violation-of-Federal-Flammability-Standards-and-Burn-Hazard-Recall-Alert
9592,23743,2023-04-13,2023,Children's Nightgowns Recalled Due to Violation of Federal Flammability Standards and Burn Hazard; Imported by Arshiner; Sold Exclusively on Amazon.com (Recall Alert),apparel,True,flammability_burn,True,False,5300.0,16.0,online_only,1,China,China,Refund,polyester,https://www.cpsc.gov/Recalls/2023/Childrens-Nightgowns-Recalled-Due-to-Violation-of-Federal-Flammability-Standards-and-Burn-Hazard-Imported-by-Arshiner-Sold-Exclusively-on-Amazon-com-Recall-Alert
9600,23188,2023-04-20,2023,NewCosplay Children's Sleepwear Recalled Due to Violation of Federal Flammability Standards and Burn Hazard; Imported by Taizhou Jiawang Trading Co.; Sold Exclusively at Amazon.com,apparel,True,flammability_burn,True,False,868.0,30.0,online_only,1,China,China,Refund,polyester,https://www.cpsc.gov/Recalls/2023/NewCosplay-Childrens-Sleepwear-Recalled-Due-to-Violation-of-Federal-Flammability-Standards-and-Burn-Hazard-Imported-by-Taizhou-Jiawang-Trading-Co-Sold-Exclusively-at-Amazon-com
9599,23187,2023-04-20,2023,NewCosplay Children's Sleepwear Recalled Due to Violation of Federal Flammability Standards and Burn Hazard; Imported by Changshu Lingshang Trading; Sold Exclusively at Amazon.com,apparel,True,flammability_burn,True,False,110.0,22.0,online_only,1,China,China,Refund,polyester,https://www.cpsc.gov/Recalls/2023/NewCosplay-Childrens-Sleepwear-Recalled-Due-to-Violation-of-Federal-Flammability-Standards-and-Burn-Hazard-Imported-by-Changshu-Lingshang-Trading-Sold-Exclusively-at-Amazon-com
9601,23746,2023-04-20,2023,Bagno Milano Recalls Children's Robes Due to Violation of Federal Flammability Standards and Burn Hazard (Recall Alert),apparel,True,flammability_burn,True,False,3600.0,33.5,online_only,1,Turkey,Turkey,Refund,cotton,https://www.cpsc.gov/Recalls/2023/Bagno-Milano-Recalls-Childrens-Robes-Due-to-Violation-of-Federal-Flammability-Standards-and-Burn-Hazard-Recall-Alert
9615,23752,2023-05-04,2023,CultureFly Recalls L.O.L. Surprise! Trick or Treat Subscription Boxes Sold with Metal Doll Pins Due to the Violation of the Federal Lead Paint Ban; Lead Poisoning Hazard (Recall Alert),apparel,False,chemical,True,False,6600.0,38.0,online_only,1,China,China,Refund,,https://www.cpsc.gov/Recalls/2023/CultureFly-Recalls-LOL-Surprise-Trick-or-Treat-Subscription-Boxes-Sold-with-Metal-Doll-Pins-Due-to-the-Violation-of-the-Federal-Lead-Paint-Ban-Lead-Poisoning-Hazard-Recall-Alert
9646,23766,2023-06-08,2023,Children's Pajamas Recalled Due to Violation of Federal Flammability Standards and Burn Hazard; Imported by Deux Par Deux (Recall Alert),apparel,True,flammability_burn,True,False,90.0,35.0,online_only,1,China,China,Refund,,https://www.cpsc.gov/Recalls/2023/Childrens-Pajamas-Recalled-Due-to-Violation-of-Federal-Flammability-Standards-and-Burn-Hazard-Imported-by-Deux-Par-Deux-Recall-Alert
9653,23228,2023-06-22,2023,Boost The Mood Ceramic Mugs Recalled by Michael Giordano International Due to Fire Hazard,apparel,False,flammability_burn,False,True,26400.0,16.0,mixed,1,China,China,Refund,,https://www.cpsc.gov/Recalls/2023/Boost-The-Mood-Ceramic-Mugs-Recalled-by-Michael-Giordano-International-Due-to-Fire-Hazard
9683,23257,2023-08-10,2023,The Children's Place Recalls Two Styles of Baby and Toddler Boy Basic Stretch Straight Leg Jeans Due to Choking Hazard,apparel,True,choking_small_parts,False,False,97400.0,25.0,store_only,1,Kenya,Kenya,Refund,,https://www.cpsc.gov/Recalls/2023/The-Childrens-Place-Recalls-Two-Styles-of-Baby-and-Toddler-Boy-Basic-Stretch-Straight-Leg-Jeans-Due-to-Choking-Hazard
9732,24701,2023-10-05,2023,CURiO Recalls Capri Blue Pet Products Due to Risk of Exposure to Bacteria (Recall Alert),home_textile,False,other,False,True,59000.0,17.0,mixed,1,United States,United States,Refund,,https://www.cpsc.gov/Recalls/2024/CURiO-Recalls-Capri-Blue-Pet-Products-Due-to-Risk-of-Exposure-to-Bacteria-Recall-Alert
9731,24004,2023-10-05,2023,Children's Blanket Sleepers and Robes Recalled by International Intimates Due to Burn Hazard and Violation of Federal Flammability Standards,home_textile,True,flammability_burn,True,False,38700.0,15.0,mixed,1,China,China,Refund,polyester,https://www.cpsc.gov/Recalls/2024/Childrens-Blanket-Sleepers-and-Robes-Recalled-by-International-Intimates-Due-to-Burn-Hazard-and-Violation-of-Federal-Flammability-Standards
9736,24702,2023-10-12,2023,YourHealthToolkit Recalls Children's Weighted Blankets Due to Asphyxiation Hazard; Sold Exclusively on Amazon.com (Recall Alert),home_textile,True,choking_small_parts,False,False,280.0,32.5,online_only,1,China,China,Refund,,https://www.cpsc.gov/Recalls/2024/YourHealthToolkit-Recalls-Childrens-Weighted-Blankets-Due-to-Asphyxiation-Hazard-Sold-Exclusively-on-Amazon-com-Recall-Alert
9734,24007,2023-10-12,2023,Little Sleepies Recalls Sleepyhead Loveys and Bandana Bibs Due to Choking Hazard,home_textile,True,choking_small_parts,False,False,450000.0,30.0,mixed,1,China,China,Refund,,https://www.cpsc.gov/Recalls/2024/Little-Sleepies-Recalls-Sleepyhead-Loveys-and-Bandana-Bibs-Due-to-Choking-Hazard
9747,24018,2023-11-02,2023,Lochinvar Recalls Condensing Boilers Due to Risk of Carbon Monoxide Poisoning,apparel,False,chemical,False,True,17.0,7000.0,unknown,1,United States,United States,Repair,,https://www.cpsc.gov/Recalls/2024/Lochinvar-Recalls-Condensing-Boilers-Due-to-Risk-of-Carbon-Monoxide-Poisoning
9758,24712,2023-11-09,2023,Children's Nightgowns Recalled Due to Burn Hazard and Violation of Federal Flammability Standards; Sold by iMOONZZZ Exclusively on Amazon.com,apparel,True,flammability_burn,True,False,13300.0,24.5,online_only,1,China,China,Refund,cotton,https://www.cpsc.gov/Recalls/2024/Childrens-Nightgowns-Recalled-Due-to-Burn-Hazard-and-Violation-of-Federal-Flammability-Standards-Sold-by-iMOONZZZ-Exclusively-on-Amazon-com
9751,24021,2023-11-09,2023,Amer Sports Winter & Outdoor Recalls Ski Touring Bindings Due to Fall and Injury Hazards,apparel,False,fall_slip,False,False,4250.0,575.0,mixed,1,Romania,Romania,Replace,,https://www.cpsc.gov/Recalls/2024/Amer Sports Winter & Outdoor Recalls Ski Touring Bindings Due to Fall and Injury Hazards
9761,24027,2023-11-16,2023,Khaite Recalls Women's High Heeled Sandals Due to Fall Hazard,apparel,False,fall_slip,False,False,1860.0,1000.0,mixed,1,Italy,Italy,Refund,,https://www.cpsc.gov/Recalls/2024/Khaite-Recalls-Womens-High-Heeled-Sandals-Due-to-Fall-Hazard
9771,24034,2023-11-30,2023,Berkshire Blanket & Home Company Recalls Heated Throws and Blankets Due to Fire and Thermal Burn Hazards,home_textile,False,flammability_burn,False,False,29840.0,115.0,mixed,1,China,China,Refund,,https://www.cpsc.gov/Recalls/2024/Berkshire-Blanket-Home-Company-Recalls-Heated-Throws-and-Blankets-Due-to-Fire-and-Thermal-Burn-Hazards
9811,24737,2023-12-21,2023,"Litti City and Litti Pritti Dress-up Playsets and Prextex Slime Eggs Recalled Due to Violations of Federal Phthalates and Lead Content Bans; Imported by Perch, Amusty and Bingo Deals (Recall Alert)",apparel,False,chemical,True,False,205000.0,27.0,mixed,1,China,China,Refund,,https://www.cpsc.gov/Recalls/2024/Litti-City-and-Litti-Pritti-Dress-up-Playsets-and-Prextex-Slime-Eggs-Recalled-Due-to-Violations-of-Federal-Phthalates-and-Lead-Content-Bans-Imported-by-Perch-Amusty-and-Bingo-Deals-Recall-Alert
9815,24072,2024-01-04,2024,H.H. Brown Shoe Company Recalls Redeemer Work Boots Due to Injury Hazard,apparel,False,laceration_puncture,False,False,2360.0,190.0,mixed,1,Vietnam,Vietnam,Replace,,https://www.cpsc.gov/Recalls/2024/H-H-Brown-Shoe-Company-Recalls-Redeemer-Work-Boots-Due-to-Injury-Hazard
9823,24082,2024-01-11,2024,Boot Royalty Recalls Men's Leather Work Boots Due to Crush Hazard,apparel,False,protective_failure,False,True,3200.0,175.0,mixed,1,Vietnam,Vietnam,Replace,,https://www.cpsc.gov/Recalls/2024/Boot-Royalty-Recalls-Mens-Leather-Work-Boots-Due-to-Crush-Hazard
9875,24138,2024-02-29,2024,Children's Pajamas Recalled Due to Burn Hazard and Violation of Federal Flammability Standards; Sold Exclusively by Liverpool Football Club,apparel,True,flammability_burn,True,False,720.0,22.0,mixed,3,China;India;Bangladesh,China,Refund,cotton,https://www.cpsc.gov/Recalls/2024/Childrens-Pajamas-Recalled-Due-to-Burn-Hazard-and-Violation-of-Federal-Flammability-Standards-Sold-Exclusively-by-Liverpool-Football-Club
9872,24135,2024-02-29,2024,Oso & Me Recalls Children's Pajama Sets Due to Burn Hazard; Violation of the Federal Flammability Regulations for Children's Sleepwear,apparel,True,flammability_burn,True,False,170.0,98.0,mixed,1,Sri Lanka,Sri Lanka,Refund,cotton,https://www.cpsc.gov/Recalls/2024/Oso-and-Me-Recalls-Childrens-Pajama-Sets-Due-to-Burn-Hazard-Violation-of-the-Federal-Flammability-Regulations-for-Childrens-Sleepwear
9887,24152,2024-03-07,2024,TJX Recalls Children's Brown Stretch Twill Pants Sets Due to Choking Hazard; Sold Exclusively at Marshalls,apparel,True,drawstring_strangulation,False,False,14500.0,13.0,store_only,1,China,China,Refund;Repair,,https://www.cpsc.gov/Recalls/2024/TJX-Recalls-Childrens-Brown-Stretch-Twill-Pants-Sets-Due-to-Choking-Hazard-Sold-Exclusively-at-Marshalls
9896,24167,2024-03-21,2024,Fisher-Price Recalls Little People Mickey and Friends Figures Due to Choking Hazard,apparel,False,choking_small_parts,False,False,204000.0,20.0,mixed,1,China,China,Refund,,https://www.cpsc.gov/Recalls/2024/Fisher-Price-Recalls-Little-People-Mickey-and-Friends-Figures-Due-to-Choking-Hazard
9895,24166,2024-03-21,2024,Culture Kings Recalls Sneaker Basel Magnetic Levitation Displays Due to Laceration and Ingestion Hazards,apparel,False,chemical,False,True,4300.0,164.0,online_only,1,China,China,Dispose;Refund,,https://www.cpsc.gov/Recalls/2024/Culture-Kings-Recalls-Sneaker-Basel-Magnetic-Levitation-Displays-Due-to-Laceration-and-Ingestion-Hazards
9912,24183,2024-04-04,2024,Lovey & Grink Recalls Children's Pajamas Due to Burn Hazard; Violation of Federal Flammability Regulations for Children's Sleepwear,apparel,True,flammability_burn,True,False,23720.0,41.0,online_only,1,Indonesia,Indonesia,Refund,cotton,https://www.cpsc.gov/Recalls/2024/Lovey-Grink-Recalls-Childrens-Pajamas-Due-to-Burn-Hazard-Violation-of-Federal-Flammability-Regulations-for-Childrens-Sleepwear
9917,24191,2024-04-11,2024,Fischer Sports Recalls Junior Ski Boots Due to Fall Hazard,apparel,False,fall_slip,False,False,1460.0,237.5,mixed,1,Romania,Romania,Refund;Repair;Replace,,https://www.cpsc.gov/Recalls/2024/Fischer-Sports-Recalls-Junior-Ski-Boots-Due-to-Fall-Hazard
9930,24207,2024-04-24,2024,Sant and Abel Recalls Children's Pajamas Due to Burn Hazards,apparel,True,flammability_burn,True,False,935.0,59.0,online_only,2,China;India,China,Refund,cotton,https://www.cpsc.gov/Recalls/2024/Sant-and-Abel-Recalls-Childrens-Pajamas-Due-to-Burn-Hazard-Violation-of-Federal-Regulations-for-Childrens-Sleepwear
9937,24216,2024-05-02,2024,Skims Body Recalls SKIMS Children's Pajama Sets Due to Burn Hazard; Violation of Federal Regulations for Children's Sleepwear; Sold Exclusively by Skims Body,apparel,True,flammability_burn,True,False,1200.0,54.0,mixed,1,Philippines,Philippines,Refund,,https://www.cpsc.gov/Recalls/2024/Skims-Body-Recalls-SKIMS-Childrens-Pajama-Sets-Due-to-Burn-Hazard-Violation-of-Federal-Regulations-for-Childrens-Sleepwear-Sold-Exclusively-by-Skims-Body
9969,24261,2024-06-13,2024,Black Diamond Equipment Recalls Neve Strap Crampons and Accessory Kits Due to Fall Hazard,apparel,False,fall_slip,False,False,350.0,180.0,mixed,1,Taiwan,Taiwan,Refund,,https://www.cpsc.gov/Recalls/2024/Black-Diamond-Equipment-Recalls-Neve-Strap-Crampons-and-Accessory-Kits-Due-to-Fall-Hazard
9994,24289,2024-07-03,2024,SWOMOG Children's Pajamas Recalled Due to Burn Hazard; Violation of Federal Flammability Regulations; Sold Exclusively on Amazon.com by SWOMOG,apparel,True,flammability_burn,True,False,27400.0,16.0,online_only,1,China,China,Refund,,https://www.cpsc.gov/Recalls/2024/SWOMOG-Childrens-Pajamas-Recalled-Due-to-Burn-Hazard-Violation-of-Federal-Flammability-Regulations-Sold-Exclusively-on-Amazon-com-by-SWOMOG
10000,24299,2024-07-11,2024,Claire's and Icing Stores Recalls Halloween Witch Hats Due to Burn Hazard and Violation of Federal Flammability Requirement,apparel,False,flammability_burn,True,False,5700.0,15.0,store_only,1,China,China,Refund,polyester,https://www.cpsc.gov/Recalls/2024/Claires-and-Icing-Stores-Recalls-Halloween-Witch-Hats-Due-to-Burn-Hazard-and-Violation-of-Federal-Flammability-Requirement
10002,24301,2024-07-11,2024,Children's Pajama Sets Recalled Due to Burn Hazard and Violation of Federal Flammability Standards; Sold Exclusively on Temu.com by JUVENNO KIDS,apparel,True,flammability_burn,True,False,18620.0,9.0,online_only,1,China,China,Refund,polyester,https://www.cpsc.gov/Recalls/2024/Childrens-Pajama-Sets-Recalled-Due-to-Burn-Hazard-and-Violation-of-Federal-Flammability-Standards-Sold-Exclusively-on-Temu-com-by-JUVENNO-KIDS
9997,24296,2024-07-11,2024,Children's Pajama Sets Recalled Due to Burn Hazard and Violation of Federal Flammability Standards; Sold Exclusively on Temu.com by Fashion Online,apparel,True,flammability_burn,True,False,45300.0,23.0,online_only,1,China,China,Refund,cotton,https://www.cpsc.gov/Recalls/2024/Childrens-Pajama-Sets-Recalled-Due-to-Burn-Hazard-and-Violation-of-Federal-Flammability-Standards-Sold-Exclusively-on-Temu-com-by-Fashion-Online
10044,24357,2024-09-12,2024,Red Toolbox Recalls Stanley-Branded Jr. Kids Garden Sets Due to Lead Poisoning Hazard; Violation of Federal Ban for Lead in Paint; Sold Exclusively by Costco Wholesale,apparel,True,chemical,True,False,459200.0,35.0,mixed,1,China,China,Replace,,https://www.cpsc.gov/Recalls/2024/Red-Toolbox-Recalls-Stanley-Branded-Jr-Kids-Garden-Sets-Due-to-Lead-Poisoning-Hazard-Violation-of-Federal-Ban-for-Lead-in-Paint-Sold-Exclusively-by-Costco-Wholesale
10088,25040,2024-11-14,2024,Petidoux Recalls Children's Pajamas Due to Burn Hazard; Violation of Federal Flammability Regulations for Children's Sleepwear,apparel,True,flammability_burn,True,False,620.0,57.0,mixed,1,Peru,Peru,Refund,cotton,https://www.cpsc.gov/Recalls/2025/Petidoux-Recalls-Childrens-Pajamas-Due-to-Burn-Hazard-Violation-of-Federal-Flammability-Regulations-for-Childrens-Sleepwear
10102,25059,2024-12-05,2024,QVC Recalls More than One Million Temp-tations Oven Gloves Due to Burn Hazard,apparel,False,flammability_burn,False,True,1100000.0,4.0,online_only,1,China,China,Refund,,https://www.cpsc.gov/Recalls/2025/QVC-Recalls-More-than-One-Million-Temp-tations-Oven-Gloves-Due-to-Burn-Hazard
10131,25096,2025-01-16,2025,Ivy City Recalls Children's Pajamas Due to Burn Hazard; Violation of Federal Flammability Regulations; Sold Exclusively by Ivy City,apparel,True,flammability_burn,True,False,700.0,50.0,mixed,1,China,China,Refund,polyester,https://www.cpsc.gov/Recalls/2025/Ivy-City-Recalls-Childrens-Pajamas-Due-to-Burn-Hazard-Violation-of-Federal-Flammability-Regulations-Sold-Exclusively-by-Ivy-City
10133,25102,2025-01-23,2025,Duluth Trading Company Recalls Children's Holiday Pajama Sets Due to Burn Hazard; Violation of Federal Flammability Regulations for Children's Sleepwear; Sold Exclusively by Duluth Trading Company,apparel,True,flammability_burn,True,False,22400.0,35.0,mixed,1,Cambodia,Cambodia,Refund,cotton,https://www.cpsc.gov/Recalls/2025/Duluth-Trading-Company-Recalls-Childrens-Holiday-Pajama-Sets-Due-to-Burn-Hazard-Violation-of-Federal-Flammability-Regulations-for-Childrens-Sleepwear-Sold-Exclusively-by-Duluth-Trading-Company
10142,25113,2025-01-30,2025,"Cozchique Tebbis, and Beeziac Girls Pajamas Recalled Due to Burn Hazard; Violation of Federal Flammability Regulations; Sold Exclusively on Amazon by Tupop",apparel,True,flammability_burn,True,False,6050.0,12.0,online_only,1,China,China,Refund,cotton,https://www.cpsc.gov/Recalls/2025/Cozchique-Tebbis-and-Beeziac-Girls-Pajamas-Recalled-Due-to-Burn-Hazard-Violation-of-Federal-Flammability-Regulation-Sold-Exclusively-on-Amazon-by-Tupop
10145,25118,2025-02-06,2025,TravisMathew Recalls Women's Sweatshirts and Men's and Women's Hoodies Due to Burn Hazard; Violation of Federal Flammability Regulation for Clothing,apparel,False,flammability_burn,True,False,59450.0,155.0,mixed,1,Peru,Peru,Refund,,https://www.cpsc.gov/Recalls/2025/TravisMathew-Recalls-Womens-Sweatshirts-and-Mens-and-Womens-Hoodies-Due-to-Burn-Hazard-Violation-of-Federal-Flammability-Regulation-for-Clothing
10161,25135,2025-02-13,2025,AFTCO Recalls Youth Solitude Jackets with Drawstrings Due to Strangulation Hazard,apparel,True,drawstring_strangulation,True,False,820.0,90.0,mixed,1,China,China,Refund;Repair,,https://www.cpsc.gov/Recalls/2025/AFTCO-Recalls-Youth-Solitude-Jackets-with-Drawstrings-Due-to-Strangulation-Hazard
10157,25131,2025-02-13,2025,SHEIN Distribution Corporation Recalls Children's Pajama Sets Due to Burn Hazard; Violation of Federal Flammability Regulations; Sold exclusively at SHEIN.com,apparel,True,flammability_burn,True,False,17300.0,20.0,online_only,1,China,China,Refund,polyester,https://www.cpsc.gov/Recalls/2025/SHEIN-Distribution-Corporation-Recalls-Childrens-Pajama-Sets-Due-to-Burn-Hazard-Violation-of-Federal-Flammability-Regulations-Sold-exclusively-at-SHEIN-com
10177,25152,2025-02-20,2025,OdorStop Recalls Boot and Shoe Dryers and Deodorizers Due to Fire Hazard,apparel,False,flammability_burn,False,False,13000.0,115.0,online_only,1,China,China,Repair,,https://www.cpsc.gov/Recalls/2025/OdorStop-Recalls-Boot-and-Shoe-Dryers-and-Deodorizers-Due-to-Fire-Hazard
10183,25161,2025-02-27,2025,P.J. Salvage Recalls Pajama Sets and Robes Due to Burn Hazard; Violation of Federal Flammability Regulations for Children's Sleepwear; Sold Exclusively at Nordstrom Rack,apparel,True,flammability_burn,True,False,9400.0,20.0,mixed,1,China,China,Refund,,https://www.cpsc.gov/Recalls/2025/PJ-Salvage-Recalls-Pajama-Sets-and-Robes-Due-to-Burn-Hazard-Violation-of-Federal-Flammability-Regulations-for-Childrens-Sleepwear-Sold-Exclusively-at-Nordstrom-Rack
10180,25158,2025-02-27,2025,Forever 21 Recalls Children's Pajamas Due to Burn Hazard; Violation of Federal Flammability Regulations; Sold Exclusively by Forever 21,apparel,True,flammability_burn,True,False,24700.0,22.5,mixed,3,China;Hong Kong;Vietnam,China,Refund,,https://www.cpsc.gov/Recalls/2025/Forever-21-Recalls-Childrens-Pajamas-Due-to-Burn-Hazard-Violation-of-Federal-Flammability-Regulations-Sold-Exclusively-by-Forever-21
10190,25168,2025-03-06,2025,"Children's Nightgowns, Pajama Sets and Robes Recalled Due to Burn Hazard and Risk of Serious Injury or Death; Violation of Federal Flammability Standards; Imported by Marie-Chantal",apparel,True,flammability_burn,True,False,560.0,67.5,mixed,2,Peru;Portugal,Peru,Refund,,https://www.cpsc.gov/Recalls/2025/Childrens-Nightgowns-Pajama-Sets-and-Robes-Recalled-Due-to-Burn-Hazard-and-Risk-of-Serious-Injury-or-Death-Violation-of-Federal-Flammability-Standards-Imported-by-Marie-Chantal
10219,25705,2025-03-27,2025,Interior Resources Recalls Children's Steel Utility Bunk Beds Due to Risk of Serious Injury or Death from Entrapment Hazards; Violations of Federal Regulations for Bunk Beds (Recall Alert),apparel,True,drawstring_strangulation,True,False,1772.0,1800.0,unknown,1,United States,United States,Repair,,https://www.cpsc.gov/Recalls/2025/Interior-Resources-Recalls-Childrens-Steel-Utility-Bunk-Beds-Due-to-Risk-of-Serious-Injury-or-Death-from-Entrapment-Hazards-Violations-of-Federal-Regulations-for-Bunk-Bed-Recall-Alert
10240,25226,2025-04-17,2025,The North Face Recalls Women's Shellista V Mid Waterproof Boots Due to Fall Hazard,apparel,False,fall_slip,False,True,15200.0,165.0,mixed,1,Vietnam,Vietnam,Refund,,https://www.cpsc.gov/Recalls/2025/The-North-Face-Recalls-Womens-Shellista-V-Mid-Waterproof-Boots-Due-to-Fall-Hazard
10277,25287,2025-05-15,2025,BuddyLove Recalls Children's Mini Danica Loungewear Sets Due to Risk of Serious Injuries or Death from Burn Hazard; Violation of Federal Regulations for Children's Sleepwear,apparel,True,flammability_burn,True,False,940.0,95.0,mixed,1,China,China,Refund,polyester,https://www.cpsc.gov/Recalls/2025/BuddyLove-Recalls-Childrens-Mini-Danica-Loungewear-Sets-Due-to-Risk-of-Serious-Injuries-or-Death-from-Burn-Hazard-Violation-of-Federal-Regulations-for-Childrens-Sleepwear
10279,25291,2025-05-22,2025,Macy's Recalls Holiday Lane Infant Footed Pajamas Due to Injury Hazard; Sold Exclusively by Macy's,apparel,True,other,False,True,16300.0,27.0,mixed,1,Vietnam,Vietnam,Refund,,https://www.cpsc.gov/Recalls/2025/Macys-Recalls-Holiday-Lane-Infant-Footed-Pajamas-Due-to-Injury-Hazard-Sold-Exclusively-by-Macys
10290,25308,2025-05-29,2025,The Step2 Company Recalls My First Snowman Toys Due to Risk of Serious Injury or Death from Choking Hazard,apparel,False,choking_small_parts,False,False,30800.0,40.0,mixed,1,China,China,Replace,,https://www.cpsc.gov/Recalls/2025/The-Step2-Company-Recalls-My-First-Snowman-Toys-Due-to-Risk-of-Serious-Injury-or-Death-from-Choking-Hazard
10318,25351,2025-06-18,2025,MaxKare Electric Blankets Recalled Due to Burn and Fire Hazards; Manufactured by Yumo and Sold Exclusively on Walmart.com,home_textile,False,flammability_burn,False,True,8560.0,29.5,unknown,1,China,China,Refund,,https://www.cpsc.gov/Recalls/2025/MaxKare-Electric-Blankets-Recalled-Due-to-Burn-and-Fire-Hazards-Manufactured-by-Yumo-and-Sold-Exclusively-on-Walmart-com
10355,25398,2025-07-24,2025,LED Gloves Recalled Due to Risk of Serious Injury or Death from Battery Ingestion; Violates the Mandatory Toy Standard and Child Resistant Coin Battery Packaging Standard; Sold on Amazon by Minongad,apparel,True,flammability_burn,True,False,9900.0,14.0,online_only,1,China,China,Refund,,https://www.cpsc.gov/Recalls/2025/LED-Gloves-Recalled-Due-to-Risk-of-Serious-Injury-or-Death-from-Battery-Ingestion-Violates-the-Mandatory-Toy-Standard-and-Child-Resistant-Coin-Battery-Packaging-Standard-Sold-on-Amazon-by-Minongad
10370,25419,2025-07-31,2025,Baby Loren Recalls Morning Children's Loungewear Due to Serious Risk of Injury or Death from Burns; Violation of Federal Flammability Standards for Children's Sleepwear,apparel,True,flammability_burn,True,False,340.0,24.0,mixed,1,Peru,Peru,Refund,cotton,https://www.cpsc.gov/Recalls/2025/Baby-Loren-Recalls-Morning-Childrens-Loungewear-Due-to-Serious-Risk-of-Injury-or-Death-from-Burns-Violation-of-Federal-Flammability-Standards-for-Childrens-Sleepwear
10378,25427,2025-08-07,2025,La Ligne Recalls Enfant Bonne Nuit Pajamas Due to Burn Hazard; Violates Mandatory Flammability Standards,apparel,True,flammability_burn,True,False,1185.0,75.0,mixed,1,Peru,Peru,Refund,cotton,https://www.cpsc.gov/Recalls/2025/La-Ligne-Recalls-Enfant-Bonne-Nuit-Pajamas-Due-to-Burn-Hazard-Violates-Mandatory-Flammability-Standards
10376,25425,2025-08-07,2025,AliExpress Recalls LeymanKids Children's Pajama Sets Due to Risk of Injury or Death from Burns; Violates Mandatory Standards for Children's Sleepwear,apparel,True,flammability_burn,True,False,600.0,6.0,online_only,1,China,China,Refund,,https://www.cpsc.gov/Recalls/2025/AliExpress-Recalls-LeymanKids-Childrens-Pajama-Sets-Due-to-Risk-of-Injury-or-Death-from-Burns-Violates-Mandatory-Standards-for-Childrens-Sleepwear
10402,25462,2025-09-11,2025,In My Jammers Recalls Button Flare Pajama Sets Due to Burn Hazard; Violates Mandatory Flammability Standards,apparel,True,flammability_burn,True,False,350.0,60.0,online_only,1,China,China,Refund,viscose,https://www.cpsc.gov/Recalls/2025/In-My-Jammers-Recalls-Button-Flare-Pajama-Sets-Due-to-Burn-Hazard-Violates-Mandatory-Flammability-Standards
10418,26003,2025-10-02,2025,Blossom Recalls Children's Loungewear Due to Serious Risk of Injury or Death from Burns; Violates Mandatory Standard for Children's Sleepwear,apparel,True,flammability_burn,True,False,630.0,26.5,online_only,1,India,India,Refund,,https://www.cpsc.gov/Recalls/2026/Blossom-Recalls-Childrens-Loungewear-Due-to-Serious-Risk-of-Injury-or-Death-from-Burns-Violates-Mandatory-Standard-for-Childrens-Sleepwear
10427,26013,2025-10-09,2025,Bellabu Bear Recalls Children's Robes Due to Burn Hazard; Violates Mandatory Standards for Children's Sleepwear,apparel,True,flammability_burn,True,False,1300.0,60.0,mixed,1,China,China,Refund,,https://www.cpsc.gov/Recalls/2026/Bellabu-Bear-Recalls-Childrens-Robes-Due-to-Burn-Hazard-Violates-Mandatory-Standards-for-Childrens-Sleepwear
10442,26036,2025-10-23,2025,Lifepro Fitness Recalls Bioremedy Infrared Sauna Blankets Due to Risk of Burn Injuries,home_textile,False,flammability_burn,False,True,78000.0,189.0,mixed,1,China,China,Replace,,https://www.cpsc.gov/Recalls/2026/Lifepro-Fitness-Recalls-Bioremedy-Infrared-Sauna-Blankets-Due-to-Risk-of-Burn-Injuries
10454,26053,2025-10-30,2025,Grundens Recalls Youth Jackets with Drawstrings Due to Strangulation Hazard; Risk of Serious Injury or Death,apparel,True,drawstring_strangulation,False,False,8850.0,87.5,mixed,2,China;Portugal,China,Refund,,https://www.cpsc.gov/Recalls/2026/Grundens-Recalls-Youth-Jackets-with-Drawstrings-Due-to-Strangulation-Hazard-Risk-of-Serious-Injury-or-Death
10473,26073,2025-11-06,2025,Umeyda Nightgowns Recalled Due to Risk of Serious Injury or Death from Burns; Violate Mandatory Standards for Children's Sleepwear; Sold on Amazon by Umeyda Company,apparel,True,flammability_burn,True,False,200.0,19.0,unknown,1,China,China,Refund,cotton,https://www.cpsc.gov/Recalls/2026/Umeyda-Nightgowns-Recalled-Due-to-Risk-of-Serious-Injury-or-Death-from-Burns-Violate-Mandatory-Standards-for-Childrens-Sleepwear-Sold-on-Amazon-by-Umeyda-Company
10485,26091,2025-11-13,2025,Zigjoy Sleep Sacks with Feet Recalled Due to Risk of Serious Injury or Death from Burn Hazard; Violates Mandatory Standard for Children's Sleepwear; Sold by Zigjoy-US,apparel,True,flammability_burn,True,False,700.0,25.0,online_only,1,China,China,Refund,cotton,https://www.cpsc.gov/Recalls/2026/Zigjoy-Sleep-Sacks-with-Feet-Recalled-Due-to-Risk-of-Serious-Injury-or-Death-from-Burn-Hazard-Violates-Mandatory-Standard-for-Childrens-Sleepwear-Sold-by-Zigjoy-US
10491,26101,2025-11-20,2025,Mallimoda Children's Pajama Sets Recalled Due to Risk of Serious Injury or Death from Burn Hazard; Violates Mandatory Standards for Children's Sleepwear; Sold on Amazon by Mallimoda,apparel,True,flammability_burn,True,False,2100.0,31.0,unknown,1,China,China,Refund,,https://www.cpsc.gov/Recalls/2026/Mallimoda-Childrens-Pajama-Sets-Recalled-Due-to-Risk-of-Serious-Injury-or-Death-from-Burn-Hazard-Violates-Mandatory-Standards-for-Childrens-Sleepwear-Sold-on-Amazon-by-Mallimoda
10511,26129,2025-12-04,2025,HydroJug Recalls 14-Ounce Children's Sport Tumblers Due to Choking Hazard,apparel,True,choking_small_parts,False,False,17000.0,25.0,online_only,1,United States,United States,Replace,,https://www.cpsc.gov/Recalls/2026/HydroJug-Recalls-14-Ounce-Childrens-Sport-Tumblers-Due-to-Choking-Hazard
10519,26140,2025-12-11,2025,SKCAIHT Children's Costumes Recalled Due to Risk of Injury from Phthalate Exposure; Violates Federal Phthalates Ban; Sold on Amazon by SKCAIHT Direct,apparel,True,chemical,True,False,1300.0,30.0,online_only,1,China,China,Refund,,https://www.cpsc.gov/Recalls/2026/SKCAIHT-Childrens-Costumes-Recalled-Due-to-Risk-of-Injury-from-Phthalate-Exposure-Violates-Federal-Phthalates-Ban-Sold-on-Amazon-by-SKCAIHT-Direct
10521,26142,2025-12-11,2025,Sanven Technology Recalls VEVOR Steamers Due to Risk of Serious Injury from Burn Hazard,apparel,False,flammability_burn,False,True,2840.0,10.0,online_only,1,China,China,Refund,,https://www.cpsc.gov/Recalls/2026/Sanven-Technology-Recalls-VEVOR-Steamers-Due-to-Risk-of-Serious-Injury-from-Burn-Hazard
10544,26170,2026-01-08,2026,Marcus Adler Glove Recalls Julie and Judah Pajama Pants and Shorts Due to Burn Hazard; Violates Mandatory Flammability Standards for Children's Sleepwear,apparel,True,flammability_burn,True,False,18700.0,26.0,mixed,1,China,China,Refund,,https://www.cpsc.gov/Recalls/2026/Marcus-Adler-Glove-Recalls-Julie-and-Judah-Pajama-Pants-and-Shorts-Due-to-Burn-Hazard-Violates-Mandatory-Flammability-Standards-for-Childrens-Sleepwear
10552,26178,2026-01-08,2026,Kori Gey Water Toy Kits Recalled Due to Risk of Serious Injury or Death from Battery Ingestion; Violates Mandatory Standard for Toys; Sold on Amazon by Qaniy,apparel,True,flammability_burn,True,False,2240.0,30.0,online_only,1,China,China,Refund,,https://www.cpsc.gov/Recalls/2026/Kori-Gey-Water-Toy-Kits-Recalled-Due-to-Risk-of-Serious-Injury-or-Death-from-Battery-Ingestion-Violates-Mandatory-Standard-for-Toys-Sold-on-Amazon-by-Qaniy
10562,26193,2026-01-15,2026,Morgan Lane Recalls Children's Pajama Sets Due to Risk of Serious Injury or Death from Burn Hazard; Violate Mandatory Flammability Standards for Children's Sleepwear,apparel,True,flammability_burn,True,False,95.0,80.0,online_only,1,India,India,Refund,cotton,https://www.cpsc.gov/Recalls/2026/Morgan-Lane-Recalls-Childrens-Pajama-Sets-Due-to-Risk-of-Serious-Injury-or-Death-from-Burn-Hazard-Violate-Mandatory-Flammability-Standards-for-Childrens-Sleepwear
10593,26240,2026-02-05,2026,Lola Plus The Boys Recalls Youth Clothing with Drawstrings Due to Risk of Serious Injury or Death from Strangulation Hazard; Violates Federal Rule for Children's Upper Outerwear,apparel,True,drawstring_strangulation,True,False,620.0,62.5,mixed,1,China,China,Refund,,https://www.cpsc.gov/Recalls/2026/Lola-Plus-The-Boys-Recalls-Youth-Clothing-with-Drawstrings-Due-to-Risk-of-Serious-Injury-or-Death-from-Strangulation-Hazard-Violates-Federal-Rule-for-Childrens-Upper-Outerwear
10607,26257,2026-02-05,2026,Andy & Evan Recalls Children's Pajama Sets Due to Risk of Serious Injury or Death from Burn Hazard; Violate Mandatory Standard for Children's Sleepwear,apparel,True,flammability_burn,True,False,500.0,35.5,mixed,1,China,China,Refund,,https://www.cpsc.gov/Recalls/2026/Andy-Evan-Recalls-Childrens-Pajama-Sets-Due-to-Risk-of-Serious-Injury-or-Death-from-Burn-Hazard-Violate-Mandatory-Standard-for-Childrens-Sleepwear
10621,26275,2026-02-19,2026,Meijer Recalls Lullaby Lane and MCS Children's Sleepwear Due to Burn Hazard; Violates Mandatory Standard for Children's Sleepwear,apparel,True,flammability_burn,True,False,211520.0,5.0,store_only,1,Thailand,Thailand,Refund,,https://www.cpsc.gov/Recalls/2026/Meijer-Recalls-Lullaby-Lane-and-MCS-Childrens-Sleepwear-Due-to-Burn-Hazard-Violates-Mandatory-Standard-for-Childrens-Sleepwear
10652,26309,2026-03-05,2026,Unique Brands Com Recalls Forever 21 Pajama Pants Due to Risk of Serious Injury or Death from Burn Hazard; Violates Mandatory Flammability Standards for Children's Sleepwear,apparel,True,flammability_burn,True,False,230.0,25.0,online_only,1,China,China,Refund,,https://www.cpsc.gov/Recalls/2026/Unique-Brands-Com-Recalls-Forever-21-Pajama-Pants-Due-to-Risk-of-Serious-Injury-or-Death-from-Burn-Hazard-Violates-Mandatory-Flammability-Standards-for-Childrens-Sleepwear
10690,26380,2026-04-02,2026,Sam's Club Recalls Member's Mark Children's Pajama Sets Due to Burn Hazard; Violates Mandatory Flammability Standards for Children's Sleepwear,apparel,True,flammability_burn,True,False,18000.0,14.0,online_only,1,Indonesia,Indonesia,Refund,,https://www.cpsc.gov/Recalls/2026/Sams-Club-Recalls-Members-Mark-Childrens-Pajama-Sets-Due-to-Burn-Hazard-Violates-Mandatory-Flammability-Standards-for-Childrens-Sleepwear
10703,26396,2026-04-09,2026,Halloween Pumpkin Carving Kits Recalled Due to Risk of Serious Injury or Death from Battery Ingestion; Violates Mandatory Standard for Consumer Products with Button Cell Batteries; Sold on Amazon by Besslly Store,apparel,False,flammability_burn,True,False,650.0,14.5,online_only,1,China,China,Refund,,https://www.cpsc.gov/Recalls/2026/Halloween-Pumpkin-Carving-Kits-Recalled-Due-to-Risk-of-Serious-Injury-or-Death-from-Battery-Ingestion-Violates-Mandatory-Standard-for-Consumer-Products-with-Button-Cell-Batteries-Sold-on-Amazon-by-Besslly-Store
10698,26389,2026-04-09,2026,Silks Recall Children's Loungewear Sets Due to Risk of Serious Injury or Death from Burn Hazard; Violates Mandatory Flammability Standards for Children's Sleepwear,apparel,True,flammability_burn,True,False,7900.0,45.0,online_only,1,China,China,Refund,,https://www.cpsc.gov/Recalls/2026/Silks-Recall-Childrens-Loungewear-Sets-Due-to-Risk-of-Serious-Injury-or-Death-from-Burn-Hazard-Violates-Mandatory-Flammability-Standards-for-Childrens-Sleepwear
10702,26395,2026-04-09,2026,Head USA Recalls Ski Boots Due to Risk of Serious Injury from Fall Hazard,apparel,False,fall_slip,False,False,1365.0,500.0,mixed,1,Czech Republic,Czech Republic,Repair;Replace,,https://www.cpsc.gov/Recalls/2026/Head-USA-Recalls-Ski-Boots-Due-to-Risk-of-Serious-Injury-from-Fall-Hazard
10764,26477,2026-05-07,2026,Allura Imports Recalls Youth Sweatshirts with Bobcat Logo and Drawstrings Due to Risk of Serious Injury or Death from Strangulation Hazard; Violates Federal Regulations for Children's Upper Outerwear,apparel,True,drawstring_strangulation,True,False,120.0,15.0,store_only,1,Egypt,Egypt,Refund,,https://www.cpsc.gov/Recalls/2026/Allura-Imports-Recalls-Youth-Sweatshirts-with-Bobcat-Logo-and-Drawstrings-Due-to-Risk-of-Serious-Injury-or-Death-from-Strangulation-Hazard-Violates-Federal-Regulations-for-Childrens-Upper-Outerwear
10818,26554,2026-06-11,2026,Arctic Zone Titan Pro Coolers Recalled Due to Risk of Serious Injury or Death from Burn Hazard; Violates Mandatory Flammability Standards for Children's Sleepwear,apparel,True,flammability_burn,True,False,2100.0,45.0,online_only,2,China;Guatemala,China,Refund,polyester,https://www.cpsc.gov/Recalls/2026/The-Black-Sheep-Fam-Recalls-Childrens-Pajamas-Due-to-Risk-of-Serious-Injury-or-Death-from-Burn-Hazard-Violates-Mandatory-Flammability-Standards-for-Childrens-Sleepwear
10825,26564,2026-06-18,2026,Veseacky Pajama Sets Recalled Due to Risk of Serious Injury Death from Burn Hazard; Violate Mandatory Standards for Children's Sleepwear,apparel,True,flammability_burn,True,False,3700.0,29.0,online_only,1,China,China,Refund,,https://www.cpsc.gov/Recalls/2026/Veseacky-Pajama-Sets-Recalled-Due-to-Risk-of-Serious-Injury-or-Death-from-Burn-Hazard-Violate-Mandatory-Standards-for-Childrens-Sleepwear
10828,26567,2026-06-18,2026,SHEIN Distribution Corporation Recalls Michley Children's Pajamas Due to Risk of Serious Injury or Death from Burn Hazard; Violate Mandatory Standard for Children's Sleepwear,apparel,True,flammability_burn,True,False,160.0,25.0,online_only,1,China,China,Refund,,https://www.cpsc.gov/Recalls/2026/SHEIN-Distribution-Corporation-Recalls-Michley-Childrens-Pajamas-Due-to-Risk-of-Serious-Injury-or-Death-from-Burn-Hazard-Violate-Mandatory-Standard-for-Childrens-Sleepwear
10836,26578,2026-06-25,2026,Raychy Children's Light Sneakers Recalled Due to Risk of Serious Injury or Death from Battery Ingestion; Violate Mandatory Standard for Consumer Products with Coin Batteries; Imported by Carina and Rambo,apparel,True,flammability_burn,True,False,500.0,28.0,online_only,1,China,China,Refund,,https://www.cpsc.gov/Recalls/2026/Raychy-Childrens-Light-Sneakers-Recalled-Due-to-Risk-of-Serious-Injury-or-Death-from-Battery-Ingestion-Violate-Mandatory-Standard-for-Consumer-Products-with-Coin-Batteries-Imported-by-Carina-and-Rambo
10831,26507,2026-06-25,2026,Kith Retail Recalls Children's Loungewear Sets Due to Risk of Serious Injury from Burn Hazard; Violate Mandatory Standards for Children's Sleepwear,apparel,True,flammability_burn,True,False,130.0,75.0,mixed,1,India,India,Refund,,https://www.cpsc.gov/Recalls/2026/Kith-Retail-Recalls-Childrens-Loungewear-Sets-Due-to-Risk-of-Serious-Injury-from-Burn-Hazard-Violate-Mandatory-Standards-for-Childrens-Sleepwear
10872,26629,2026-07-16,2026,Target Recalls Cat & Jack Children's Sandals Due to Risk of Serious Injury or Death from Choking Hazard,apparel,True,choking_small_parts,False,False,211000.0,20.0,mixed,1,Cambodia,Cambodia,Refund,,https://www.cpsc.gov/Recalls/2026/Target-Recalls-Cat-Jack-Childrens-Sandals-Due-to-Risk-of-Serious-Injury-or-Death-from-Choking-Hazard
