Country,Category ID,Units,Year,DATA_VALUE
World,1,$,2022,99894119164
World,1,$,2015,85151220965
World,1,$,2019,83666986403
World,1,$,2018,82658655801
World,1,$,2014,81781126086
World,1,$,2021,81454699959
World,1,$,2016,80652278374
World,1,$,2017,80165867483
World,1,$,2013,79797337428
World,1,$,2023,79224006778
World,1,$,2024,79223831423
World,1,$,2011,77659131813
World,1,$,2025,77623710086
World,1,$,2012,76811145502
World,1,$,2007,73922587219
World,1,$,2006,71629828458
World,1,$,2008,71568371283
World,1,$,2010,71398025747
World,1,$,2005,68713250825
World,1,$,2004,64767672904
World,1,$,2020,64061757688
World,1,$,2009,63104701475
World,1,$,2003,61162077344
World,1,$,2000,57231655833
World,1,$,2002,56962950211
World,1,$,2001,56460382965
World,1,$,1999,50795300653
World,1,$,1998,48175628481
World,1,$,1997,42826907562
World,1,$,1996,36388799735
World,1,$,1995,34648598273
World,1,$,1994,31386484791
_ASEAN,1,$,2022,30652723883
China,1,$,2015,30542666828
China,1,$,2014,29793772906
China,1,$,2013,29783092127
China,1,$,2011,29392001147
China,1,$,2012,29060164549
World,1,$,1993,28215585767
_ASEAN,1,$,2025,28068807657
China,1,$,2010,27974604262
China,1,$,2016,27900148741
China,1,$,2018,27328314912
China,1,$,2017,27006723956
World,1,$,1992,26712877562
China,1,$,2019,24908904553
_ASEAN,1,$,2024,24785938922
_ASEAN,1,$,2023,24785591595
_ASEAN,1,$,2021,23780457381
China,1,$,2009,23503009656
_ASEAN,1,$,2019,22949581475
China,1,$,2008,22922614903
China,1,$,2007,22745017782
World,1,$,1991,22595225587
World,1,$,1990,21936690337
China,1,$,2022,21789842493
_ASEAN,1,$,2018,21331770421
World,1,$,1989,21046696421
_ASEAN,1,$,2020,20709477892
_ASEAN,1,$,2015,20703026067
_W HEMI,1,$,2000,20649632138
_ASEAN,1,$,2017,20454491789
_ASEAN,1,$,2016,20029134111
_W HEMI,1,$,2001,19659836636
_W HEMI,1,$,2004,19641578842
China,1,$,2021,19589342318
_W HEMI,1,$,2002,19399264292
_W HEMI,1,$,2003,19314298021
_ASEAN,1,$,2014,19264962082
_W HEMI,1,$,1999,18703757595
_W HEMI,1,$,2005,18540655446
China,1,$,2006,18517641260
_ASEAN,1,$,2013,18373994439
Vietnam,1,$,2022,18254768185
_ASEAN,1,$,2012,17299059891
_ASEAN,1,$,2011,17231603991
_W HEMI,1,$,2006,16913090579
_W HEMI,1,$,1998,16859389636
Vietnam,1,$,2025,16707746924
_W HEMI,1,$,2022,16536886044
China,1,$,2024,16525262665
China,1,$,2023,16524438281
_ASEAN,1,$,2008,15519507675
_ASEAN,1,$,2010,15382009798
_W HEMI,1,$,2007,15205864145
_ASEAN,1,$,2007,15204337981
China,1,$,2020,15154017156
China,1,$,2005,15142868861
Vietnam,1,$,2024,14974129190
Vietnam,1,$,2023,14973746241
_W HEMI,1,$,1997,14488603218
Vietnam,1,$,2021,14336595083
_W HEMI,1,$,2019,14263083093
_W HEMI,1,$,2015,14230137955
_W HEMI,1,$,2014,14192607965
_W HEMI,1,$,2021,14061757028
_W HEMI,1,$,2018,14060468125
_W HEMI,1,$,2008,13957069753
_W HEMI,1,$,2011,13849629131
_ASEAN,1,$,2006,13830336016
_W HEMI,1,$,2017,13788755811
_W HEMI,1,$,2013,13767454336
_W HEMI,1,$,2016,13766468884
_ASEAN,1,$,2009,13624576468
_W HEMI,1,$,2012,13598177689
Vietnam,1,$,2019,13534083181
Vietnam,1,$,2020,12569096841
_W HEMI,1,$,2010,12544090221
_W HEMI,1,$,2023,12508409723
_W HEMI,1,$,2024,12508013621
Vietnam,1,$,2018,12212693733
_ASEAN,1,$,2005,11955637022
_W HEMI,1,$,2025,11803272620
Vietnam,1,$,2017,11551207468
_W HEMI,1,$,2009,11397747692
_ASEAN,1,$,2004,11150936728
_W HEMI,1,$,1996,11126817047
Vietnam,1,$,2016,10797642627
_ASEAN,1,$,2003,10736350449
China,1,$,2025,10622875246
Vietnam,1,$,2015,10565762968
_CAFTA-DR,1,$,2022,10515518336
_W HEMI,1,$,2020,10287172079
_USMCA,1,$,2000,10159411625
Bangladesh,1,$,2022,9725494369
_CAFTA-DR,1,$,2004,9509459019
_W HEMI,1,$,1995,9439429807
_USMCA,1,$,2001,9396163280
Vietnam,1,$,2014,9268658454
_CAFTA-DR,1,$,2003,9181502696
_USMCA,1,$,1999,9135784108
_CAFTA-DR,1,$,2005,9104096691
_CAFTA-DR,1,$,2002,9092544010
_USMCA,1,$,2002,9034311173
_ASEAN,1,$,2002,9020182686
_CAFTA-DR,1,$,2000,8972980098
_CAFTA-DR,1,$,2001,8934094323
China,1,$,2004,8927864344
_CAFTA-DR,1,$,2021,8619825032
_ASEAN,1,$,2001,8593210729
_CAFTA-DR,1,$,2019,8590551312
_USMCA,1,$,2003,8472360862
Mexico,1,$,2000,8412624944
_CAFTA-DR,1,$,2006,8406212715
_ASEAN,1,$,2000,8354973793
_CAFTA-DR,1,$,2015,8338101487
_CAFTA-DR,1,$,2018,8235302309
_USMCA,1,$,2004,8189253215
Bangladesh,1,$,2025,8181360175
_CAFTA-DR,1,$,2014,8161870871
_CAFTA-DR,1,$,2016,8155672451
_CAFTA-DR,1,$,1999,8153278273
Vietnam,1,$,2013,8126283788
_CAFTA-DR,1,$,2017,7933807405
_USMCA,1,$,1998,7914619102
_CAFTA-DR,1,$,2007,7894930625
_CAFTA-DR,1,$,2013,7880113574
_CAFTA-DR,1,$,2011,7853380108
Mexico,1,$,2001,7811241199
_CAFTA-DR,1,$,2012,7797230210
_CAFTA-DR,1,$,2023,7751486468
_CAFTA-DR,1,$,2024,7751087748
_CAFTA-DR,1,$,2008,7603461600
_CAFTA-DR,1,$,1998,7573331520
Mexico,1,$,1999,7537511564
_OECD,1,$,2000,7431882991
Mexico,1,$,2002,7424198370
_W HEMI,1,$,1994,7370026900
_USMCA,1,$,2005,7351732933
Bangladesh,1,$,2023,7339913104
Bangladesh,1,$,2024,7339798864
China,1,$,2003,7257593641
_OECD,1,$,2001,7226469812
_OECD,1,$,2002,7218783599
_CAFTA-DR,1,$,2025,7204355409
Bangladesh,1,$,2021,7138965574
Vietnam,1,$,2012,7101131277
_OECD,1,$,2003,7036537380
_CAFTA-DR,1,$,2010,7016309942
_ASEAN,1,$,1999,6988619318
_CAFTA-DR,1,$,1997,6911038405
_OECD,1,$,2004,6909358846
Mexico,1,$,2003,6903736007
_OECD,1,$,1999,6786192677
Mexico,1,$,2004,6684839350
Vietnam,1,$,2011,6643979515
_ASEAN,1,$,1998,6496189878
Mexico,1,$,1998,6493642643
_USMCA,1,$,2006,6463846479
_OECD,1,$,1998,6352311498
_USMCA,1,$,1997,6254564606
_CAFTA-DR,1,$,2020,6178273366
_W HEMI,1,$,1993,6170846553
_CAFTA-DR,1,$,2009,6144602213
Mexico,1,$,2005,6078330175
Bangladesh,1,$,2019,5920847485
Vietnam,1,$,2010,5876915986
India,1,$,2022,5696706399
_ASEAN,1,$,1997,5663600162
Indonesia,1,$,2022,5599723177
China,1,$,2002,5593697500
_OECD,1,$,2005,5551175219
_USMCA,1,$,2007,5483790178
_OECD,1,$,1997,5476085949
Bangladesh,1,$,2015,5404492335
Bangladesh,1,$,2018,5397318284
_CAFTA-DR,1,$,1996,5336439594
Bangladesh,1,$,2016,5303897737
Mexico,1,$,2006,5297113407
Bangladesh,1,$,2020,5227919197
Vietnam,1,$,2008,5223491293
_W HEMI,1,$,1992,5093350684
Vietnam,1,$,2009,5068333143
Bangladesh,1,$,2017,5063971294
Indonesia,1,$,2011,5051719052
Mexico,1,$,1997,5050085337
_ASEAN,1,$,1996,5021362118
_ASEAN,1,$,1995,4984680416
Indonesia,1,$,2013,4975246683
Bangladesh,1,$,2013,4947539751
India,1,$,2025,4939875033
Indonesia,1,$,2015,4936605200
Indonesia,1,$,2012,4935402451
_OECD,1,$,1996,4851458632
Bangladesh,1,$,2014,4834110846
Indonesia,1,$,2014,4832777245
_OECD,1,$,2006,4830988921
Cambodia,1,$,2025,4815809575
_OECD,1,$,1995,4791350186
_CAFTA-DR,1,$,1995,4744831105
_USMCA,1,$,2008,4713361543
_OECD,1,$,2022,4705467281
Indonesia,1,$,2016,4702306228
India,1,$,2023,4689884293
India,1,$,2024,4689840759
Indonesia,1,$,2025,4647225371
China,1,$,2001,4602352784
Indonesia,1,$,2017,4558433109
Mexico,1,$,2007,4523374887
_OECD,1,$,1994,4511149092
_OECD,1,$,2025,4510953520
Bangladesh,1,$,2011,4509864154
_USMCA,1,$,1996,4507579138
_OECD,1,$,2023,4503075226
_OECD,1,$,2024,4502871023
China,1,$,2000,4498968558
China,1,$,1997,4487889433
Hong Kong,1,$,2000,4486094724
Indonesia,1,$,2018,4475293995
Bangladesh,1,$,2012,4469977698
_ASEAN,1,$,1994,4460861903
_OECD,1,$,1989,4431005266
Hong Kong,1,$,1998,4428432645
Indonesia,1,$,2010,4424155301
Indonesia,1,$,2019,4396402050
China,1,$,1999,4370228522
Vietnam,1,$,2007,4358517612
Cambodia,1,$,2022,4342628143
_USMCA,1,$,2014,4318084245
China,1,$,1998,4311717242
_USMCA,1,$,2011,4309606504
_OECD,1,$,2007,4283145019
Hong Kong,1,$,1999,4255870579
_ASEAN,1,$,1993,4250322349
Indonesia,1,$,2023,4249978156
Indonesia,1,$,2024,4249971417
_OECD,1,$,1990,4238337956
_USMCA,1,$,2013,4214043033
Hong Kong,1,$,2001,4211398963
_USMCA,1,$,2012,4210579982
Hong Kong,1,$,1994,4205140002
India,1,$,2021,4190198906
Hong Kong,1,$,1995,4188720413
_USMCA,1,$,2017,4157595775
_USMCA,1,$,2015,4151324006
Indonesia,1,$,2021,4144422183
Hong Kong,1,$,1992,4093976905
_OECD,1,$,1993,4078610530
India,1,$,2019,4057497069
_USMCA,1,$,2010,4042960563
Indonesia,1,$,2008,4028415851
_ASEAN,1,$,1992,4017697858
Mexico,1,$,2008,4014500219
_USMCA,1,$,2018,3994985760
Indonesia,1,$,2007,3981073422
_OECD,1,$,1992,3974956668
_USMCA,1,$,2016,3948940082
Hong Kong,1,$,1997,3934514468
Bangladesh,1,$,2010,3930357641
_CAFTA-DR,1,$,1994,3919443012
Hong Kong,1,$,2002,3877242051
_USMCA,1,$,2009,3871066684
Indonesia,1,$,2009,3860997800
Hong Kong,1,$,1996,3860786543
_W HEMI,1,$,1991,3856196924
_OECD,1,$,2021,3853071310
Hong Kong,1,$,2004,3848981842
Mexico,1,$,2011,3803544584
Cambodia,1,$,2023,3800894284
Cambodia,1,$,2024,3800870404
India,1,$,2018,3799956432
Hong Kong,1,$,1993,3775837476
China,1,$,1996,3769185842
_USMCA,1,$,2019,3761057941
_OECD,1,$,1991,3744123828
Mexico,1,$,2014,3732348277
Hong Kong,1,$,1991,3728437851
_USMCA,1,$,2022,3720661539
Hong Kong,1,$,2003,3701790784
Mexico,1,$,2012,3695772964
Mexico,1,$,2013,3681518041
India,1,$,2017,3679631100
Indonesia,1,$,2006,3670298445
India,1,$,2015,3664711902
_OECD,1,$,2019,3661761956
India,1,$,2016,3638764372
Hong Kong,1,$,1990,3608875233
China,1,$,1994,3588710318
Mexico,1,$,2017,3567811650
_OECD,1,$,2018,3562840977
Mexico,1,$,1996,3559936697
Mexico,1,$,2015,3557292049
_OECD,1,$,2008,3550601108
Mexico,1,$,2010,3541436678
China,1,$,1995,3518049003
Indonesia,1,$,2020,3514981850
Hong Kong,1,$,2005,3510573186
Hong Kong,1,$,1989,3502843108
China,1,$,1993,3449662763
Bangladesh,1,$,2008,3441642469
Bangladesh,1,$,2009,3409775380
China,1,$,1992,3408811764
Mexico,1,$,2016,3401003163
India,1,$,2014,3400897758
Mexico,1,$,2009,3391345709
Cambodia,1,$,2021,3383653703
_CAFTA-DR,1,$,1993,3376473825
Mexico,1,$,2018,3340403340
_USMCA,1,$,2021,3336908867
_USMCA,1,$,1995,3335852506
India,1,$,2011,3316036939
_OECD,1,$,2014,3262760960
_OECD,1,$,2015,3253829623
_EU28 (2013-2019),1,$,2025,3251718095
_EU27 (2007-2012),1,$,2025,3246006920
_OECD,1,$,2017,3238051681
_ASEAN,1,$,1991,3233306148
Vietnam,1,$,2006,3222054177
India,1,$,2013,3211631285
_ASEAN,1,$,1990,3204707613
India,1,$,2006,3186893788
India,1,$,2007,3169929897
_EU28 (2013-2019),1,$,2023,3162490416
_EU28 (2013-2019),1,$,2024,3162280142
_EU27 (2007-2012),1,$,2023,3155889170
_EU27 (2007-2012),1,$,2024,3155678896
Honduras,1,$,2022,3153708750
Mexico,1,$,2022,3144821681
_EU28 (2013-2019),1,$,2022,3132758423
Mexico,1,$,2019,3124276480
_EU27 (2007-2012),1,$,2022,3123287905
_USMCA,1,$,2024,3118756967
_USMCA,1,$,2023,3118722655
_EU (2020-present),1,$,2025,3113013351
_W HEMI,1,$,1990,3112048574
India,1,$,2010,3111764992
Bangladesh,1,$,2007,3103345687
_OECD,1,$,2016,3095808338
India,1,$,2008,3073344114
_USMCA,1,$,2025,3066819345
India,1,$,2012,3041157092
_EU (2020-present),1,$,2024,3033604108
India,1,$,2020,3019807880
_OECD,1,$,2013,2988185927
India,1,$,2005,2976174912
Bangladesh,1,$,2006,2914090349
_W HEMI,1,$,1989,2891879563
Indonesia,1,$,2005,2875418600
_ASEAN,1,$,1989,2851718175
India,1,$,2009,2846117052
Nicaragua,1,$,2022,2844995342
China,1,$,1991,2842468499
_OECD,1,$,2012,2830827523
Mexico,1,$,2021,2828727690
Cambodia,1,$,2020,2823802702
Hong Kong,1,$,2006,2810977624
Honduras,1,$,2019,2790755775
_OECD,1,$,2020,2786858247
_CAFTA-DR,1,$,1992,2777540660
_OECD,1,$,2011,2748473095
Pakistan,1,$,2022,2747505467
China,1,$,1990,2739261706
Vietnam,1,$,2005,2724655277
Cambodia,1,$,2019,2675218725
Honduras,1,$,2015,2673715456
Honduras,1,$,2004,2673351432
Honduras,1,$,2021,2649660104
_USMCA,1,$,2020,2632132101
Honduras,1,$,2005,2622309655
Honduras,1,$,2011,2615444795
Mexico,1,$,2024,2613351171
Mexico,1,$,2023,2613327789
Taiwan,1,$,1989,2608771802
Honduras,1,$,2008,2604027979
Cambodia,1,$,2011,2592321925
Honduras,1,$,2014,2582425328
Mexico,1,$,2025,2567276960
Mexico,1,$,1995,2565762600
Vietnam,1,$,2004,2562455884
Honduras,1,$,2012,2559442208
Cambodia,1,$,2013,2555411978
Honduras,1,$,2016,2553582598
Honduras,1,$,2018,2544809683
Cambodia,1,$,2012,2533911119
_EU28 (2013-2019),1,$,2021,2524138743
Taiwan,1,$,1991,2520948587
_EU27 (2007-2012),1,$,2021,2518085243
Honduras,1,$,2007,2511006283
Honduras,1,$,2003,2502673909
Honduras,1,$,2013,2497663278
_EU28 (2013-2019),1,$,2019,2489187061
Cambodia,1,$,2015,2481282382
_EU27 (2007-2012),1,$,2019,2480520629
_EU28 (2013-2019),1,$,2001,2479188207
Cambodia,1,$,2014,2478750549
_EU27 (2007-2012),1,$,2001,2475060221
_EU28 (2013-2019),1,$,2003,2471534118
_OECD,1,$,2010,2468504939
_EU27 (2007-2012),1,$,2003,2466735412
Honduras,1,$,2017,2460205833
_EU28 (2013-2019),1,$,2004,2445510877
Honduras,1,$,2006,2440262965
Honduras,1,$,2002,2439677933
_EU27 (2007-2012),1,$,2004,2439179513
_EU28 (2013-2019),1,$,2000,2436619703
_EU27 (2007-2012),1,$,2000,2432630860
China,1,$,1989,2429105648
Dominican Republic,1,$,2000,2425402245
Cambodia,1,$,2007,2424941911
South Korea,1,$,1989,2424449258
Honduras,1,$,2010,2413791225
Cambodia,1,$,2018,2411544086
Indonesia,1,$,2004,2402828930
_EU28 (2013-2019),1,$,1998,2395206576
_EU27 (2007-2012),1,$,1998,2392761012
Pakistan,1,$,2025,2392159417
_EU28 (2013-2019),1,$,2018,2379460839
_EU28 (2013-2019),1,$,2002,2375972319
Cambodia,1,$,2008,2375584736
Vietnam,1,$,2003,2374554579
Bangladesh,1,$,2005,2371733893
_EU27 (2007-2012),1,$,2002,2371078725
_EU27 (2007-2012),1,$,2018,2369668925
_OECD,1,$,2009,2357428536
Honduras,1,$,2001,2343590654
Dominican Republic,1,$,1998,2341598276
Taiwan,1,$,1992,2339379784
Dominican Republic,1,$,1999,2336694218
Taiwan,1,$,1990,2334389762
Honduras,1,$,2000,2323074226
Honduras,1,$,2023,2311151508
Honduras,1,$,2024,2311118137
_EU28 (2013-2019),1,$,1999,2302521219
_EU28 (2013-2019),1,$,2014,2300393029
_EU27 (2007-2012),1,$,1999,2299448047
_EU27 (2007-2012),1,$,2014,2285749172
_EU28 (2013-2019),1,$,2007,2269196901
South Korea,1,$,2000,2264062639
_EU27 (2007-2012),1,$,2007,2258003048
Dominican Republic,1,$,2001,2251644918
_EU28 (2013-2019),1,$,2005,2234128652
_EU27 (2007-2012),1,$,2005,2225440138
Cambodia,1,$,2010,2222156655
Pakistan,1,$,2021,2219686992
India,1,$,2004,2217104618
Dominican Republic,1,$,1997,2215939699
Indonesia,1,$,2001,2214547881
_EU28 (2013-2019),1,$,2015,2210404113
Mexico,1,$,2020,2202538185
Taiwan,1,$,1993,2196545777
_EU27 (2007-2012),1,$,2015,2193911443
_USMCA,1,$,1994,2182756312
South Korea,1,$,2001,2181921088
Pakistan,1,$,2024,2165235997
Pakistan,1,$,2023,2165154321
Dominican Republic,1,$,2002,2161876572
Honduras,1,$,1999,2158164347
Indonesia,1,$,2003,2157959512
South Korea,1,$,1990,2157695743
Taiwan,1,$,1994,2154371449
_EU28 (2013-2019),1,$,1997,2151253215
_EU27 (2007-2012),1,$,1997,2148869949
Cambodia,1,$,2017,2146285146
Cambodia,1,$,2016,2143003686
Cambodia,1,$,2006,2135889157
_EU28 (2013-2019),1,$,2006,2135074460
_EU28 (2013-2019),1,$,2017,2130977150
_EU27 (2007-2012),1,$,2006,2125879010
Sri Lanka,1,$,2022,2124220623
Dominican Republic,1,$,2003,2123927597
_EU27 (2007-2012),1,$,2017,2118007469
Bangladesh,1,$,2000,2115920300
Taiwan,1,$,1998,2115282459
South Korea,1,$,1999,2102775391
Bangladesh,1,$,2001,2101219225
_EU28 (2013-2019),1,$,2016,2089175674
_EU28 (2013-2019),1,$,2013,2085076811
_EU28 (2013-2019),1,$,2008,2079111820
_EU27 (2007-2012),1,$,2016,2075102109
_EU27 (2007-2012),1,$,2013,2074363553
Taiwan,1,$,1997,2071279706
_EU27 (2007-2012),1,$,2008,2065958071
Taiwan,1,$,2000,2063780875
South Korea,1,$,2002,2061945356
Dominican Republic,1,$,2004,2058800655
Indonesia,1,$,2000,2054802087
Taiwan,1,$,1995,2049389318
Indonesia,1,$,2002,2041504552
Sri Lanka,1,$,2015,2037363239
Hong Kong,1,$,2007,2034777304
Honduras,1,$,2009,2031613853
Italy,1,$,2025,2025134272
_EU28 (2013-2019),1,$,1996,2016416531
_EU27 (2007-2012),1,$,1996,2013877972
Honduras,1,$,2025,2006543765
Philippines,1,$,2006,2002466033
India,1,$,2003,2001543553
Italy,1,$,2023,1993217010
Italy,1,$,2024,1993043137
Nicaragua,1,$,2021,1985497656
Bangladesh,1,$,2004,1977557265
Taiwan,1,$,1999,1973599551
Taiwan,1,$,1996,1973583814
Jordan,1,$,2025,1971472555
Sri Lanka,1,$,2016,1967514126
_CAFTA-DR,1,$,1991,1965878207
Nicaragua,1,$,2023,1953550982
Nicaragua,1,$,2024,1953360318
Sri Lanka,1,$,2017,1952335703
El Salvador,1,$,2015,1952206614
Italy,1,$,2022,1949026127
Guatemala,1,$,2004,1946694262
El Salvador,1,$,2016,1941165518
_EU28 (2013-2019),1,$,2012,1939148608
Guatemala,1,$,2022,1936684187
Jordan,1,$,2022,1930641706
_EU27 (2007-2012),1,$,2012,1925790533
El Salvador,1,$,2022,1912789330
El Salvador,1,$,2017,1906802481
El Salvador,1,$,2018,1906651414
El Salvador,1,$,2014,1903851490
India,1,$,2002,1901510960
Philippines,1,$,2000,1894665402
South Korea,1,$,1998,1891104086
Philippines,1,$,2001,1891052485
Nicaragua,1,$,2025,1889690591
South Korea,1,$,1993,1883649703
Bangladesh,1,$,2002,1883154951
_EU28 (2013-2019),1,$,2020,1876765381
Jordan,1,$,2023,1873372721
Jordan,1,$,2024,1873372721
Honduras,1,$,1998,1872758507
_EU27 (2007-2012),1,$,2020,1871935771
Cambodia,1,$,2009,1870533267
South Korea,1,$,1992,1867094089
South Korea,1,$,1991,1861201264
El Salvador,1,$,2019,1859991442
El Salvador,1,$,2013,1859432537
Philippines,1,$,2003,1853416164
Dominican Republic,1,$,2005,1849162848
Bangladesh,1,$,2003,1848065942
South Korea,1,$,1994,1841463445
El Salvador,1,$,2012,1840561975
Thailand,1,$,2006,1839711260
Philippines,1,$,2005,1830414063
Honduras,1,$,2020,1825218367
_EU28 (2013-2019),1,$,1995,1824283477
_EU27 (2007-2012),1,$,1995,1821167734
Thailand,1,$,2000,1820290610
Thailand,1,$,2001,1817453443
Guatemala,1,$,2005,1816240047
Philippines,1,$,2002,1815114740
Taiwan,1,$,2001,1811353771
South Korea,1,$,2004,1808823742
Thailand,1,$,2005,1807786771
South Korea,1,$,2003,1806069323
_EU28 (2013-2019),1,$,2011,1805081014
Thailand,1,$,2004,1799370651
Sri Lanka,1,$,2019,1795430493
Philippines,1,$,1999,1792038672
_EU27 (2007-2012),1,$,2011,1789755320
El Salvador,1,$,2021,1786440674
India,1,$,2000,1785782428
Nicaragua,1,$,2019,1785760882
Philippines,1,$,2004,1785563439
Jordan,1,$,2019,1781051773
_SUB-SAHARA,1,$,2022,1774765371
Thailand,1,$,2007,1766311268
Guatemala,1,$,2003,1761840680
Sri Lanka,1,$,2014,1759214638
_SUB-SAHARA,1,$,2004,1757482362
Dominican Republic,1,$,1996,1753244812
Canada,1,$,2000,1746786681
Philippines,1,$,1998,1744603442
El Salvador,1,$,2011,1738496082
Sri Lanka,1,$,2018,1731708895
Dominican Republic,1,$,1995,1730978453
Sri Lanka,1,$,2021,1730235170
Sri Lanka,1,$,2025,1724877417
Philippines,1,$,2007,1722220827
El Salvador,1,$,2004,1720256784
El Salvador,1,$,2003,1719903665
Thailand,1,$,2002,1718528807
India,1,$,2001,1717097470
Cambodia,1,$,2005,1712839393
Thailand,1,$,2003,1711615361
Indonesia,1,$,1999,1685816570
Sri Lanka,1,$,2006,1682424801
Bangladesh,1,$,1999,1675714933
El Salvador,1,$,2002,1674850921
Jordan,1,$,2021,1673187261
Thailand,1,$,2008,1667807323
Guatemala,1,$,2006,1666249626
Honduras,1,$,1997,1659035488
Indonesia,1,$,1998,1658504767
Guatemala,1,$,2002,1658220768
Pakistan,1,$,2011,1654893659
Sri Lanka,1,$,2023,1651555671
Sri Lanka,1,$,2024,1650808701
Sri Lanka,1,$,2005,1650209455
Sri Lanka,1,$,2013,1649091488
Guatemala,1,$,2021,1640417139
El Salvador,1,$,2010,1638349703
Bangladesh,1,$,1998,1626554815
South Korea,1,$,1995,1622394744
El Salvador,1,$,2005,1619187654
El Salvador,1,$,2001,1611719854
Taiwan,1,$,2003,1611111974
Canada,1,$,2002,1610112803
Guatemala,1,$,2001,1604158857
Canada,1,$,1999,1598272544
Philippines,1,$,1997,1596879843
Indonesia,1,$,1997,1596305618
Mexico,1,$,1994,1593978640
_EU27 (2007-2012),1,$,1990,1593599119
_EU28 (2013-2019),1,$,1990,1593599119
_EU28 (2013-2019),1,$,1994,1593544510
_EU27 (2007-2012),1,$,1994,1587759835
Canada,1,$,2001,1584922081
Guatemala,1,$,2023,1584894206
Guatemala,1,$,2024,1584749455
El Salvador,1,$,2000,1583448555
_USMCA,1,$,1993,1580802199
Taiwan,1,$,2002,1576224933
Sri Lanka,1,$,2007,1573361305
Dominican Republic,1,$,1994,1572156191
Canada,1,$,2003,1568624855
Hong Kong,1,$,2008,1552996500
Nicaragua,1,$,2018,1551289464
Sri Lanka,1,$,2004,1549386868
Taiwan,1,$,2004,1548924177
Dominican Republic,1,$,2006,1547679309
_EU27 (2007-2012),1,$,1989,1546799297
_EU28 (2013-2019),1,$,1989,1546799297
Philippines,1,$,1995,1540452101
El Salvador,1,$,2008,1533577513
Jordan,1,$,2020,1526990425
Italy,1,$,2021,1526116996
India,1,$,1999,1525091669
South Korea,1,$,1997,1517754662
India,1,$,1998,1516685920
Nicaragua,1,$,2014,1512614432
_SUB-SAHARA,1,$,2003,1510853738
Thailand,1,$,1999,1509058367
Sri Lanka,1,$,2001,1504829437
Canada,1,$,2004,1504413865
Philippines,1,$,1996,1502734000
Pakistan,1,$,2007,1498582203
Pakistan,1,$,2010,1492502316
Pakistan,1,$,2008,1489561481
_SUB-SAHARA,1,$,2025,1487882107
Guatemala,1,$,2000,1486901956
El Salvador,1,$,2007,1486101260
Jordan,1,$,2018,1482280647
Guatemala,1,$,2025,1479677155
Nicaragua,1,$,2017,1479497654
_EU28 (2013-2019),1,$,2010,1478342121
Sri Lanka,1,$,2012,1476891060
Pakistan,1,$,2013,1476094209
Nicaragua,1,$,2016,1471911437
Pakistan,1,$,2012,1471851684
Sri Lanka,1,$,2000,1471826280
Sri Lanka,1,$,2008,1466983640
Nicaragua,1,$,2015,1466069600
_EU27 (2007-2012),1,$,2010,1465949884
_SUB-SAHARA,1,$,2005,1464444622
Sri Lanka,1,$,2020,1463193106
Pakistan,1,$,2019,1461305127
Pakistan,1,$,2014,1459525905
Guatemala,1,$,2018,1453588554
Thailand,1,$,1998,1451763064
Guatemala,1,$,2007,1450581946
Bangladesh,1,$,1997,1447809619
Italy,1,$,2007,1437197243
Macau,1,$,2004,1436391614
Sri Lanka,1,$,2003,1435793174
_SUB-SAHARA,1,$,2019,1434847475
Pakistan,1,$,2015,1433836191
_CAFTA-DR,1,$,1990,1433568187
Nicaragua,1,$,2013,1429366447
Cambodia,1,$,2004,1428987924
Italy,1,$,2004,1426593817
Guatemala,1,$,2015,1426438559
_SUB-SAHARA,1,$,2021,1425843914
Egypt,1,$,2022,1425673073
Italy,1,$,2003,1421602281
Canada,1,$,1998,1420976459
_EU28 (2013-2019),1,$,1992,1419529230
Italy,1,$,2019,1418308960
_EU27 (2007-2012),1,$,1992,1417803208
Sri Lanka,1,$,2002,1413179008
Guatemala,1,$,2019,1412864347
Pakistan,1,$,2006,1412007419
_EU28 (2013-2019),1,$,2009,1410009427
Dominican Republic,1,$,1993,1409850004
El Salvador,1,$,2006,1407727997
Pakistan,1,$,2020,1400549671
_EU27 (2007-2012),1,$,2009,1400229596
Italy,1,$,2000,1399792355
Sri Lanka,1,$,2011,1399571740
Nicaragua,1,$,2020,1396125892
Italy,1,$,2001,1392891913
Guatemala,1,$,2008,1388159184
_EU28 (2013-2019),1,$,1993,1384792917
_EU27 (2007-2012),1,$,1993,1381526600
South Korea,1,$,1996,1380707236
Guatemala,1,$,2016,1379857635
_EU27 (2007-2012),1,$,1991,1377397156
_EU28 (2013-2019),1,$,1991,1377397156
_SUB-SAHARA,1,$,2024,1375142186
_SUB-SAHARA,1,$,2023,1375023254
Pakistan,1,$,2018,1363856943
Philippines,1,$,2008,1362328550
Nicaragua,1,$,2011,1356920105
Italy,1,$,2002,1356703284
Italy,1,$,1999,1355429122
Jordan,1,$,2017,1354467781
Italy,1,$,2018,1354347846
Italy,1,$,2005,1353805874
Philippines,1,$,1994,1351221592
Italy,1,$,1998,1348490483
Nicaragua,1,$,2012,1348148416
India,1,$,1997,1347402838
Guatemala,1,$,2014,1338715964
Guatemala,1,$,2017,1335060227
Italy,1,$,2008,1333238453
El Salvador,1,$,1999,1328777512
Indonesia,1,$,1996,1325657711
El Salvador,1,$,2023,1325200878
El Salvador,1,$,2024,1325170944
Italy,1,$,2014,1323343503
Guatemala,1,$,2011,1321351529
Guatemala,1,$,2013,1313673305
Egypt,1,$,2025,1310405584
El Salvador,1,$,2020,1310326329
Italy,1,$,2006,1309275285
Sri Lanka,1,$,1998,1308177637
Pakistan,1,$,2009,1305757665
Thailand,1,$,2010,1304978359
El Salvador,1,$,2009,1298271458
_SUB-SAHARA,1,$,2007,1293429209
_SUB-SAHARA,1,$,2006,1291790120
Macau,1,$,2003,1281984887
Pakistan,1,$,2017,1274382098
Canada,1,$,2005,1273402758
Sri Lanka,1,$,1999,1268704561
Philippines,1,$,1993,1261748879
Pakistan,1,$,2016,1261183862
Pakistan,1,$,2005,1258870580
Jordan,1,$,2016,1258096417
Turkey,1,$,2003,1257312849
Thailand,1,$,1997,1256763065
_USMCA,1,$,1992,1254373611
Jordan,1,$,2006,1253230804
El Salvador,1,$,2025,1248613708
Jordan,1,$,2015,1245683480
Italy,1,$,2015,1242115266
Guatemala,1,$,2012,1239994306
Cambodia,1,$,2003,1239646844
_SUB-SAHARA,1,$,2018,1238211872
Guatemala,1,$,1999,1233373765
_CAFTA-DR,1,$,1989,1227549128
Italy,1,$,1997,1226147100
Italy,1,$,2013,1225282207
Sri Lanka,1,$,2010,1223656219
Honduras,1,$,1996,1219447720
Thailand,1,$,2009,1219386449
_SUB-SAHARA,1,$,2020,1216320958
Sri Lanka,1,$,2009,1210109511
Canada,1,$,1997,1204479269
Sri Lanka,1,$,1997,1203898418
Dominican Republic,1,$,1992,1202888409
Guatemala,1,$,2020,1199567582
Macau,1,$,2005,1198290824
Italy,1,$,2017,1196139777
Egypt,1,$,2023,1194710226
Egypt,1,$,2024,1194710226
Turkey,1,$,2002,1189703576
India,1,$,1996,1187225154
Thailand,1,$,2011,1186908243
Indonesia,1,$,1995,1183025554
Philippines,1,$,2011,1179988105
Philippines,1,$,1992,1176927087
El Salvador,1,$,1998,1170626505
Turkey,1,$,2004,1168602871
Canada,1,$,2006,1166733072
Macau,1,$,2006,1162557461
Italy,1,$,2016,1157881404
South Korea,1,$,2005,1154620342
Guatemala,1,$,2010,1152426692
_SUB-SAHARA,1,$,2008,1151294436
Macau,1,$,2000,1149187347
Italy,1,$,1996,1148803846
Philippines,1,$,2012,1148685046
Macau,1,$,2002,1146422779
Jordan,1,$,2007,1145398256
Egypt,1,$,2021,1145010858
Pakistan,1,$,2004,1137665659
Italy,1,$,2012,1137160035
Guatemala,1,$,1998,1135852046
Jordan,1,$,2014,1135102701
Taiwan,1,$,2005,1134431684
Philippines,1,$,2013,1127839142
Mexico,1,$,1993,1127024402
Macau,1,$,2001,1126947037
Bangladesh,1,$,1996,1124819934
Philippines,1,$,2015,1109394030
India,1,$,1994,1105462485
Philippines,1,$,2014,1103562622
Guatemala,1,$,2009,1102915578
Italy,1,$,2011,1101142394
Italy,1,$,2020,1099672679
India,1,$,1995,1098276228
_SUB-SAHARA,1,$,2002,1097564714
Jordan,1,$,2005,1082525795
Thailand,1,$,2012,1073327997
Bangladesh,1,$,1995,1067428925
Dominican Republic,1,$,2007,1056516449
El Salvador,1,$,1997,1052106343
Thailand,1,$,1996,1049262708
Turkey,1,$,2000,1047570572
Thailand,1,$,2013,1047270078
_SUB-SAHARA,1,$,2017,1045498764
Turkey,1,$,2001,1044852610
Jordan,1,$,2013,1043242044
Cambodia,1,$,2002,1042451481
Thailand,1,$,1995,1037006299
Turkey,1,$,2022,1036268825
_SUB-SAHARA,1,$,2016,1028124569
Macau,1,$,2007,1027709685
Indonesia,1,$,1994,1024581425
Macau,1,$,1999,1023964480
Philippines,1,$,1990,1021816228
_SUB-SAHARA,1,$,2014,1020661646
Thailand,1,$,2015,1019038073
Thailand,1,$,2022,1018798006
Thailand,1,$,2014,1018772046
Macau,1,$,1998,1018168172
Philippines,1,$,2010,1017623872
Nicaragua,1,$,2010,1017482542
Philippines,1,$,2009,1016285621
Pakistan,1,$,2003,1015452320
_SUB-SAHARA,1,$,2015,1013928136
_CBI,1,$,2021,1008176135
Haiti,1,$,2021,1007880122
Sri Lanka,1,$,1996,1006582568
Taiwan,1,$,2006,1004797358
Philippines,1,$,1991,999040840
Jordan,1,$,2012,980575600
Egypt,1,$,2019,980404761
Indonesia,1,$,1993,978434776
_CBI,1,$,2019,978186532
Haiti,1,$,2019,978041928
Thailand,1,$,2025,972526256
Jordan,1,$,2008,971258424
Peru,1,$,2022,969110522
Nicaragua,1,$,2007,967779811
_CBI,1,$,2022,967249564
Haiti,1,$,2022,966961047
Italy,1,$,1995,966803975
Philippines,1,$,2016,964145915
Guatemala,1,$,1997,962137465
Canada,1,$,2007,960415291
Jordan,1,$,2004,956156152
_SUB-SAHARA,1,$,2001,950761577
Canada,1,$,1996,947642441
Turkey,1,$,2005,943771881
_SUB-SAHARA,1,$,2013,936649387
Cambodia,1,$,2001,934630587
Nicaragua,1,$,2008,934055225
Thailand,1,$,2019,932654817
Pakistan,1,$,2001,931534384
Macau,1,$,1997,930044865
Sri Lanka,1,$,1995,928094297
_SUB-SAHARA,1,$,2009,921908035
Pakistan,1,$,2000,920362548
Honduras,1,$,1995,918490663
_CBI,1,$,2018,916908797
Haiti,1,$,2018,916038557
Italy,1,$,2010,915208476
South Korea,1,$,2006,912776140
Dominican Republic,1,$,1991,910339486
Turkey,1,$,2023,907513902
Turkey,1,$,2024,907497026
_USMCA,1,$,1991,904665784
_SUB-SAHARA,1,$,2011,903215022
Egypt,1,$,2011,902785943
Thailand,1,$,2016,900790129
Mexico,1,$,1992,900785782
_CBI,1,$,2015,897825900
Thailand,1,$,1994,897167020
Bangladesh,1,$,1994,895715069
Jordan,1,$,2011,895546269
Vietnam,1,$,2002,895068273
Haiti,1,$,2015,895024329
Thailand,1,$,2018,894781860
Nicaragua,1,$,2009,892456651
India,1,$,1993,889949437
Italy,1,$,2009,885469828
Nicaragua,1,$,2006,879324329
Pakistan,1,$,2002,878352978
Turkey,1,$,2025,872965066
Egypt,1,$,2012,871473597
_SUB-SAHARA,1,$,2012,864175814
Taiwan,1,$,2007,861478277
_CBI,1,$,2017,858354320
_CBI,1,$,2014,858040283
Haiti,1,$,2017,857752145
Thailand,1,$,2023,854601668
Thailand,1,$,2024,854598344
Turkey,1,$,2021,854377848
Haiti,1,$,2014,854160635
_CBI,1,$,2016,851970048
Haiti,1,$,2016,848953195
Egypt,1,$,2015,848750187
Peru,1,$,2006,843828120
Dominican Republic,1,$,2008,840552163
Costa Rica,1,$,1997,839827351
Macau,1,$,2008,838144850
Egypt,1,$,2010,836760236
Egypt,1,$,2018,835459989
Philippines,1,$,1989,834566972
Turkey,1,$,1999,833520351
Thailand,1,$,2017,832033769
Sri Lanka,1,$,1994,831873492
Indonesia,1,$,1992,825551631
Egypt,1,$,2014,823999100
Thailand,1,$,1993,823529524
Costa Rica,1,$,1998,820536871
Costa Rica,1,$,1999,819256092
Costa Rica,1,$,2000,818573203
Philippines,1,$,2017,815842723
Peru,1,$,2007,813964054
Peru,1,$,2025,813526612
Italy,1,$,1994,812945179
Peru,1,$,2023,810724352
Peru,1,$,2024,810724352
Cambodia,1,$,2000,808363361
_CBI,1,$,2013,807697700
Jordan,1,$,2010,806439038
Sri Lanka,1,$,1993,804975357
Egypt,1,$,2013,803915613
Haiti,1,$,2013,803305336
Peru,1,$,2005,800142598
Guatemala,1,$,1996,796455886
Thailand,1,$,2021,795070145
Peru,1,$,2008,793851047
Dominican Republic,1,$,2015,793747476
_SUB-SAHARA,1,$,2010,789496713
Philippines,1,$,2018,787483961
Dominican Republic,1,$,2016,786433143
Egypt,1,$,2020,781448230
Turkey,1,$,1998,781369142
Malaysia,1,$,2000,780525618
Thailand,1,$,2020,778778317
Canada,1,$,1995,770089906
Philippines,1,$,2019,766579735
Jordan,1,$,2009,765178359
Dominican Republic,1,$,2018,761459030
Malaysia,1,$,2001,761323087
Philippines,1,$,2022,760654329
India,1,$,1992,760467499
Macau,1,$,1996,760082949
Costa Rica,1,$,1995,756900697
Macau,1,$,1995,756743044
Peru,1,$,2021,751192549
Costa Rica,1,$,2001,748675882
_SUB-SAHARA,1,$,2000,748426561
_CBI,1,$,2020,744567784
Haiti,1,$,2020,744249688
Dominican Republic,1,$,2014,742961369
Egypt,1,$,2009,742411330
Egypt,1,$,2008,742054735
Bangladesh,1,$,1993,741181708
Malaysia,1,$,1999,736664133
_CBI,1,$,2012,736531551
Pakistan,1,$,1999,733238343
Dominican Republic,1,$,2017,732457375
Haiti,1,$,2012,729979994
Egypt,1,$,2017,726537806
Turkey,1,$,2006,726069470
Costa Rica,1,$,2002,725056379
Dominican Republic,1,$,2019,721374774
Taiwan,1,$,2008,721148653
El Salvador,1,$,1996,721056971
Malaysia,1,$,2002,720066823
Malaysia,1,$,1998,717272465
Thailand,1,$,1992,716761093
Nicaragua,1,$,2005,715591988
Peru,1,$,2011,713768224
Malaysia,1,$,2004,711986388
Italy,1,$,1989,708688310
_CBI,1,$,2011,707355475
Bangladesh,1,$,1992,704900755
Costa Rica,1,$,1996,704064010
Haiti,1,$,2011,701395355
Canada,1,$,2008,698861324
Italy,1,$,1990,698658423
Egypt,1,$,2007,697298981
Dominican Republic,1,$,1990,694229076
Italy,1,$,1992,691120053
Egypt,1,$,2016,691060937
_CBI,1,$,1998,686594266
Malaysia,1,$,2006,686032679
Malaysia,1,$,2003,685720308
Costa Rica,1,$,1994,684836314
Italy,1,$,1993,683561082
Malaysia,1,$,2007,682777768
Guatemala,1,$,1995,682284515
_USMCA,1,$,1990,678557020
Malaysia,1,$,2005,677866015
Peru,1,$,2004,676712134
Italy,1,$,1991,674650507
Malaysia,1,$,1995,674543723
Pakistan,1,$,1998,673596218
Dominican Republic,1,$,2013,673496978
Mexico,1,$,1991,673382267
Turkey,1,$,1997,672289757
Peru,1,$,2010,662871869
Peru,1,$,2019,659797833
_CBI,1,$,1995,657551494
_CBI,1,$,1997,655543621
Canada,1,$,2018,654582420
Dominican Republic,1,$,2011,653695852
_USMCA,1,$,1989,653046274
Costa Rica,1,$,1993,652612092
Dominican Republic,1,$,2022,650393181
Malaysia,1,$,1997,649767479
Dominican Republic,1,$,2012,649305626
Malaysia,1,$,1996,647849676
_CBI,1,$,1996,646881861
Peru,1,$,2018,646012666
Honduras,1,$,1994,644779168
Singapore,1,$,1992,642778291
Dominican Republic,1,$,1989,642441622
Malaysia,1,$,2008,638641271
_CBI,1,$,1999,638219496
Malaysia,1,$,1994,637198048
Canada,1,$,2019,636781461
Sri Lanka,1,$,1992,634939754
Turkey,1,$,1995,630430136
Indonesia,1,$,1990,629344408
South Korea,1,$,2007,627024297
Dominican Republic,1,$,2010,625840227
Turkey,1,$,2019,625069235
Egypt,1,$,2006,624790891
Singapore,1,$,1989,623489175
Singapore,1,$,1990,621611458
Peru,1,$,2014,621422101
Pakistan,1,$,1997,617575249
Peru,1,$,2013,616195281
Philippines,1,$,2021,613533282
Dominican Republic,1,$,2009,613345253
Peru,1,$,2012,610614761
Malaysia,1,$,1993,609286214
Malaysia,1,$,1992,607293330
Peru,1,$,2017,606704229
Kenya,1,$,2025,604835733
Macau,1,$,1994,604030040
Singapore,1,$,1991,600069264
Peru,1,$,2009,599643690
Nicaragua,1,$,2004,594712631
Canada,1,$,2015,594031957
Guatemala,1,$,1994,591183764
Canada,1,$,2017,589784125
Colombia,1,$,2004,589233914
Costa Rica,1,$,1992,589179827
Costa Rica,1,$,2003,589160628
Canada,1,$,1994,588777672
Canada,1,$,2014,585735968
Cambodia,1,$,1999,584951942
_SUB-SAHARA,1,$,1999,584332461
Peru,1,$,2015,583258941
El Salvador,1,$,1995,582206313
Jordan,1,$,2003,582081047
Peru,1,$,2016,579269183
Turkey,1,$,1996,578504385
Canada,1,$,2022,575839858
Colombia,1,$,2005,574525353
Turkey,1,$,2018,573166999
Indonesia,1,$,1989,571619075
_CBI,1,$,2023,570174264
_CBI,1,$,2024,570146560
Haiti,1,$,2023,569748098
Haiti,1,$,2024,569720394
Dominican Republic,1,$,2025,567453695
Indonesia,1,$,1991,565301383
Dominican Republic,1,$,2023,563322734
Dominican Republic,1,$,2024,563322734
_CBI,1,$,2000,561899001
Pakistan,1,$,1996,561326328
Turkey,1,$,2007,559175652
India,1,$,1990,556799722
Kenya,1,$,2022,553116224
India,1,$,1991,552576760
Pakistan,1,$,1995,549987969
Canada,1,$,2016,547936919
Dominican Republic,1,$,2021,546733463
Guatemala,1,$,1993,545702118
_CBI,1,$,1993,545669132
_CBI,1,$,1994,538602949
Kenya,1,$,2023,532836580
Kenya,1,$,2024,532836580
Canada,1,$,2013,532524992
Jamaica,1,$,1995,530902262
Malaysia,1,$,1991,530217562
Turkey,1,$,2020,530084294
Turkey,1,$,2017,526211074
_SUB-SAHARA,1,$,1998,523742800
Malaysia,1,$,2015,522437078
_CBI,1,$,2006,522334551
_CBI,1,$,2010,521695203
_CBI,1,$,2009,518762340
Haiti,1,$,2010,517487025
Turkey,1,$,1994,517282125
Singapore,1,$,1993,516592268
Malaysia,1,$,2014,516163435
Costa Rica,1,$,2004,515643255
Macau,1,$,1992,515120764
Thailand,1,$,1991,514837219
Canada,1,$,2012,514807018
India,1,$,1989,513345766
Haiti,1,$,2009,513232724
Peru,1,$,2020,512984700
Mexico,1,$,1990,508293038
Canada,1,$,2021,508181177
Honduras,1,$,1993,506188068
Canada,1,$,2011,506061920
South Korea,1,$,2008,505488163
Colombia,1,$,2006,505437346
Malaysia,1,$,2011,505424075
Canada,1,$,2024,505405796
Canada,1,$,2023,505394866
Jamaica,1,$,1996,505342418
Peru,1,$,2003,504399694
_CBI,1,$,2007,504017158
Canada,1,$,2010,501523885
Malaysia,1,$,2013,500442164
Mexico,1,$,1989,500330915
Canada,1,$,2025,499542385
Colombia,1,$,2003,497536144
_CBI,1,$,2005,487134145
Sri Lanka,1,$,1991,486140789
Nicaragua,1,$,2003,483996217
Macau,1,$,1993,483236013
Costa Rica,1,$,2005,481604499
Russia,1,$,2003,480098942
Canada,1,$,2009,479720975
_CBI,1,$,2025,478529040
Haiti,1,$,2025,478063647
Malaysia,1,$,1990,477764834
Israel,1,$,2000,476282251
Philippines,1,$,2020,474936317
Turkey,1,$,2016,472073434
Jamaica,1,$,1997,471934128
Singapore,1,$,1994,469616667
Taiwan,1,$,2010,469367402
Taiwan,1,$,2009,468108190
Costa Rica,1,$,2006,464968489
Malaysia,1,$,2012,464220448
Turkey,1,$,2015,458012117
Malaysia,1,$,2009,457160080
Lesotho,1,$,2004,455753191
Jamaica,1,$,1994,454126988
Canada,1,$,1993,453777797
Kenya,1,$,2019,453724514
_CBI,1,$,1991,452642899
Haiti,1,$,2007,452196495
Guatemala,1,$,1992,451148250
Malaysia,1,$,2010,450415335
Haiti,1,$,2006,449674413
Kenya,1,$,2021,448761656
Philippines,1,$,2023,447256758
Philippines,1,$,2024,447255079
_CBI,1,$,1989,447058651
Israel,1,$,2001,446568994
_CBI,1,$,1990,445575398
Philippines,1,$,2025,444604725
Egypt,1,$,2005,444286270
Bangladesh,1,$,1991,440472424
_CBI,1,$,2004,438877540
Costa Rica,1,$,1991,438843197
Pakistan,1,$,1994,437140256
Thailand,1,$,1990,437119551
Dominican Republic,1,$,2020,436048154
Taiwan,1,$,2011,435996726
_CBI,1,$,2001,434683526
_CBI,1,$,2008,434322454
Nicaragua,1,$,2002,432861437
Malaysia,1,$,1989,432201522
_SUB-SAHARA,1,$,1997,429887839
Canada,1,$,2020,429593916
Malaysia,1,$,2016,428684925
Bangladesh,1,$,1990,428527487
Sri Lanka,1,$,1990,425091992
_CBI,1,$,2003,425028756
Singapore,1,$,1995,423790179
Costa Rica,1,$,2007,422944876
Egypt,1,$,2004,422291776
Jamaica,1,$,1998,422186621
Israel,1,$,1999,418479101
Israel,1,$,2002,416383944
_CBI,1,$,1992,416141911
Haiti,1,$,2008,412323852
Burma (Myanmar),1,$,2001,411803181
Colombia,1,$,2000,409451054
Turkey,1,$,2014,408972115
Haiti,1,$,2005,406281397
Egypt,1,$,2000,405974443
Madagascar,1,$,2022,405179622
Burma (Myanmar),1,$,2000,403827365
Turkey,1,$,2008,402027469
El Salvador,1,$,1994,397921402
Malaysia,1,$,2017,397567199
Israel,1,$,2003,396304241
Madagascar,1,$,2025,394195018
Taiwan,1,$,2012,394088537
Lesotho,1,$,2003,392669527
Macau,1,$,1990,392228798
Kenya,1,$,2018,392196769
Lesotho,1,$,2005,390712124
Macau,1,$,1991,389585775
_SUB-SAHARA,1,$,1995,389183878
Jamaica,1,$,1993,388867069
Turkey,1,$,2012,387570875
Egypt,1,$,2001,387182202
Lesotho,1,$,2006,387031425
Kenya,1,$,2020,385008246
Turkey,1,$,2013,384673148
Jordan,1,$,2002,384215156
Peru,1,$,2002,383610234
Lesotho,1,$,2007,383525513
Peru,1,$,2000,382865831
Colombia,1,$,2007,382128850
Egypt,1,$,2003,381772147
Costa Rica,1,$,1990,381507876
Burma (Myanmar),1,$,2022,381432133
Kenya,1,$,2014,378911454
Thailand,1,$,1989,377712895
Portugal,1,$,2025,376854115
Portugal,1,$,2022,375843698
Nicaragua,1,$,2001,374304158
_CBI,1,$,2002,373297274
Portugal,1,$,2023,371290809
Portugal,1,$,2024,371278904
Peru,1,$,2001,370797990
Colombia,1,$,1999,369700277
Malaysia,1,$,2019,368825420
Turkey,1,$,1993,368340302
Kenya,1,$,2015,368276062
Colombia,1,$,1995,365969234
Honduras,1,$,1992,365046544
Taiwan,1,$,2013,364440950
Malaysia,1,$,2018,362791413
Israel,1,$,1998,361486891
_SUB-SAHARA,1,$,1996,360811347
Colombia,1,$,1998,360173323
Cambodia,1,$,1998,359478501
_SUB-SAHARA,1,$,1994,359309612
Russia,1,$,2002,357411496
Colombia,1,$,1994,357170427
Pakistan,1,$,1993,357036972
Egypt,1,$,1998,356362935
Singapore,1,$,2000,355809659
Sri Lanka,1,$,1989,354491143
Canada,1,$,1992,353587829
Madagascar,1,$,2024,352091037
Madagascar,1,$,2023,351972105
Macau,1,$,1989,351537895
Taiwan,1,$,2014,350938960
Egypt,1,$,2002,348383932
Colombia,1,$,1997,347433294
Ethiopia,1,$,2022,347140480
Jamaica,1,$,1999,344646024
Colombia,1,$,2001,342934373
Colombia,1,$,2008,341932904
Kenya,1,$,2016,340624944
Lesotho,1,$,2008,339690343
United Arab Emirates,1,$,2000,338414492
Kenya,1,$,2017,337256285
Israel,1,$,2004,336199584
Colombia,1,$,2002,335607527
Nicaragua,1,$,2000,335579913
Portugal,1,$,2021,334458267
Pakistan,1,$,1992,334100077
Turkey,1,$,2011,333636109
Russia,1,$,2001,333102640
Egypt,1,$,1999,332652234
Guatemala,1,$,1991,329739746
Taiwan,1,$,2015,329646895
Turkey,1,$,1992,329311704
Costa Rica,1,$,1989,326800964
Singapore,1,$,1999,326444603
Singapore,1,$,1996,325808047
Russia,1,$,2004,325146043
Bangladesh,1,$,1989,324217482
Haiti,1,$,2004,324216035
Madagascar,1,$,2004,323106749
Lesotho,1,$,2013,321276442
Lesotho,1,$,2002,320655925
Lesotho,1,$,2018,320612721
Colombia,1,$,1993,318543543
Lesotho,1,$,2011,315323324
Colombia,1,$,1996,311712975
Kenya,1,$,2013,308562602
Egypt,1,$,1997,307346242
Singapore,1,$,1998,307028712
Colombia,1,$,2022,307016395
United Arab Emirates,1,$,2001,306386528
Peru,1,$,1999,305773315
Israel,1,$,1995,305567422
Burma (Myanmar),1,$,2020,304358441
Burma (Myanmar),1,$,2002,303664054
Lesotho,1,$,2019,303416319
Costa Rica,1,$,2008,303089536
Turkey,1,$,1989,301882371
Turkey,1,$,2010,301139543
Lesotho,1,$,2012,300930170
Lesotho,1,$,2015,299691540
Singapore,1,$,2001,298435555
Israel,1,$,1996,297601694
Turkey,1,$,1990,296902896
Colombia,1,$,2021,296603220
Lesotho,1,$,2016,295114917
Lesotho,1,$,2021,293441945
Colombia,1,$,1992,293041792
Jamaica,1,$,1992,292788996
United Arab Emirates,1,$,1999,290904897
Lesotho,1,$,2017,290360148
Haiti,1,$,2003,290355183
Lesotho,1,$,2014,290308929
Japan,1,$,2004,289935983
Madagascar,1,$,2007,289439437
Israel,1,$,2005,288554034
Singapore,1,$,1997,287583384
Singapore,1,$,2002,286228854
Israel,1,$,1997,286172113
_SUB-SAHARA,1,$,1993,284381165
Portugal,1,$,2019,284345170
Madagascar,1,$,2021,283030765
South Korea,1,$,2009,281263393
Lesotho,1,$,2010,280754307
Madagascar,1,$,2008,278842415
Lesotho,1,$,2009,278345449
Kenya,1,$,2004,277163935
Hong Kong,1,$,2009,277092106
Madagascar,1,$,2005,277065254
Nicaragua,1,$,1999,277012339
Portugal,1,$,2018,274834534
Burma (Myanmar),1,$,2021,273743844
Kenya,1,$,2005,270556766
Singapore,1,$,2003,269714079
Mauritius,1,$,2003,269024095
Israel,1,$,1994,268656224
Jamaica,1,$,2000,267961029
Burma (Myanmar),1,$,2025,267874741
Lesotho,1,$,2022,265373826
Kenya,1,$,2006,262904749
Malaysia,1,$,2022,261833540
United Arab Emirates,1,$,2002,261411881
United Arab Emirates,1,$,1998,260715455
Kenya,1,$,2011,260588168
Russia,1,$,2000,260416722
Ethiopia,1,$,2021,260344990
Morocco,1,$,2023,259790544
Morocco,1,$,2024,259790282
South Korea,1,$,2010,257962674
United Arab Emirates,1,$,2003,257813608
Colombia,1,$,2010,257771409
Lesotho,1,$,2020,257517377
Turkey,1,$,2009,257431661
Egypt,1,$,1996,255290009
Taiwan,1,$,2016,255270109
Mauritius,1,$,2002,254462197
Burma (Myanmar),1,$,2019,254233627
Kenya,1,$,2012,254231889
United Kingdom,1,$,2001,253746383
Jamaica,1,$,1991,251553059
El Salvador,1,$,1993,251178625
South Korea,1,$,2015,250700684
Haiti,1,$,2000,250620802
Haiti,1,$,1999,248634369
Kenya,1,$,2007,248176273
Kenya,1,$,2008,246584710
Mauritius,1,$,2000,244782887
South Korea,1,$,2016,243406266
Madagascar,1,$,2019,243315759
South Korea,1,$,2011,243252052
South Korea,1,$,2014,243024506
Israel,1,$,2006,242718822
Singapore,1,$,2004,242490380
United Arab Emirates,1,$,2004,239554393
United Arab Emirates,1,$,1997,238564188
Madagascar,1,$,2006,238357546
Mauritius,1,$,2001,238194361
Australia,1,$,2002,237512549
Jamaica,1,$,1990,235648785
Turkey,1,$,1991,235536321
United Kingdom,1,$,2002,235050815
Egypt,1,$,1995,234448416
Burma (Myanmar),1,$,2003,234342819
South Korea,1,$,2013,233844426
Mauritius,1,$,1998,233365910
Colombia,1,$,2018,232545790
South Africa,1,$,2003,232317683
Nicaragua,1,$,1998,231959315
Mauritius,1,$,1999,231621692
Canada,1,$,1991,231283517
Malaysia,1,$,2020,230757297
Portugal,1,$,2017,230437179
United Kingdom,1,$,1998,229807324
Morocco,1,$,2022,229645561
Taiwan,1,$,2017,229398770
Colombia,1,$,2019,229386866
South Korea,1,$,2022,228642964
South Korea,1,$,2017,228111303
United Kingdom,1,$,2000,227840748
Mauritius,1,$,2004,227283392
Mongolia,1,$,2004,227034798
Colombia,1,$,2015,226620682
United Arab Emirates,1,$,2005,226436418
Jamaica,1,$,1989,226217973
France,1,$,2023,225755242
France,1,$,2024,225753564
Burma (Myanmar),1,$,2023,225353693
Burma (Myanmar),1,$,2024,225353693
Colombia,1,$,2011,223137901
Ethiopia,1,$,2020,223063172
Mauritius,1,$,2014,223060204
Peru,1,$,1998,222541677
South Korea,1,$,2018,221993038
Japan,1,$,2003,221481100
Colombia,1,$,2009,221046976
Portugal,1,$,2020,220718065
South Korea,1,$,2012,218779922
France,1,$,2025,218398712
Haiti,1,$,1998,217503588
Colombia,1,$,2013,217401001
United Kingdom,1,$,2004,216943476
Haiti,1,$,2002,216593334
Haiti,1,$,2001,216371439
United Kingdom,1,$,1997,216346149
Mauritius,1,$,2015,215424473
Brunei,1,$,2004,215164222
Lesotho,1,$,2001,214812909
Australia,1,$,2001,214774949
Taiwan,1,$,2022,213012620
Brunei,1,$,2001,212430033
Madagascar,1,$,2009,211532836
United Kingdom,1,$,2003,211350093
United Kingdom,1,$,1999,211293542
Israel,1,$,1993,210934689
Ethiopia,1,$,2019,210884455
Malaysia,1,$,2021,210835206
Morocco,1,$,2025,210780880
Colombia,1,$,2023,210192439
Colombia,1,$,2024,210188449
Australia,1,$,2004,209286072
Colombia,1,$,2012,208467990
Pakistan,1,$,1991,208149336
Colombia,1,$,1991,207762685
Costa Rica,1,$,2009,205999420
Pakistan,1,$,1990,205738319
Brunei,1,$,2003,205481854
Romania,1,$,2025,205317967
Australia,1,$,2003,202268163
United Arab Emirates,1,$,1996,201901070
Kenya,1,$,2010,201601882
Portugal,1,$,2016,200344551
Madagascar,1,$,2020,199773404
Colombia,1,$,2025,199762882
France,1,$,2002,199389906
Colombia,1,$,2014,198758981
Colombia,1,$,2016,198591320
Colombia,1,$,2017,198567636
South Korea,1,$,2019,198406718
Mauritius,1,$,2016,197021353
France,1,$,2001,196234073
Madagascar,1,$,2003,196021817
Madagascar,1,$,2018,195896621
Honduras,1,$,1991,195514259
_SUB-SAHARA,1,$,1992,195467237
Brunei,1,$,2002,195168251
Kenya,1,$,2009,195115747
Peru,1,$,1997,193234556
United Kingdom,1,$,1989,192343447
Mauritius,1,$,2013,191188241
Morocco,1,$,2021,191182327
France,1,$,1998,190869403
Egypt,1,$,1994,190861674
Israel,1,$,2007,190775909
France,1,$,2007,190631990
Guatemala,1,$,1990,190622850
Mauritius,1,$,1995,190600013
United Kingdom,1,$,1990,190275351
United Arab Emirates,1,$,1995,190115107
Bahrain,1,$,2001,189788885
Taiwan,1,$,2018,189781234
Israel,1,$,1992,189745995
Kenya,1,$,2003,187680834
Pakistan,1,$,1989,187519661
France,1,$,2004,187207848
France,1,$,2003,186843350
Mauritius,1,$,1994,186386409
Burma (Myanmar),1,$,1999,185113236
France,1,$,1999,184782968
Mauritius,1,$,1997,184606881
United Kingdom,1,$,1996,184429053
United Arab Emirates,1,$,2006,184398284
Colombia,1,$,2020,184224807
Jordan,1,$,2001,183768761
France,1,$,2000,183488846
France,1,$,2022,183410497
Portugal,1,$,2015,183129458
South Korea,1,$,2021,182086751
Nicaragua,1,$,1997,181992059
Romania,1,$,2022,181839875
Romania,1,$,2019,181634254
France,1,$,2005,181565389
Jamaica,1,$,2001,181513715
Hong Kong,1,$,2010,181503152
South Africa,1,$,2002,181020527
Hong Kong,1,$,2016,180302178
Brunei,1,$,2000,180159212
Malaysia,1,$,2023,180101577
Malaysia,1,$,2024,180101577
Eswatini (formerly Swaziland),1,$,2004,178657585
Nepal,1,$,2000,178462330
Bahrain,1,$,2002,178288416
Madagascar,1,$,2001,177993318
Mongolia,1,$,2003,176875331
Australia,1,$,2000,176713234
Taiwan,1,$,2021,176146475
Romania,1,$,2023,175311198
Romania,1,$,2024,175305786
South Africa,1,$,2001,175084461
France,1,$,2006,174987893
Macau,1,$,2009,173924985
Taiwan,1,$,2019,173791052
South Korea,1,$,2023,173624594
South Korea,1,$,2024,173621614
Portugal,1,$,2014,172708646
Israel,1,$,2008,172605369
Romania,1,$,2014,172423008
France,1,$,2008,172282456
_SUB-SAHARA,1,$,1990,171795224
Brazil,1,$,1994,171734551
Japan,1,$,2002,170975865
United Kingdom,1,$,1994,170771391
Canada,1,$,1990,170263982
United Kingdom,1,$,2005,169699054
Burma (Myanmar),1,$,2018,169047843
South Korea,1,$,2025,168599035
France,1,$,2019,168550444
Costa Rica,1,$,2010,168419553
France,1,$,1990,167757875
Japan,1,$,1989,167490731
Costa Rica,1,$,2011,167471745
Brunei,1,$,2005,167089687
Romania,1,$,2018,166742908
Mauritius,1,$,2005,166578610
Haiti,1,$,1989,166418506
France,1,$,1997,165912834
El Salvador,1,$,1992,165833207
Hong Kong,1,$,2015,164904632
Mauritius,1,$,1996,164650630
Bahrain,1,$,2003,163681548
Mauritius,1,$,2012,162788485
France,1,$,1996,162063793
United Kingdom,1,$,1995,161736149
Hong Kong,1,$,2011,161706406
Mauritius,1,$,1993,161504935
Romania,1,$,2016,161480635
Hong Kong,1,$,2017,161077136
Eswatini (formerly Swaziland),1,$,2005,160876970
Romania,1,$,2015,160594219
Haiti,1,$,1990,160186484
Costa Rica,1,$,2012,159777679
Ethiopia,1,$,2023,159638460
Ethiopia,1,$,2024,159638460
France,1,$,2015,159433298
Malaysia,1,$,2025,159192909
Madagascar,1,$,2017,158673930
France,1,$,2014,158575430
United Arab Emirates,1,$,1994,158551753
Ethiopia,1,$,2025,158395238
United Kingdom,1,$,1993,157910359
Brazil,1,$,1989,157818517
Singapore,1,$,2005,156776102
Mauritius,1,$,2011,156768107
Mongolia,1,$,2002,155877630
Bahrain,1,$,2004,155865250
France,1,$,1995,155253524
Bahrain,1,$,2000,155179226
France,1,$,2018,155127967
United Kingdom,1,$,1991,154248713
Oman,1,$,2000,154038893
Canada,1,$,1989,152715359
Colombia,1,$,1990,152695146
France,1,$,2012,151948949
Brazil,1,$,1993,151923229
Hong Kong,1,$,2014,151756022
Lesotho,1,$,2023,151396990
Lesotho,1,$,2024,151396990
Singapore,1,$,2007,151396267
United Kingdom,1,$,1992,151395495
France,1,$,1989,150950526
Romania,1,$,2021,150895094
Romania,1,$,2017,149941135
_SUB-SAHARA,1,$,1989,149628293
Romania,1,$,2013,149553177
_SUB-SAHARA,1,$,1991,149538724
France,1,$,2013,149521816
Nepal,1,$,2001,148976572
South Korea,1,$,2020,148823987
Egypt,1,$,1993,148771342
Brazil,1,$,2003,148491872
Brazil,1,$,1992,147553970
Taiwan,1,$,2020,147326109
France,1,$,2017,147323815
Peru,1,$,1996,146797531
Mauritius,1,$,2018,146580313
Mauritius,1,$,2017,146562333
Portugal,1,$,2013,146533165
Singapore,1,$,2006,146121246
Haiti,1,$,1991,146024267
Hong Kong,1,$,2013,145919944
Oman,1,$,2001,145757285
Hong Kong,1,$,2012,145747949
France,1,$,2011,145265875
Hong Kong,1,$,2018,145113949
France,1,$,2016,143899135
Israel,1,$,1991,143602693
Bulgaria,1,$,2003,143586918
Oman,1,$,1999,142398329
Nicaragua,1,$,1996,142170195
South Africa,1,$,2000,141959750
Morocco,1,$,2019,141843479
South Africa,1,$,2004,141465857
Eswatini (formerly Swaziland),1,$,2003,140670560
Lesotho,1,$,2000,140219043
Qatar,1,$,2001,139870167
Mauritius,1,$,2019,139762241
Mongolia,1,$,2001,139651358
Oman,1,$,1998,139438535
France,1,$,2021,138855298
Lesotho,1,$,2025,138776351
United Kingdom,1,$,2025,138704744
Romania,1,$,2012,138372675
France,1,$,1992,138252485
France,1,$,1991,137443369
United Kingdom,1,$,2006,137425067
Haiti,1,$,1997,137240016
Israel,1,$,1990,136576372
Hong Kong,1,$,2020,136534338
United Kingdom,1,$,2015,135980923
Nepal,1,$,1999,135898280
Morocco,1,$,2018,135713067
Eswatini (formerly Swaziland),1,$,2007,135274157
Eswatini (formerly Swaziland),1,$,2006,135240812
Qatar,1,$,2000,135211478
Australia,1,$,1999,135003188
Brazil,1,$,2004,134540673
Mongolia,1,$,2005,134457112
Bulgaria,1,$,2004,134390780
Morocco,1,$,2014,134334654
United Arab Emirates,1,$,1993,134129503
Bulgaria,1,$,2002,133156514
Bulgaria,1,$,2001,133147876
Bahrain,1,$,2014,132869182
France,1,$,1994,132461532
Burma (Myanmar),1,$,2017,132440178
Oman,1,$,2003,131937804
Japan,1,$,2001,131900647
Romania,1,$,2020,131710470
United Arab Emirates,1,$,1992,131462893
Oman,1,$,1995,130810582
Morocco,1,$,2017,130541074
Russia,1,$,1999,129845443
Nepal,1,$,2003,129449210
United Kingdom,1,$,2014,129399214
Brazil,1,$,1990,129302849
Guatemala,1,$,1989,129155940
United Kingdom,1,$,2023,128679298
United Kingdom,1,$,2024,128676034
Morocco,1,$,2016,128350082
Burma (Myanmar),1,$,1998,127971629
United Kingdom,1,$,2022,127021917
Colombia,1,$,1989,127020775
Oman,1,$,1997,126227006
Bahrain,1,$,2015,126060361
France,1,$,1993,125913305
Brazil,1,$,2005,125727640
Kenya,1,$,2002,125481617
Oman,1,$,2004,125419326
Peru,1,$,1995,125253224
Oman,1,$,2002,125133984
Eswatini (formerly Swaziland),1,$,2008,124868687
United Kingdom,1,$,2007,124529179
Jamaica,1,$,2002,124208219
France,1,$,2010,124163706
Portugal,1,$,1989,123440527
Portugal,1,$,1990,122124171
Morocco,1,$,2015,122086374
Mauritius,1,$,1990,121888984
United Arab Emirates,1,$,2007,121829428
Brunei,1,$,1999,120587158
Singapore,1,$,2008,120398290
Bahrain,1,$,2005,120005210
Brunei,1,$,2006,119833375
Mauritius,1,$,2010,119653833
Mauritius,1,$,1989,119602166
Portugal,1,$,2012,119143089
France,1,$,2009,118952257
Mauritius,1,$,2006,118773717
Israel,1,$,2009,118487622
United Kingdom,1,$,2019,116457556
Oman,1,$,1996,116082019
Japan,1,$,1990,115810969
Romania,1,$,1998,115023698
Hong Kong,1,$,2021,114927048
Brazil,1,$,2002,114766302
Mauritius,1,$,2007,114580323
Taiwan,1,$,2025,114352054
Germany,1,$,1990,114299895
Germany,1,$,1991,114188041
Qatar,1,$,1999,114162350
Tunisia,1,$,2022,114128689
Morocco,1,$,2013,114057925
Mongolia,1,$,2000,113990555
Romania,1,$,2001,113627713
Qatar,1,$,1998,113604760
Brazil,1,$,1995,113299776
Australia,1,$,2005,113129466
Maldive Islands,1,$,2002,112977082
Honduras,1,$,1990,112833246
Mauritius,1,$,1992,112420142
Romania,1,$,2008,112219895
Egypt,1,$,1992,112106847
Ethiopia,1,$,2018,112002996
Romania,1,$,2007,111786010
Macau,1,$,2022,110858394
Lesotho,1,$,1999,110759155
Bahrain,1,$,2013,110065927
France,1,$,2020,109916246
United Kingdom,1,$,2016,109609251
Madagascar,1,$,2000,109579104
Romania,1,$,2011,109557686
Romania,1,$,2006,109476122
Romania,1,$,2000,108803859
Germany,1,$,1992,108659995
Nepal,1,$,2002,107871964
Israel,1,$,1989,107097696
Brazil,1,$,2001,106948795
United Kingdom,1,$,2018,106938735
Nepal,1,$,1994,106653310
Costa Rica,1,$,2013,106481029
Taiwan,1,$,2023,106212640
Taiwan,1,$,2024,106212640
Brunei,1,$,2007,106142086
Morocco,1,$,2020,105444898
United Kingdom,1,$,2013,105366231
Jamaica,1,$,2003,105173637
Peru,1,$,1994,104328695
United Kingdom,1,$,2021,104087042
Mongolia,1,$,2006,103859341
Madagascar,1,$,2016,102564144
Oman,1,$,1994,102363518
Japan,1,$,2022,102025154
Qatar,1,$,2002,101622002
Mauritius,1,$,2008,101364057
Morocco,1,$,2012,101263595
Brazil,1,$,1991,101112773
Germany,1,$,1989,101102861
Mauritius,1,$,2009,100688075
Nepal,1,$,1998,100678438
Lesotho,1,$,1998,100072006
Japan,1,$,2025,100057634
Morocco,1,$,2006,99845567
Israel,1,$,2010,99375889
Cambodia,1,$,1997,98685219
Romania,1,$,2002,98412593
Germany,1,$,1995,98121405
Haiti,1,$,1996,98063273
United Kingdom,1,$,2012,98036065
United Kingdom,1,$,2017,98004907
Nepal,1,$,2004,97978014
Bahrain,1,$,1999,97305848
South Africa,1,$,1999,97218384
Mauritius,1,$,1991,97154890
United Kingdom,1,$,2008,96741375
Maldive Islands,1,$,2001,96525940
Morocco,1,$,2001,96058820
Israel,1,$,2011,95651847
Qatar,1,$,1997,95470973
Bulgaria,1,$,2000,95456509
Tunisia,1,$,2012,95434632
Morocco,1,$,2000,95326655
Portugal,1,$,2011,95226187
Brazil,1,$,2000,95005516
Tunisia,1,$,2025,94846280
Portugal,1,$,2003,94607134
Eswatini (formerly Swaziland),1,$,2009,94409357
Fiji,1,$,2000,94277773
Germany,1,$,1994,94273516
Ukraine,1,$,2001,94108551
Maldive Islands,1,$,2003,93725848
Portugal,1,$,2004,93720849
Romania,1,$,2005,93653943
Eswatini (formerly Swaziland),1,$,2010,93488172
Romania,1,$,2003,93328184
Morocco,1,$,1998,92773552
Maldive Islands,1,$,2000,92740155
Bahrain,1,$,2012,92694122
Bulgaria,1,$,2005,92579070
Portugal,1,$,2007,91976976
Haiti,1,$,1993,91664882
Fiji,1,$,2001,91458774
Macau,1,$,2021,91091654
Japan,1,$,2023,90854167
Japan,1,$,2024,90853747
Japan,1,$,1991,90847870
Germany,1,$,1996,90370335
El Salvador,1,$,1991,90260126
Romania,1,$,2004,90148236
Morocco,1,$,1999,89994821
Japan,1,$,2018,89935331
Russia,1,$,1998,89880443
Japan,1,$,2021,89709638
Madagascar,1,$,2002,89337461
Eswatini (formerly Swaziland),1,$,2002,89073719
Tanzania,1,$,2025,88984349
Portugal,1,$,2005,88868581
Nepal,1,$,1996,88854219
Tunisia,1,$,2023,88440348
Tunisia,1,$,2024,88440348
Mauritius,1,$,2020,88260265
Morocco,1,$,2007,87974869
Greece,1,$,1990,87743794
Morocco,1,$,2008,87571372
Portugal,1,$,2008,87358828
Portugal,1,$,2000,87184082
Israel,1,$,2012,86983628
Japan,1,$,2019,86767984
Honduras,1,$,1989,86711588
Japan,1,$,1992,86628398
Romania,1,$,1999,86568133
Japan,1,$,2005,86513342
Lesotho,1,$,1997,86348263
Russia,1,$,2005,86172080
Brazil,1,$,2006,86064674
Fiji,1,$,2004,85769223
Burma (Myanmar),1,$,1997,85569912
Qatar,1,$,2003,85407858
Jamaica,1,$,2004,85278970
Bahrain,1,$,2006,85213217
Bulgaria,1,$,2022,84922808
Portugal,1,$,1995,84794534
North Macedonia,1,$,1998,84556398
Brazil,1,$,1996,84487818
Nepal,1,$,1997,84479075
Hong Kong,1,$,2019,84372736
United Kingdom,1,$,2011,84290593
Macau,1,$,2010,84227296
Portugal,1,$,2006,83991299
Oman,1,$,1992,83443589
Tunisia,1,$,2011,83338052
Germany,1,$,1993,83333860
Burma (Myanmar),1,$,1996,83303722
United Kingdom,1,$,2020,83275178
Bulgaria,1,$,2014,82931770
Bahrain,1,$,2010,82901971
Bahrain,1,$,2011,82848640
Bulgaria,1,$,2019,82618767
Bulgaria,1,$,2018,82569464
Portugal,1,$,1998,82270904
Portugal,1,$,2001,82175629
Tunisia,1,$,2013,82067172
Morocco,1,$,2011,82066618
United Arab Emirates,1,$,1990,81329126
Costa Rica,1,$,2014,81302288
Maldive Islands,1,$,2004,81052067
Germany,1,$,1997,80730539
Israel,1,$,2014,80663885
Nepal,1,$,1995,80653895
Australia,1,$,1997,80601462
Brunei,1,$,1998,80561472
Hong Kong,1,$,2022,80540477
Bahrain,1,$,2016,80404502
Bahrain,1,$,1998,80195438
Israel,1,$,2013,80168666
Oman,1,$,2018,80154412
Bulgaria,1,$,2015,80034413
Switzerland,1,$,2007,79575169
Fiji,1,$,2003,79551982
Tanzania,1,$,2023,79270913
Tanzania,1,$,2024,79270913
Nepal,1,$,1993,79009111
Bahrain,1,$,2008,78914401
Namibia,1,$,2004,78653934
South Africa,1,$,1998,78626394
Japan,1,$,1993,78537457
Oman,1,$,2017,78478130
Qatar,1,$,1996,78302730
Romania,1,$,1997,78225424
Romania,1,$,2010,78068127
Tunisia,1,$,2014,77896411
Oman,1,$,1993,77681748
Bulgaria,1,$,2016,77335924
Portugal,1,$,1994,77125915
Eswatini (formerly Swaziland),1,$,2011,76882778
Switzerland,1,$,2010,76409258
Australia,1,$,1998,76336373
Mauritius,1,$,2022,75694063
Portugal,1,$,1991,75656186
Morocco,1,$,2003,75630060
Switzerland,1,$,2008,75517451
Bulgaria,1,$,2013,75355026
Bulgaria,1,$,2023,75343076
Bulgaria,1,$,2024,75339981
Egypt,1,$,1991,75279874
Morocco,1,$,2002,75248791
Bulgaria,1,$,2025,75239701
Peru,1,$,1993,74693053
Japan,1,$,2017,74613494
Fiji,1,$,2002,74445937
Tunisia,1,$,2019,74311748
Morocco,1,$,2004,74302733
Portugal,1,$,2010,74054913
Ukraine,1,$,2002,73978292
Nicaragua,1,$,1995,73970464
Tanzania,1,$,2022,73918553
United Arab Emirates,1,$,1989,73801820
Burma (Myanmar),1,$,2016,73510380
Tunisia,1,$,2021,73285701
Bulgaria,1,$,2017,73180142
Bulgaria,1,$,1998,72823408
Switzerland,1,$,2006,72543043
Brunei,1,$,2008,72494510
Haiti,1,$,1995,72370949
Mauritius,1,$,2021,72164019
United Kingdom,1,$,2010,72065587
Bulgaria,1,$,1999,71826024
Singapore,1,$,2009,71761366
Portugal,1,$,1999,71752496
Tunisia,1,$,2010,71709302
Mongolia,1,$,2007,71522285
Germany,1,$,1998,71471866
South Africa,1,$,1997,71307223
Bahrain,1,$,2009,71089182
Romania,1,$,2009,70451103
North Macedonia,1,$,2000,70417347
Japan,1,$,2020,70204047
United Arab Emirates,1,$,2008,70181963
Ukraine,1,$,1998,69980002
Switzerland,1,$,2011,69893326
United Kingdom,1,$,2009,69843312
United Arab Emirates,1,$,1991,69816002
Bahrain,1,$,2007,69547881
Tunisia,1,$,2015,69547428
Portugal,1,$,2009,69015531
Hong Kong,1,$,2023,68696625
Hong Kong,1,$,2024,68683315
Tunisia,1,$,2018,68679332
Ukraine,1,$,2000,68648505
Japan,1,$,2007,68639512
Portugal,1,$,2002,68610745
Bahrain,1,$,1997,68354099
Fiji,1,$,1999,68165092
Bulgaria,1,$,2006,67830428
Tunisia,1,$,2008,67796297
Brazil,1,$,2007,67779971
Bahrain,1,$,1995,67367672
Bahrain,1,$,1996,67326224
South Africa,1,$,2005,67177304
Switzerland,1,$,2009,66289868
Japan,1,$,2006,66183200
Bahrain,1,$,1994,66075502
Japan,1,$,2016,65986188
Portugal,1,$,1996,65815224
Bulgaria,1,$,2007,65747582
Japan,1,$,2000,65729028
Peru,1,$,1991,65701745
Ukraine,1,$,1995,65477283
Uruguay,1,$,1989,65468913
Germany,1,$,1999,65256701
Lesotho,1,$,1996,65214806
North Macedonia,1,$,1997,65163051
Nepal,1,$,1992,64916656
Portugal,1,$,1997,64856333
Israel,1,$,2016,64791111
Israel,1,$,2015,64600000
Kenya,1,$,2001,64584033
Qatar,1,$,2004,64370405
Burma (Myanmar),1,$,1995,64354372
Yugoslavia [1],1,$,1989,64258512
Japan,1,$,1994,64013277
Switzerland,1,$,2005,63995753
Portugal,1,$,1992,63812549
Macau,1,$,2020,63625788
Qatar,1,$,1995,63599273
Hungary,1,$,1998,63179127
Bulgaria,1,$,2012,63154819
Greece,1,$,1989,62882547
Panama,1,$,1991,62819320
Panama,1,$,1990,62800590
Lesotho,1,$,1994,62666881
Ukraine,1,$,2003,62474446
Egypt,1,$,1990,62270704
Fiji,1,$,1995,62124592
North Macedonia,1,$,2001,62050799
Lesotho,1,$,1995,61935521
Morocco,1,$,2010,61688412
North Macedonia,1,$,1999,61561820
Portugal,1,$,1993,61551800
Haiti,1,$,1992,61440229
Nepal,1,$,2005,61147016
Peru,1,$,1992,61097772
South Africa,1,$,1996,61034931
Ukraine,1,$,1996,60946446
Ukraine,1,$,1997,60867906
Qatar,1,$,1992,60860037
Fiji,1,$,1998,60848505
Yugoslavia [1],1,$,1990,60514087
Tunisia,1,$,2017,60491216
Ukraine,1,$,2004,60356100
Bulgaria,1,$,2021,60075414
Eswatini (formerly Swaziland),1,$,2012,59855278
Romania,1,$,1996,59681150
Bulgaria,1,$,1997,59494287
Tunisia,1,$,2016,59333822
Germany,1,$,2000,58774169
Mongolia,1,$,1999,58437177
Qatar,1,$,1994,58405767
Hungary,1,$,1992,58277045
Tunisia,1,$,2009,57930018
Tunisia,1,$,2007,57765999
Russia,1,$,1997,57299921
South Africa,1,$,1995,57038196
Romania,1,$,1995,56411495
Peru,1,$,1990,56267980
Brazil,1,$,1997,56266945
Jamaica,1,$,2005,56252603
Japan,1,$,1997,56240894
Morocco,1,$,2009,56202367
Bulgaria,1,$,2020,56087329
Macau,1,$,2011,56078237
North Macedonia,1,$,1996,56002494
Morocco,1,$,2005,55904591
Hungary,1,$,1996,55251753
Fiji,1,$,1994,55052826
Lesotho,1,$,1993,55030085
Eswatini (formerly Swaziland),1,$,2014,54988169
Japan,1,$,1995,54746246
Australia,1,$,1991,54733877
El Salvador,1,$,1990,54375139
Madagascar,1,$,2010,54207721
Hungary,1,$,1994,54165935
Germany,1,$,2001,53949737
Hungary,1,$,1993,53848075
Israel,1,$,2017,53736049
Fiji,1,$,1997,53730962
Russia,1,$,1995,53720759
Ghana,1,$,2025,53652849
Oman,1,$,2005,53423157
Namibia,1,$,2005,53199914
Brunei,1,$,1997,53043442
Maldive Islands,1,$,1999,53011042
Russia,1,$,2006,52977647
Ethiopia,1,$,2017,52898760
Tunisia,1,$,2005,52844953
Japan,1,$,1998,52802454
Hungary,1,$,1997,52710571
Japan,1,$,2015,52617702
Japan,1,$,1996,52478406
Israel,1,$,2019,52450295
Hungary,1,$,1995,52419985
Tanzania,1,$,2019,52236445
Australia,1,$,1996,52194669
Fiji,1,$,1996,51808838
Australia,1,$,1995,51741997
Russia,1,$,1996,51618986
Lesotho,1,$,1992,51320960
Panama,1,$,1989,51297452
Morocco,1,$,1997,51283680
Panama,1,$,1992,51247266
Macau,1,$,2023,51077445
Macau,1,$,2024,51077445
Poland,1,$,1993,51059506
Japan,1,$,1999,50976110
Nepal,1,$,2006,50962067
Poland,1,$,1995,50808210
Poland,1,$,2017,49816902
Eswatini (formerly Swaziland),1,$,2013,49749057
Saudi Arabia,1,$,2000,49660553
Bahrain,1,$,1993,49138241
Poland,1,$,1990,49059021
Madagascar,1,$,2015,48974268
Fiji,1,$,1993,48920315
Poland,1,$,1994,48726996
Tunisia,1,$,2020,48541908
Jamaica,1,$,2006,48506415
Germany,1,$,2003,48431784
Qatar,1,$,1993,48365619
Argentina,1,$,1989,47960539
Eswatini (formerly Swaziland),1,$,2001,47955730
Vietnam,1,$,2001,47895375
Bulgaria,1,$,2008,47680942
Laos,1,$,2025,47485726
Ukraine,1,$,2005,47481726
Poland,1,$,2003,47456606
Australia,1,$,1994,47412523
Japan,1,$,2008,47363761
Vietnam,1,$,2000,47282801
Spain,1,$,2019,47244491
Laos,1,$,2023,47224908
Laos,1,$,2024,47224908
Singapore,1,$,2010,47177009
Tunisia,1,$,2006,47151207
Yugoslavia [1],1,$,1991,47039692
Spain,1,$,2013,47004957
Switzerland,1,$,2004,46908731
South Africa,1,$,2006,46898677
Turkmenistan,1,$,2003,46673596
Burma (Myanmar),1,$,1994,46635173
Israel,1,$,2022,46560639
Poland,1,$,2025,46497890
Poland,1,$,1992,46349443
Spain,1,$,2014,46007460
Hungary,1,$,1989,46002366
North Macedonia,1,$,1995,45905397
Germany,1,$,2004,45792138
Bulgaria,1,$,2011,45687467
Madagascar,1,$,1999,45665535
Hungary,1,$,1999,45648293
Spain,1,$,2012,45610340
Poland,1,$,2016,45605487
Brunei,1,$,1996,45601275
Ukraine,1,$,1999,45473822
Ukraine,1,$,1994,45261570
Germany,1,$,2005,44952349
Poland,1,$,2018,44826748
North Macedonia,1,$,1993,44819971
Spain,1,$,2018,44691607
Spain,1,$,2020,44646293
Turkmenistan,1,$,2004,44564461
Germany,1,$,2002,44549304
Spain,1,$,2021,44372517
Hungary,1,$,2003,44344078
North Macedonia,1,$,2002,44116996
Nepal,1,$,1990,44108053
Tunisia,1,$,2004,44006561
Belarus,1,$,1997,43967071
Kenya,1,$,2000,43830551
Moldova,1,$,2004,43767959
Uruguay,1,$,1990,43698816
Hong Kong,1,$,2025,43606291
Russia,1,$,1994,43479122
Saudi Arabia,1,$,2001,43462104
Macau,1,$,2012,43192162
Chile,1,$,1990,43185266
Kuwait,1,$,1993,43141225
Switzerland,1,$,1997,42919388
Jordan,1,$,2000,42713355
Poland,1,$,2023,42695524
Poland,1,$,2024,42695524
Nepal,1,$,1991,42585225
Poland,1,$,1996,42561282
El Salvador,1,$,1989,42439014
Morocco,1,$,1996,42431843
Spain,1,$,2017,42341556
North Macedonia,1,$,2003,42312066
Nepal,1,$,1989,42170619
Morocco,1,$,1995,42125746
North Macedonia,1,$,2004,42099602
Poland,1,$,2004,42083301
Switzerland,1,$,1999,41995467
Oman,1,$,1991,41963474
Namibia,1,$,2003,41951503
Poland,1,$,2015,41904922
Bulgaria,1,$,1996,41836059
Tanzania,1,$,2018,41759389
Panama,1,$,1993,41676563
Peru,1,$,1989,41644458
Hungary,1,$,2000,41642882
Spain,1,$,2022,41589443
Poland,1,$,2022,41512154
Israel,1,$,2018,41459735
Poland,1,$,2006,41413739
Bulgaria,1,$,1995,41369402
Egypt,1,$,1989,41327377
Madagascar,1,$,2012,41194577
Poland,1,$,2007,41172184
Australia,1,$,1992,41112950
Switzerland,1,$,1998,41112195
Japan,1,$,2014,41103312
Israel,1,$,2021,41092742
Moldova,1,$,2005,40971228
Burma (Myanmar),1,$,2015,40970094
Spain,1,$,2011,40771757
Belarus,1,$,1998,40765433
Australia,1,$,2006,40713870
Mauritius,1,$,2023,40641302
Mauritius,1,$,2024,40641302
Brazil,1,$,1998,40604986
Switzerland,1,$,2000,40501329
Tanzania,1,$,2017,40455115
Belarus,1,$,2004,40426670
Greece,1,$,1991,40416050
Australia,1,$,1993,40317380
Hungary,1,$,1991,40138709
Ghana,1,$,2022,40103519
Belarus,1,$,2001,39886275
Brunei,1,$,2009,39768114
Poland,1,$,2019,39756402
Ghana,1,$,2023,39662193
Ghana,1,$,2024,39662193
Mongolia,1,$,2008,39637960
Japan,1,$,2013,39552364
Tanzania,1,$,2020,39519158
Poland,1,$,2002,39363380
Kenya,1,$,1999,39260373
Bolivia,1,$,2004,39223399
Uruguay,1,$,1992,39076094
Spain,1,$,2016,38897418
Israel,1,$,2023,38826077
Israel,1,$,2024,38826077
Mongolia,1,$,1998,38822631
Madagascar,1,$,2011,38731330
Poland,1,$,2005,38725007
Hungary,1,$,2001,38390451
Poland,1,$,2008,38301742
Morocco,1,$,1994,37986361
Germany,1,$,2006,37849380
South Africa,1,$,1994,37698410
Spain,1,$,2025,37636981
Hungary,1,$,1990,37485978
Poland,1,$,1998,37363398
Poland,1,$,2014,37308453
Poland,1,$,1989,37202074
Fiji,1,$,1992,37127168
Poland,1,$,2001,37092463
Brazil,1,$,1999,36996577
Tanzania,1,$,2016,36954787
Bulgaria,1,$,1994,36932698
Syria,1,$,2001,36853152
Spain,1,$,2015,36751463
Greece,1,$,1992,36574774
Chile,1,$,1989,36574143
Moldova,1,$,2003,36548899
Jamaica,1,$,2007,36410782
Morocco,1,$,1993,36398049
Poland,1,$,1997,36373656
Bolivia,1,$,2005,36293471
Vietnam,1,$,1999,36069748
Switzerland,1,$,2014,36066028
Saudi Arabia,1,$,1999,35759225
Japan,1,$,2012,35714573
Syria,1,$,2002,35664484
Uruguay,1,$,1991,35611871
Turkmenistan,1,$,2005,35480711
Israel,1,$,2025,35478444
United Arab Emirates,1,$,2009,35396621
Kenya,1,$,1994,35326595
Spain,1,$,2004,35234263
Kuwait,1,$,2003,35102461
Poland,1,$,2000,35072241
Spain,1,$,2006,35048918
Germany,1,$,2014,34966951
Syria,1,$,2000,34950424
Tunisia,1,$,2002,34889373
Brunei,1,$,1995,34807595
Germany,1,$,2007,34721948
Laos,1,$,2011,34508201
Argentina,1,$,1990,34474288
Spain,1,$,2007,34356661
Australia,1,$,1990,34277317
Mongolia,1,$,1997,34275468
Spain,1,$,2023,34206735
Spain,1,$,2024,34206735
Switzerland,1,$,2013,33974130
Poland,1,$,1991,33972716
Bolivia,1,$,2003,33959268
Kenya,1,$,1995,33888964
Chile,1,$,1991,33761433
Hungary,1,$,2002,33718194
Tunisia,1,$,2003,33692692
Belarus,1,$,2000,33643067
Belarus,1,$,2005,33552560
Kenya,1,$,1998,33527315
Laos,1,$,2010,33426173
Namibia,1,$,2006,33086530
Spain,1,$,2008,32998494
Hungary,1,$,2004,32992092
Japan,1,$,2011,32988683
United Arab Emirates,1,$,2010,32920067
Romania,1,$,1994,32816260
Singapore,1,$,2011,32686730
Turkmenistan,1,$,2002,32684799
Germany,1,$,2022,32635668
Switzerland,1,$,2001,32601629
Ethiopia,1,$,2016,32595625
Kuwait,1,$,2004,32581866
Switzerland,1,$,1996,32332259
Chile,1,$,1995,32214622
Tanzania,1,$,2021,32204730
Spain,1,$,2010,32196573
North Macedonia,1,$,1994,32108648
Nepal,1,$,2007,32075420
Belarus,1,$,2002,32024073
Moldova,1,$,2002,32003450
Spain,1,$,2003,31866541
Eswatini (formerly Swaziland),1,$,2000,31851736
Belarus,1,$,2003,31774962
Poland,1,$,2021,31683601
Switzerland,1,$,2015,31608165
Bolivia,1,$,2006,31543750
Switzerland,1,$,2012,31522067
Botswana,1,$,2007,31497922
Belarus,1,$,1996,31452991
Brazil,1,$,2008,31376680
Spain,1,$,2005,31274698
Maldive Islands,1,$,1998,31251919
Syria,1,$,2003,31235079
Kenya,1,$,1997,31202472
Panama,1,$,1994,31132085
Japan,1,$,2009,30882254
Ukraine,1,$,2006,30745376
Turkmenistan,1,$,2006,30735558
Bulgaria,1,$,1993,30637908
Macau,1,$,2019,30563401
Japan,1,$,2010,30416174
Laos,1,$,2008,30345851
Ireland,1,$,1990,30327107
Ireland,1,$,1989,30250335
Bulgaria,1,$,2009,30247047
Panama,1,$,1995,30234587
Switzerland,1,$,2002,30226816
Moldova,1,$,2001,30168931
Germany,1,$,2021,30059795
Israel,1,$,2020,30047676
Botswana,1,$,2005,30042993
Switzerland,1,$,2023,29917943
Switzerland,1,$,2024,29917943
Germany,1,$,2008,29902255
Qatar,1,$,2005,29891523
Germany,1,$,2019,29874541
Mauritius,1,$,2025,29759850
Chile,1,$,1993,29751945
Burma (Myanmar),1,$,1993,29736204
Chile,1,$,1992,29721666
Oman,1,$,1990,29615975
Turkmenistan,1,$,2001,29571251
Switzerland,1,$,1995,29215531
Morocco,1,$,1992,29073293
Chile,1,$,1996,28940543
Switzerland,1,$,2022,28904216
Haiti,1,$,1994,28797509
Kuwait,1,$,2002,28726093
Bahrain,1,$,1992,28676690
Poland,1,$,2013,28603732
Namibia,1,$,2007,28599849
Nicaragua,1,$,1994,28566173
Uruguay,1,$,1993,28565236
Switzerland,1,$,2003,28518683
Switzerland,1,$,2025,28501087
Botswana,1,$,2006,28447909
Hungary,1,$,2015,28439996
Vietnam,1,$,1998,28413535
Germany,1,$,2018,28330998
Bulgaria,1,$,2010,28253213
Macau,1,$,2025,28211934
North Macedonia,1,$,2005,28057208
Romania,1,$,1989,28016631
Fiji,1,$,1991,27971232
Maldive Islands,1,$,1992,27883627
Greece,1,$,1995,27793421
Poland,1,$,2012,27496139
Spain,1,$,2009,27473220
Kenya,1,$,1996,27377289
Tanzania,1,$,2015,27316048
Burma (Myanmar),1,$,1992,27283604
Germany,1,$,2015,27240139
Singapore,1,$,2013,27204066
Germany,1,$,2016,27136132
Spain,1,$,2002,27105097
Lesotho,1,$,1991,27058428
United Arab Emirates,1,$,2011,27058065
Germany,1,$,2011,26974067
Singapore,1,$,2012,26936179
Poland,1,$,1999,26931757
Malawi,1,$,2004,26774960
Poland,1,$,2020,26735899
Germany,1,$,2017,26622125
Hungary,1,$,2014,26451658
Tunisia,1,$,2000,26384274
Poland,1,$,2011,26293365
Brazil,1,$,2022,26220032
Hungary,1,$,2013,26158659
Panama,1,$,1996,26050998
Tunisia,1,$,2001,25968625
Chile,1,$,1994,25961212
Vietnam,1,$,1997,25940568
Costa Rica,1,$,2015,25923782
Hungary,1,$,2016,25816090
Chile,1,$,2006,25619617
Morocco,1,$,1990,25523672
Germany,1,$,2025,25436134
Moldova,1,$,2000,25386226
Macau,1,$,2013,25367383
Hungary,1,$,2012,25356498
Laos,1,$,2022,25334151
Albania,1,$,2025,25304228
Uzbekistan,1,$,2003,25071509
Brunei,1,$,1994,25059719
Moldova,1,$,1998,25012444
Mongolia,1,$,1996,24933212
Lesotho,1,$,1990,24785012
Spain,1,$,2000,24699631
Germany,1,$,2010,24694327
Qatar,1,$,1991,24596866
Hungary,1,$,2018,24553890
Hungary,1,$,2017,24521383
Poland,1,$,2010,24499427
Germany,1,$,2013,24343095
Spain,1,$,1999,24326928
Bahrain,1,$,1990,24267579
Lithuania,1,$,1999,24234758
Kuwait,1,$,1994,24205199
Oman,1,$,2016,24113486
Belarus,1,$,1999,24086850
Chile,1,$,2004,24010890
Germany,1,$,2009,23956026
Hungary,1,$,2011,23910045
Slovenia,1,$,2000,23875837
South Africa,1,$,2007,23874320
Switzerland,1,$,2016,23764054
Hungary,1,$,2019,23658961
St Lucia,1,$,1993,23568668
Vietnam,1,$,1996,23562702
Germany,1,$,2012,23559396
Maldive Islands,1,$,1993,23517326
Chile,1,$,2005,23423662
Germany,1,$,2020,23419108
Greece,1,$,1996,23213884
Tunisia,1,$,1998,23193401
Malawi,1,$,2003,23173077
Eswatini (formerly Swaziland),1,$,1999,23172720
Germany,1,$,2023,23092632
Germany,1,$,2024,23092172
Switzerland,1,$,1994,22889008
Slovakia,1,$,1996,22859193
Spain,1,$,1998,22856687
Malawi,1,$,2005,22781165
Brunei,1,$,1993,22777147
Costa Rica,1,$,2016,22722120
Turkmenistan,1,$,2000,22585456
Spain,1,$,1997,22546627
Greece,1,$,1994,22542252
Oman,1,$,2006,22465569
Greece,1,$,1993,22351331
Ukraine,1,$,2022,22328139
St Lucia,1,$,1992,22309223
Switzerland,1,$,2018,22213371
Hungary,1,$,2007,22146911
Kenya,1,$,1993,22127109
Madagascar,1,$,1998,21991918
Hungary,1,$,2006,21970729
Lithuania,1,$,2014,21911596
Maldive Islands,1,$,1991,21870309
_ANDEAN (ATPA),1,$,2001,21701802
Ecuador,1,$,2001,21701802
Belarus,1,$,2006,21570497
Ukraine,1,$,2018,21556873
Switzerland,1,$,2017,21523504
Syria,1,$,2004,21483328
Australia,1,$,1989,21267016
Ukraine,1,$,2019,21104863
Ireland,1,$,1992,21104096
Switzerland,1,$,1993,21072136
Spain,1,$,2001,20955815
Turkmenistan,1,$,2009,20843087
Brazil,1,$,2021,20696620
Laos,1,$,1998,20592291
United Arab Emirates,1,$,2012,20517730
Romania,1,$,1990,20491196
Lithuania,1,$,2015,20425203
Laos,1,$,2009,20350628
Ukraine,1,$,2021,20324727
Lithuania,1,$,2013,20291600
Madagascar,1,$,2013,20265399
Syria,1,$,1999,20264644
Turkmenistan,1,$,2007,20235943
Botswana,1,$,2004,20232772
Australia,1,$,2022,20225802
St Lucia,1,$,1990,20123073
Turkmenistan,1,$,2008,20075809
Ghana,1,$,2021,20046014
Lithuania,1,$,2000,19969660
Moldova,1,$,2006,19933770
Tunisia,1,$,1999,19931605
Czech Republic,1,$,1992,19907023
Spain,1,$,1996,19900809
Ukraine,1,$,2015,19883567
Slovenia,1,$,2008,19870641
_ANDEAN (ATPA),1,$,2000,19836254
Ecuador,1,$,2000,19836254
Malawi,1,$,2007,19825465
United Arab Emirates,1,$,2022,19817858
Costa Rica,1,$,2019,19804092
Mongolia,1,$,1994,19798081
Costa Rica,1,$,2017,19783835
Nepal,1,$,2011,19634477
Hungary,1,$,2005,19595900
Slovenia,1,$,2001,19564278
Ukraine,1,$,2016,19408726
Bolivia,1,$,2007,19408276
Ukraine,1,$,2017,19376048
Greece,1,$,1998,19313363
North Macedonia,1,$,1992,19234236
Uzbekistan,1,$,2002,19225779
Fiji,1,$,2005,19088883
Ukraine,1,$,2007,19054439
Lithuania,1,$,1998,19021268
Belize,1,$,1993,19007341
Nepal,1,$,2014,18999731
Bolivia,1,$,2000,18981707
Slovakia,1,$,1997,18962379
Laos,1,$,2021,18841855
Nepal,1,$,2008,18834419
Slovenia,1,$,2006,18818056
Switzerland,1,$,1991,18765765
Maldive Islands,1,$,1997,18716151
Lithuania,1,$,2019,18695443
Qatar,1,$,1990,18693409
Nepal,1,$,2015,18678032
Madagascar,1,$,2014,18667502
Australia,1,$,2015,18648828
Belize,1,$,2006,18644068
Jordan,1,$,1994,18639271
Ukraine,1,$,2008,18543650
Kuwait,1,$,2001,18516066
Slovenia,1,$,2013,18462107
Greece,1,$,1997,18371235
Bolivia,1,$,2002,18348557
Poland,1,$,2009,18312514
Belize,1,$,2004,18271694
Australia,1,$,2021,18265001
_ANDEAN (ATPA),1,$,2005,18261406
Ecuador,1,$,2005,18261406
Saudi Arabia,1,$,1998,18190230
Malawi,1,$,2006,18186761
Belize,1,$,1998,18163790
Bolivia,1,$,2001,18139350
Switzerland,1,$,2021,18134860
Belize,1,$,1992,18083285
Zimbabwe,1,$,2000,18034938
Morocco,1,$,1991,18019639
St Lucia,1,$,1994,18013551
South Africa,1,$,2008,18013274
Lithuania,1,$,2012,17998316
Panama,1,$,1997,17898324
_ANDEAN (ATPA),1,$,2004,17866354
Ecuador,1,$,2004,17866354
Lithuania,1,$,2018,17855385
Ireland,1,$,2002,17842245
Hungary,1,$,2008,17814270
Belize,1,$,2000,17810956
Ireland,1,$,1994,17764290
Federated States of Mic,1,$,2001,17744805
Switzerland,1,$,1992,17653460
Ethiopia,1,$,2015,17647043
Mongolia,1,$,1995,17622071
Slovenia,1,$,2012,17575222
Hungary,1,$,2010,17557849
Belize,1,$,1999,17518530
Moldova,1,$,2025,17513257
Costa Rica,1,$,2018,17504164
Ukraine,1,$,2025,17499161
Australia,1,$,2016,17489406
Ireland,1,$,1997,17483375
Tanzania,1,$,2014,17479678
Belize,1,$,1991,17443681
Switzerland,1,$,2019,17438884
Zimbabwe,1,$,1999,17436467
Slovenia,1,$,1998,17396802
Ghana,1,$,2019,17327404
Slovenia,1,$,2004,17305201
Yugoslavia [1],1,$,1992,17304491
Belize,1,$,2005,17252417
Spain,1,$,1990,17221913
Slovenia,1,$,2007,17135604
Lithuania,1,$,2016,17127165
Slovenia,1,$,1999,17087744
Bolivia,1,$,1998,17065986
St Lucia,1,$,1989,17048413
Ireland,1,$,1991,16978716
Costa Rica,1,$,2022,16947546
Maldive Islands,1,$,1990,16933939
Brazil,1,$,2023,16920531
Brazil,1,$,2024,16920531
Lithuania,1,$,2017,16899154
Kazakhstan,1,$,2003,16885319
Belize,1,$,1994,16857511
Moldova,1,$,1999,16854224
_ANDEAN (ATPA),1,$,2007,16833572
Ecuador,1,$,2007,16833572
Lithuania,1,$,2025,16822131
Vietnam,1,$,1995,16794338
St Lucia,1,$,1995,16792394
Kuwait,1,$,2000,16765678
Belize,1,$,1997,16652721
Ukraine,1,$,2014,16633899
Nepal,1,$,2010,16630937
Nepal,1,$,2012,16624745
_ANDEAN (ATPA),1,$,1999,16624070
Ecuador,1,$,1999,16624070
Greece,1,$,1999,16575262
Croatia,1,$,2015,16492670
Slovenia,1,$,2011,16486408
United Arab Emirates,1,$,2025,16481151
Lithuania,1,$,2022,16457158
Greece,1,$,2001,16423737
Brazil,1,$,2019,16414812
Jamaica,1,$,2008,16390532
Morocco,1,$,1989,16379216
Singapore,1,$,2014,16375187
Moldova,1,$,2018,16370848
Lesotho,1,$,1989,16342142
Hungary,1,$,2020,16328804
Brazil,1,$,2014,16301448
Ireland,1,$,2005,16300343
Eswatini (formerly Swaziland),1,$,1998,16296945
Moldova,1,$,2023,16266142
Moldova,1,$,2024,16266142
Greece,1,$,2000,16247640
Ireland,1,$,1998,16233838
Bahrain,1,$,1991,16194021
Slovakia,1,$,2022,16160494
Brazil,1,$,2011,16089393
Hungary,1,$,2021,16077510
Slovakia,1,$,1998,16059985
Macau,1,$,2014,16048783
Ukraine,1,$,2023,16038410
Ukraine,1,$,2024,16038410
Bosnia-Hercegovina,1,$,2014,16009707
St Lucia,1,$,1991,16006232
Paraguay,1,$,1989,15988974
Uzbekistan,1,$,2005,15965459
Russia,1,$,1993,15935301
Ireland,1,$,2000,15909451
Ireland,1,$,1995,15908721
Belize,1,$,2003,15854414
Botswana,1,$,2008,15803887
Moldova,1,$,2019,15779021
Burma (Myanmar),1,$,2014,15738742
Brunei,1,$,1992,15697134
Slovakia,1,$,2019,15676293
Nepal,1,$,2013,15673808
Hungary,1,$,2022,15654687
Slovakia,1,$,1995,15645224
Ireland,1,$,2001,15612951
Bolivia,1,$,1999,15591791
Slovakia,1,$,2015,15577089
Belize,1,$,1996,15573089
Spain,1,$,1995,15570008
Brazil,1,$,2025,15564244
Bosnia-Hercegovina,1,$,2019,15519576
Australia,1,$,2017,15505203
Lithuania,1,$,2003,15500114
Botswana,1,$,2011,15475230
Moldova,1,$,2007,15460275
Moldova,1,$,2022,15449263
Australia,1,$,2023,15426358
Australia,1,$,2024,15426358
Romania,1,$,1991,15421830
_ANDEAN (ATPA),1,$,2003,15410831
Ecuador,1,$,2003,15410831
Bosnia-Hercegovina,1,$,2018,15397845
Brazil,1,$,2013,15381663
Eswatini (formerly Swaziland),1,$,1994,15374886
Slovakia,1,$,2023,15349539
Slovakia,1,$,2024,15349539
Croatia,1,$,2011,15325694
Slovenia,1,$,1997,15305638
Madagascar,1,$,1997,15302306
Hungary,1,$,2009,15295189
Brazil,1,$,2009,15280851
Czech Republic,1,$,1997,15274591
United Arab Emirates,1,$,2019,15258732
Australia,1,$,2025,15253700
Laos,1,$,1996,15209461
Bolivia,1,$,2008,15195229
Austria,1,$,1996,15193487
Austria,1,$,1997,15122722
Eswatini (formerly Swaziland),1,$,1997,15117037
Palau,1,$,2002,15017549
Jordan,1,$,1995,15009831
Brazil,1,$,2012,14983555
Palau,1,$,1999,14954445
Moldova,1,$,1997,14954430
Austria,1,$,1998,14938441
Ireland,1,$,1999,14909474
Ireland,1,$,1993,14901722
Austria,1,$,1989,14895236
Czech Republic,1,$,1996,14862321
Austria,1,$,2007,14855698
Nepal,1,$,2016,14845546
United Arab Emirates,1,$,2013,14804927
Slovakia,1,$,1993,14781618
Slovenia,1,$,2002,14777973
Lithuania,1,$,2001,14773388
Switzerland,1,$,1990,14732159
Slovakia,1,$,2018,14723317
Mongolia,1,$,1993,14694945
Federated States of Mic,1,$,2002,14691228
Belize,1,$,2001,14688041
Ukraine,1,$,2020,14685333
Spain,1,$,1991,14681996
Croatia,1,$,2014,14643857
Macau,1,$,2015,14641824
Brazil,1,$,2015,14616309
Ireland,1,$,2003,14611847
Brazil,1,$,2010,14601003
_ANDEAN (ATPA),1,$,2006,14539486
Ecuador,1,$,2006,14539486
Ireland,1,$,2004,14537084
Austria,1,$,1995,14508553
Ukraine,1,$,1993,14478401
Spain,1,$,1994,14443391
Austria,1,$,2000,14425325
Lithuania,1,$,2021,14401084
Bulgaria,1,$,1992,14370314
Zimbabwe,1,$,2001,14322746
Slovenia,1,$,2003,14300200
Ukraine,1,$,2012,14286337
Austria,1,$,1990,14263687
United Arab Emirates,1,$,2018,14220386
Ukraine,1,$,2011,14100904
Croatia,1,$,2016,14073565
Venezuela,1,$,1990,14056841
Lithuania,1,$,2011,14015556
New Zealand,1,$,2004,13988290
Brazil,1,$,2016,13918433
Czech Republic,1,$,1995,13873618
Ghana,1,$,2018,13866242
Belize,1,$,2002,13860654
Austria,1,$,2006,13798428
Greece,1,$,2003,13763495
South Africa,1,$,1993,13741208
Austria,1,$,2001,13716082
Ukraine,1,$,2013,13711855
Lithuania,1,$,2008,13696917
Moldova,1,$,2021,13646114
United Arab Emirates,1,$,2021,13640840
Bosnia-Hercegovina,1,$,2015,13638146
Slovakia,1,$,2001,13635622
Czech Republic,1,$,1998,13621417
Slovenia,1,$,1996,13616238
Slovenia,1,$,2009,13611270
Slovenia,1,$,2005,13568180
Venezuela,1,$,1989,13567689
Palau,1,$,2001,13552976
Belarus,1,$,1995,13506631
Fiji,1,$,1990,13497913
Malawi,1,$,2011,13487384
Brazil,1,$,2020,13486822
Federated States of Mic,1,$,2003,13485284
Belize,1,$,1989,13474742
Australia,1,$,2014,13448992
Slovakia,1,$,2025,13445311
Switzerland,1,$,1989,13435874
Lithuania,1,$,2002,13427383
Romania,1,$,1993,13422890
Kazakhstan,1,$,2004,13418315
_ANDEAN (ATPA),1,$,2002,13391441
Ecuador,1,$,2002,13391441
Belize,1,$,1995,13372171
Costa Rica,1,$,2023,13366160
Costa Rica,1,$,2024,13366160
Croatia,1,$,2012,13358075
Federated States of Mic,1,$,2000,13338551
Palau,1,$,1998,13320218
Palau,1,$,2000,13297967
Hungary,1,$,2025,13285808
Greece,1,$,2002,13277090
Australia,1,$,2018,13219015
Czech Republic,1,$,1991,13215252
Austria,1,$,1994,13188985
Chile,1,$,1997,13185666
Austria,1,$,1991,13162460
Croatia,1,$,2008,13153749
Slovakia,1,$,2014,13150617
Slovakia,1,$,1994,13141561
North Macedonia,1,$,2006,13121145
Austria,1,$,1999,13096462
Brazil,1,$,2017,13073763
Laos,1,$,1997,13061632
Moldova,1,$,2020,13053996
_ANDEAN (ATPA),1,$,1998,13047818
Ecuador,1,$,1998,13047818
Albania,1,$,2021,13011044
Croatia,1,$,2017,12969681
Bosnia-Hercegovina,1,$,2013,12963138
Australia,1,$,2019,12960305
Czech Republic,1,$,1993,12923563
Lithuania,1,$,2023,12922937
Lithuania,1,$,2024,12917602
Palau,1,$,1997,12895120
Lithuania,1,$,2004,12866327
Tunisia,1,$,1997,12849364
Brazil,1,$,2018,12847217
Lithuania,1,$,2020,12741205
Singapore,1,$,2015,12721203
Spain,1,$,1989,12712620
Austria,1,$,2008,12705787
Malawi,1,$,2008,12676502
Slovakia,1,$,2016,12602282
Zimbabwe,1,$,1995,12585713
Slovakia,1,$,1999,12565499
_ANDEAN (ATPA),1,$,1997,12526508
Ecuador,1,$,1997,12526508
Chile,1,$,2001,12498680
Nepal,1,$,2017,12471246
United Arab Emirates,1,$,2014,12446145
Slovakia,1,$,2000,12412093
Slovakia,1,$,2021,12408214
Croatia,1,$,2010,12392237
Austria,1,$,2003,12385652
Costa Rica,1,$,2025,12376495
Botswana,1,$,2009,12361717
Lebanon,1,$,2025,12347512
Bolivia,1,$,1997,12337235
Bosnia-Hercegovina,1,$,2021,12304481
Slovenia,1,$,1995,12275860
Bosnia-Hercegovina,1,$,2022,12257011
Tunisia,1,$,1995,12233959
Slovenia,1,$,2014,12202210
Chile,1,$,2007,12131239
Nepal,1,$,2009,12114068
Bahrain,1,$,1989,12104906
Bolivia,1,$,1996,12104407
Austria,1,$,2015,12083636
Jordan,1,$,1993,12073782
Maldive Islands,1,$,1995,12043485
Ethiopia,1,$,2014,12029565
Slovenia,1,$,2010,12026975
Hungary,1,$,2023,11989336
Hungary,1,$,2024,11989336
Austria,1,$,1992,11959532
Syria,1,$,2005,11956890
Lithuania,1,$,2007,11955349
Kazakhstan,1,$,2006,11938880
Federated States of Mic,1,$,1998,11918598
Maldive Islands,1,$,1994,11907521
Czech Republic,1,$,1994,11876687
Laos,1,$,1999,11874889
Nepal,1,$,2018,11873362
Ireland,1,$,2006,11821178
Uruguay,1,$,2004,11803780
Switzerland,1,$,2020,11780368
Nepal,1,$,2022,11773786
United Arab Emirates,1,$,2023,11773719
United Arab Emirates,1,$,2024,11773719
Greece,1,$,2022,11754069
Austria,1,$,2002,11730289
Eswatini (formerly Swaziland),1,$,1995,11716348
Nepal,1,$,2023,11697255
Nepal,1,$,2024,11697255
Czech Republic,1,$,1999,11692999
Panama,1,$,1999,11691608
Brunei,1,$,1991,11682820
Lithuania,1,$,2005,11615632
Kuwait,1,$,2005,11606315
Albania,1,$,2022,11603475
Botswana,1,$,2010,11559643
Ireland,1,$,1996,11557750
Bosnia-Hercegovina,1,$,2020,11546336
Lithuania,1,$,2006,11541913
Lithuania,1,$,1997,11504478
Burma (Myanmar),1,$,1991,11474261
Maldive Islands,1,$,1996,11454130
Eswatini (formerly Swaziland),1,$,1996,11449761
Malawi,1,$,2002,11430478
_ANDEAN (ATPA),1,$,2008,11408370
Ecuador,1,$,2008,11408370
Slovakia,1,$,2003,11343577
Bosnia-Hercegovina,1,$,2023,11335513
Bosnia-Hercegovina,1,$,2024,11335513
Slovakia,1,$,2017,11303890
Nepal,1,$,2025,11295396
Laos,1,$,2012,11285382
Maldive Islands,1,$,1989,11267005
Spain,1,$,1992,11259195
Slovakia,1,$,2004,11256389
Austria,1,$,1993,11250859
Bosnia-Hercegovina,1,$,2016,11223535
Malawi,1,$,2001,11217903
Uruguay,1,$,1994,11208503
Federated States of Mic,1,$,1993,11206748
Croatia,1,$,2007,11193853
_ANDEAN (ATPA),1,$,1994,11165951
Ecuador,1,$,1994,11165951
Bosnia-Hercegovina,1,$,2025,11161505
Guyana,1,$,1998,11153595
Guyana,1,$,1997,11126700
Austria,1,$,2004,11123962
Uzbekistan,1,$,2006,11099084
Slovakia,1,$,2005,11094623
Costa Rica,1,$,2021,11075996
Nepal,1,$,2019,11066554
Armenia,1,$,2001,11030788
Bolivia,1,$,1994,11027525
Madagascar,1,$,1996,11025936
_ANDEAN (ATPA),1,$,2019,10995793
Ecuador,1,$,2019,10995793
Romania,1,$,1992,10990459
Costa Rica,1,$,2020,10987042
Spain,1,$,1993,10981165
Laos,1,$,2007,10956820
Nicaragua,1,$,1993,10942918
Georgia,1,$,2025,10912909
Guyana,1,$,1999,10877260
Ukraine,1,$,2010,10866023
Guyana,1,$,2000,10865800
Guyana,1,$,2002,10849094
Belarus,1,$,1994,10847071
Moldova,1,$,2016,10818890
Chile,1,$,2003,10797650
Albania,1,$,2023,10791395
Albania,1,$,2024,10788689
Austria,1,$,2005,10739181
Slovenia,1,$,2015,10736207
Austria,1,$,2010,10735231
Croatia,1,$,2013,10713258
Jordan,1,$,1992,10674084
South Africa,1,$,2009,10657370
Paraguay,1,$,2023,10641739
Paraguay,1,$,2024,10641739
Federated States of Mic,1,$,1996,10624027
Botswana,1,$,2012,10616009
Syria,1,$,1998,10604418
Moldova,1,$,2017,10599542
Armenia,1,$,1999,10584472
Federated States of Mic,1,$,1997,10566443
Federated States of Mic,1,$,2004,10545556
New Zealand,1,$,2003,10536737
Ireland,1,$,2007,10502616
Greece,1,$,2004,10469392
Bolivia,1,$,1995,10468406
South Africa,1,$,2021,10456671
Panama,1,$,1998,10455647
St Lucia,1,$,1996,10449989
Bosnia-Hercegovina,1,$,2017,10440046
Austria,1,$,2011,10405193
Tanzania,1,$,2013,10389432
Malawi,1,$,2010,10389072
Saudi Arabia,1,$,2002,10373318
Lebanon,1,$,2023,10372788
Lebanon,1,$,2024,10372788
Uzbekistan,1,$,2001,10360719
Ethiopia,1,$,2013,10348368
Estonia,1,$,2004,10327733
Austria,1,$,2014,10307193
Saudi Arabia,1,$,1997,10303970
Jordan,1,$,1996,10288946
Sweden,1,$,1990,10279818
Federated States of Mic,1,$,1995,10277807
Chile,1,$,2002,10261931
Oman,1,$,2007,10255903
Malta,1,$,2003,10243090
United Arab Emirates,1,$,2015,10238788
Uruguay,1,$,2003,10201220
Ethiopia,1,$,2012,10199218
Botswana,1,$,1998,10129579
Guyana,1,$,2001,10113651
Moldova,1,$,1996,10109403
Laos,1,$,2014,10093215
Federated States of Mic,1,$,1992,10031051
Belize,1,$,2007,10012305
Ethiopia,1,$,2011,10003957
Zimbabwe,1,$,1998,9991643
Ireland,1,$,2014,9980427
Slovenia,1,$,2016,9944202
Austria,1,$,2016,9911127
Czech Republic,1,$,2001,9885353
Bosnia-Hercegovina,1,$,2012,9880525
Greece,1,$,2025,9846787
Uzbekistan,1,$,2004,9822591
_ANDEAN (ATPA),1,$,2020,9816509
Ecuador,1,$,2020,9816509
Australia,1,$,2020,9811235
Slovakia,1,$,2013,9808765
_ANDEAN (ATPA),1,$,1996,9807299
Ecuador,1,$,1996,9807299
Ukraine,1,$,2009,9805137
Malta,1,$,1999,9794113
Croatia,1,$,2018,9791914
Austria,1,$,2013,9791606
Croatia,1,$,2009,9779831
Chile,1,$,2017,9778824
_ANDEAN (ATPA),1,$,1995,9746778
Ecuador,1,$,1995,9746778
Tunisia,1,$,1996,9718963
Botswana,1,$,1999,9716308
_ANDEAN (ATPA),1,$,2021,9710362
Ecuador,1,$,2021,9710362
St Lucia,1,$,1997,9670537
Bosnia-Hercegovina,1,$,2011,9670022
Serbia,1,$,2022,9664321
Ghana,1,$,2020,9630557
Kyrgyzstan,1,$,2003,9624442
Macau,1,$,2017,9592009
South Africa,1,$,2019,9564797
Armenia,1,$,1998,9564295
Federated States of Mic,1,$,1994,9551713
Austria,1,$,2012,9548593
Eswatini (formerly Swaziland),1,$,1993,9537634
Guyana,1,$,1995,9525730
Kuwait,1,$,1999,9513531
Ethiopia,1,$,2008,9513018
Ghana,1,$,2006,9506958
Greece,1,$,2023,9496026
Greece,1,$,2024,9496026
Laos,1,$,2019,9484978
Armenia,1,$,2002,9474553
Croatia,1,$,2022,9470518
Botswana,1,$,2014,9459845
Federated States of Mic,1,$,1999,9430110
Paraguay,1,$,1990,9415922
Uruguay,1,$,2005,9412366
Laos,1,$,1995,9408028
Estonia,1,$,2001,9396030
Slovenia,1,$,1994,9382123
Chile,1,$,2018,9379188
Malta,1,$,2000,9368571
Slovakia,1,$,2002,9315517
Estonia,1,$,2003,9277931
St Lucia,1,$,1998,9273833
Laos,1,$,2000,9247678
Sweden,1,$,1989,9225103
North Macedonia,1,$,2013,9219329
Ghana,1,$,2015,9204196
Chile,1,$,2023,9198422
Chile,1,$,2024,9198422
Croatia,1,$,2006,9195450
South Africa,1,$,2022,9146044
Lithuania,1,$,2009,9132630
United Arab Emirates,1,$,2020,9129525
Laos,1,$,2015,9128113
Ireland,1,$,2013,9118223
Burma (Myanmar),1,$,1990,9101912
Ireland,1,$,2015,9100263
Moldova,1,$,2015,9089816
Norway,1,$,2001,9067128
Armenia,1,$,2019,9063305
Chile,1,$,2016,9050101
Saudi Arabia,1,$,1995,9049102
Malawi,1,$,2009,9015312
Czech Republic,1,$,2007,8995046
Turkmenistan,1,$,2010,8986453
Macau,1,$,2016,8979978
Chile,1,$,2019,8977500
Qatar,1,$,2006,8954667
Latvia,1,$,2001,8954530
Austria,1,$,2009,8948025
Guyana,1,$,2003,8937947
Zimbabwe,1,$,1993,8933944
Chile,1,$,2010,8915535
Serbia,1,$,2025,8909410
Czech Republic,1,$,2000,8901865
Netherlands,1,$,2021,8897310
Latvia,1,$,2002,8891308
United Arab Emirates,1,$,2017,8884870
Oman,1,$,2015,8878333
Nepal,1,$,2021,8852745
Syria,1,$,1995,8851279
Barbados,1,$,1989,8836884
Ireland,1,$,2016,8826689
Paraguay,1,$,2022,8811913
Turkmenistan,1,$,2011,8795147
Uruguay,1,$,2000,8791365
Latvia,1,$,2003,8768700
Lithuania,1,$,2010,8751201
Zimbabwe,1,$,1997,8742455
Slovakia,1,$,2007,8741858
Austria,1,$,2017,8720415
Belgium,1,$,1998,8715752
_ANDEAN (ATPA),1,$,1993,8693206
Ecuador,1,$,1993,8693206
Croatia,1,$,2005,8688514
Uruguay,1,$,1995,8688054
Estonia,1,$,2002,8677988
Australia,1,$,2007,8666762
Croatia,1,$,2019,8666432
Sweden,1,$,1991,8651266
Tunisia,1,$,1994,8641213
Tunisia,1,$,1993,8626183
Belgium,1,$,2001,8616866
Chile,1,$,2025,8608931
Laos,1,$,2020,8592146
Estonia,1,$,2000,8590957
Palau,1,$,1996,8587385
Singapore,1,$,2016,8552348
Slovakia,1,$,2008,8541680
Armenia,1,$,2022,8519486
Armenia,1,$,2025,8517040
Slovakia,1,$,2020,8501582
Slovakia,1,$,2012,8463479
Belgium,1,$,1995,8447472
Belgium,1,$,2007,8446224
Venezuela,1,$,1992,8440198
Barbados,1,$,1991,8420235
Malawi,1,$,2013,8417526
Mongolia,1,$,2022,8403724
South Africa,1,$,2015,8374006
Ireland,1,$,2019,8339893
Botswana,1,$,2000,8333826
Belgium,1,$,1996,8319448
Saudi Arabia,1,$,1996,8314161
Austria,1,$,2018,8311447
Belgium,1,$,2000,8304765
Armenia,1,$,2018,8299660
Norway,1,$,2007,8293594
South Africa,1,$,2020,8285125
Botswana,1,$,2015,8251119
Tanzania,1,$,1998,8226147
South Africa,1,$,2025,8224181
_ANDEAN (ATPA),1,$,2018,8215099
Ecuador,1,$,2018,8215099
Ireland,1,$,2022,8210210
Guyana,1,$,1996,8203079
North Macedonia,1,$,2011,8189583
Austria,1,$,2025,8176851
Laos,1,$,2017,8164348
Bolivia,1,$,2009,8164089
Ireland,1,$,2018,8157147
Venezuela,1,$,1991,8155314
Chile,1,$,1998,8152104
Ireland,1,$,2011,8146096
Ireland,1,$,2021,8145786
Laos,1,$,2013,8113591
Czech Republic,1,$,2008,8100926
Chile,1,$,2015,8078270
Guyana,1,$,1994,8059466
North Macedonia,1,$,2012,8016091
Sweden,1,$,2003,8014994
Ireland,1,$,2012,8001715
Armenia,1,$,2021,7997330
Bolivia,1,$,2011,7980786
Armenia,1,$,2023,7980666
Armenia,1,$,2024,7980666
Czech Republic,1,$,2006,7957801
Slovakia,1,$,2011,7941442
Estonia,1,$,1998,7935491
Laos,1,$,2006,7929644
Belgium,1,$,2008,7921121
Tunisia,1,$,1992,7915462
Latvia,1,$,2000,7895049
Denmark,1,$,2004,7885744
Brunei,1,$,1990,7882314
South Africa,1,$,2018,7852777
Ghana,1,$,2017,7846929
Serbia,1,$,2023,7830225
Serbia,1,$,2024,7830225
_ANDEAN (ATPA),1,$,2010,7829142
Ecuador,1,$,2010,7829142
Australia,1,$,2013,7827538
Ireland,1,$,2017,7826590
Belgium,1,$,1997,7809840
Slovakia,1,$,2006,7800863
_ANDEAN (ATPA),1,$,2011,7796615
Ecuador,1,$,2011,7796615
Sweden,1,$,1992,7790104
Australia,1,$,2008,7787861
Lithuania,1,$,1996,7787682
Bolivia,1,$,1993,7781697
Kenya,1,$,1992,7778069
Laos,1,$,1993,7772144
Ghana,1,$,2007,7765884
Belgium,1,$,2005,7753990
Zimbabwe,1,$,2002,7753421
Sweden,1,$,2000,7749538
Slovenia,1,$,2019,7743509
Ireland,1,$,2008,7738692
Belgium,1,$,2006,7738598
Singapore,1,$,2017,7738357
Belgium,1,$,2011,7729901
Singapore,1,$,2019,7722574
Syria,1,$,1996,7707121
Serbia,1,$,2021,7706496
Singapore,1,$,2018,7683789
Czech Republic,1,$,2005,7677519
Greece,1,$,2005,7677345
Sweden,1,$,1999,7658232
North Macedonia,1,$,2014,7638434
Eswatini (formerly Swaziland),1,$,1992,7632681
Norway,1,$,2004,7599956
_ANDEAN (ATPA),1,$,2009,7579594
Ecuador,1,$,2009,7579594
Albania,1,$,2019,7576928
Oman,1,$,2014,7555510
South Africa,1,$,2023,7554268
South Africa,1,$,2024,7554268
Lebanon,1,$,2022,7542167
Tanzania,1,$,2012,7530614
Uruguay,1,$,2002,7529203
Belgium,1,$,1999,7519625
Uruguay,1,$,1996,7513754
Ghana,1,$,1998,7509564
South Africa,1,$,2016,7499785
Argentina,1,$,2001,7467291
Guyana,1,$,2004,7431487
Malta,1,$,2004,7409143
Austria,1,$,2019,7401163
North Macedonia,1,$,2015,7400340
Barbados,1,$,1990,7391352
Ghana,1,$,2004,7374590
Belgium,1,$,2002,7328094
St Lucia,1,$,1999,7325330
Armenia,1,$,2003,7313697
United Arab Emirates,1,$,2016,7293002
Nepal,1,$,2020,7280900
Norway,1,$,2000,7217860
Malawi,1,$,2000,7193320
Botswana,1,$,1997,7179604
Chile,1,$,2022,7177471
Armenia,1,$,2004,7175455
Macau,1,$,2018,7172258
Norway,1,$,2006,7163525
Botswana,1,$,2003,7160058
Norway,1,$,2002,7148620
Belize,1,$,1990,7128368
Cyprus,1,$,1990,7090922
Finland,1,$,1989,7086846
Belgium,1,$,2003,7083628
Belgium,1,$,2014,7079360
Tanzania,1,$,1997,7076344
Norway,1,$,2005,7071049
Tunisia,1,$,1990,7061510
Burma (Myanmar),1,$,1989,7054777
Belgium,1,$,2012,7043641
Syria,1,$,2007,7028275
Ireland,1,$,2010,7025019
Slovenia,1,$,2018,7001286
Slovenia,1,$,1993,6995270
Chile,1,$,2014,6973080
Slovenia,1,$,2017,6950502
Sweden,1,$,2004,6940299
North Macedonia,1,$,2007,6937948
Sweden,1,$,1995,6934281
Chile,1,$,2000,6931054
Syria,1,$,2006,6922316
Malawi,1,$,1993,6916726
Tajikistan,1,$,2003,6913054
Finland,1,$,1990,6902201
Austria,1,$,2021,6897785
Slovakia,1,$,2010,6889557
Belgium,1,$,2009,6883630
Laos,1,$,1994,6881957
Laos,1,$,2018,6880814
Greece,1,$,2006,6870673
Ireland,1,$,2025,6861796
Botswana,1,$,1996,6827730
Uruguay,1,$,2001,6815131
Denmark,1,$,2000,6809727
Belgium,1,$,2013,6804779
Paraguay,1,$,2025,6799359
Zimbabwe,1,$,1990,6794382
_ANDEAN (ATPA),1,$,2022,6769222
Ecuador,1,$,2022,6769222
Czech Republic,1,$,2014,6759768
_ANDEAN (ATPA),1,$,1992,6748666
Ecuador,1,$,1992,6748666
Madagascar,1,$,1995,6747023
Czech Republic,1,$,2004,6738172
Ethiopia,1,$,2009,6719949
Uruguay,1,$,1997,6695390
Belgium,1,$,2018,6689115
Belgium,1,$,2004,6688237
Namibia,1,$,2002,6685411
Bosnia-Hercegovina,1,$,2010,6633219
Georgia,1,$,2022,6631856
Kyrgyzstan,1,$,2004,6627235
Estonia,1,$,2005,6624892
Greece,1,$,2019,6620182
Austria,1,$,2022,6615360
North Macedonia,1,$,2010,6614423
Uruguay,1,$,1999,6612649
Belgium,1,$,1994,6611086
Denmark,1,$,1992,6608756
Croatia,1,$,2023,6601246
Croatia,1,$,2024,6601246
Czech Republic,1,$,2012,6598760
Barbados,1,$,1992,6598170
Laos,1,$,2016,6592365
Austria,1,$,2023,6577964
Austria,1,$,2024,6577964
Moldova,1,$,2012,6570675
Zimbabwe,1,$,1994,6568699
Moldova,1,$,2013,6567279
Ethiopia,1,$,2010,6566962
Ireland,1,$,2020,6561731
Chile,1,$,2021,6552336
Ireland,1,$,2009,6544686
Uruguay,1,$,1998,6533943
Barbados,1,$,1993,6526587
South Africa,1,$,2011,6518117
Panama,1,$,2001,6502572
Oman,1,$,1989,6501611
South Africa,1,$,2010,6483516
Cyprus,1,$,1997,6455881
_ANDEAN (ATPA),1,$,2012,6447043
Ecuador,1,$,2012,6447043
_ANDEAN (ATPA),1,$,2013,6438719
Ecuador,1,$,2013,6438719
Belgium,1,$,2015,6436144
Armenia,1,$,2020,6431099
Bolivia,1,$,1991,6413799
Greece,1,$,2021,6406460
Moldova,1,$,2014,6390944
Sweden,1,$,1998,6364165
Armenia,1,$,2000,6358993
Malawi,1,$,1992,6350380
Botswana,1,$,2002,6347861
Croatia,1,$,2004,6331364
Sweden,1,$,2002,6313833
Panama,1,$,2000,6307774
Jordan,1,$,1990,6298903
Turkmenistan,1,$,1999,6286964
Malawi,1,$,2015,6276855
Ghana,1,$,2016,6254273
Slovenia,1,$,2021,6237089
Slovakia,1,$,2009,6226747
Sweden,1,$,2001,6211994
_ANDEAN (ATPA),1,$,2014,6196770
Ecuador,1,$,2014,6196770
Czech Republic,1,$,2013,6176022
South Africa,1,$,2017,6163985
Chile,1,$,2009,6155850
South Africa,1,$,2012,6131741
Mongolia,1,$,2021,6116924
Estonia,1,$,1999,6111077
South Africa,1,$,2014,6092236
Czech Republic,1,$,2002,6076658
Croatia,1,$,2021,6053500
Armenia,1,$,2017,6021254
Estonia,1,$,1997,6018789
Sweden,1,$,1994,5997267
Albania,1,$,2020,5991797
Norway,1,$,2003,5990792
Belgium,1,$,2019,5986715
Denmark,1,$,2003,5967018
Albania,1,$,2018,5962081
Australia,1,$,2011,5939307
Czech Republic,1,$,2015,5933534
Slovenia,1,$,2022,5929881
Belgium,1,$,2022,5910072
Bolivia,1,$,2010,5903980
Belgium,1,$,2010,5901001
Cyprus,1,$,1996,5875995
Eswatini (formerly Swaziland),1,$,1991,5866927
Botswana,1,$,2013,5859146
Chile,1,$,1999,5848056
South Africa,1,$,2013,5837266
Fiji,1,$,1989,5825850
North Macedonia,1,$,2018,5815899
Czech Republic,1,$,2010,5812089
Croatia,1,$,1994,5784675
Belgium,1,$,2016,5749585
Palau,1,$,1995,5734638
Malawi,1,$,2012,5723657
Belgium,1,$,2017,5718155
Croatia,1,$,2025,5711175
Federated States of Mic,1,$,1990,5709531
Malta,1,$,2002,5693545
Brunei,1,$,2015,5686926
Serbia,1,$,2020,5670239
Guyana,1,$,2012,5662684
Moldova,1,$,2008,5648992
Guyana,1,$,1993,5632022
Greece,1,$,2020,5623380
Guyana,1,$,2005,5610998
Mongolia,1,$,2020,5568945
Uruguay,1,$,2006,5553818
Estonia,1,$,1996,5522257
St Lucia,1,$,2001,5515831
Bolivia,1,$,1992,5509455
Australia,1,$,2012,5489281
Czech Republic,1,$,2016,5476503
New Zealand,1,$,2000,5456849
Czech Republic,1,$,2011,5456059
Argentina,1,$,2002,5436477
Guyana,1,$,2011,5433523
St Lucia,1,$,2000,5430133
Denmark,1,$,2001,5426483
Norway,1,$,1998,5418947
_ANDEAN (ATPA),1,$,2015,5409397
Ecuador,1,$,2015,5409397
Laos,1,$,1992,5396131
Latvia,1,$,2014,5383696
Mozambique,1,$,1990,5358982
Sweden,1,$,1997,5353238
Denmark,1,$,2005,5347793
Moldova,1,$,2011,5334659
Brunei,1,$,2022,5320216
Zimbabwe,1,$,1991,5298387
Greece,1,$,2007,5291704
Tanzania,1,$,2011,5290067
Georgia,1,$,2017,5284511
Malawi,1,$,1991,5277566
Panama,1,$,2002,5267472
Belgium,1,$,1990,5228880
Czech Republic,1,$,2003,5227030
Netherlands,1,$,2000,5225594
Malta,1,$,1991,5215950
Norway,1,$,1999,5197592
Federated States of Mic,1,$,1991,5178027
Brunei,1,$,2010,5161108
Bosnia-Hercegovina,1,$,2009,5155611
Lithuania,1,$,1995,5154598
_ANDEAN (ATPA),1,$,2023,5149188
_ANDEAN (ATPA),1,$,2024,5149188
Ecuador,1,$,2023,5149188
Ecuador,1,$,2024,5149188
Sweden,1,$,1993,5144754
North Macedonia,1,$,2016,5143750
Estonia,1,$,2011,5134812
Ghana,1,$,2005,5130735
Ireland,1,$,2023,5127571
Ireland,1,$,2024,5124594
North Macedonia,1,$,2017,5119412
Georgia,1,$,2023,5110814
Georgia,1,$,2024,5110814
Denmark,1,$,2006,5109839
_ANDEAN (ATPA),1,$,1991,5104731
Ecuador,1,$,1991,5104731
North Macedonia,1,$,2008,5088245
Slovenia,1,$,2025,5082115
Latvia,1,$,2015,5058731
Argentina,1,$,2003,5053686
Cyprus,1,$,1998,5049960
Brunei,1,$,1989,5042971
Netherlands,1,$,2022,5037477
Denmark,1,$,2002,5029623
Trinidad and Tobago,1,$,1995,4990727
Czech Republic,1,$,1989,4963374
Oman,1,$,2013,4961205
Ethiopia,1,$,2006,4949763
Botswana,1,$,1995,4927997
Kuwait,1,$,1996,4902859
Croatia,1,$,2002,4893594
Kuwait,1,$,1998,4893492
Argentina,1,$,2004,4892598
Paraguay,1,$,2021,4885360
Zimbabwe,1,$,1996,4884219
Georgia,1,$,2021,4875131
Denmark,1,$,1996,4872075
_ANDEAN (ATPA),1,$,2016,4868839
Ecuador,1,$,2016,4868839
Latvia,1,$,2013,4867905
Cyprus,1,$,1989,4851492
Uganda,1,$,2005,4839539
Venezuela,1,$,1999,4829957
Croatia,1,$,2020,4829610
Malawi,1,$,1990,4803997
Estonia,1,$,2006,4799721
Croatia,1,$,2003,4798706
North Macedonia,1,$,2019,4798447
Uzbekistan,1,$,2000,4790683
Brunei,1,$,2017,4779492
Lebanon,1,$,2017,4772038
_ANDEAN (ATPA),1,$,2017,4770585
Ecuador,1,$,2017,4770585
Botswana,1,$,2016,4766473
Bolivia,1,$,2012,4755139
Argentina,1,$,1991,4753781
Malta,1,$,1998,4746292
St Kitts and Nevis,1,$,1992,4731885
Chile,1,$,2011,4723034
Maldive Islands,1,$,2005,4719927
Moldova,1,$,1995,4718837
Lebanon,1,$,1992,4703070
Austria,1,$,2020,4702535
Zimbabwe,1,$,1992,4697070
Chile,1,$,2013,4691554
Argentina,1,$,1997,4689641
Malta,1,$,1992,4686399
Azerbaijan,1,$,2001,4675988
St Kitts and Nevis,1,$,1989,4674525
Denmark,1,$,1995,4669891
Czech Republic,1,$,2009,4667270
Qatar,1,$,1989,4652153
Guyana,1,$,2006,4651038
Belgium,1,$,1993,4638222
Kuwait,1,$,1995,4626867
Barbados,1,$,2000,4622500
Guyana,1,$,2007,4618647
Serbia,1,$,2019,4606126
Czech Republic,1,$,2017,4602774
Bolivia,1,$,1990,4600181
New Zealand,1,$,2002,4599834
Azerbaijan,1,$,2000,4590956
Latvia,1,$,2016,4585095
Belgium,1,$,2021,4583726
New Zealand,1,$,1989,4582957
Ethiopia,1,$,2007,4576870
Guyana,1,$,2009,4571674
Netherlands,1,$,2018,4564758
Slovenia,1,$,2020,4544217
Zimbabwe,1,$,2003,4539247
Argentina,1,$,1996,4531767
Czech Republic,1,$,1990,4531038
St Kitts and Nevis,1,$,1991,4528304
Tunisia,1,$,1991,4525259
Sweden,1,$,1996,4524549
Australia,1,$,2009,4516230
Russia,1,$,2007,4499396
Czech Republic,1,$,2018,4490426
Guyana,1,$,1992,4488667
Georgia,1,$,2019,4482224
Panama,1,$,2003,4480653
Latvia,1,$,2004,4476100
Venezuela,1,$,2000,4465420
Chile,1,$,2020,4461471
Kenya,1,$,1991,4461193
Norway,1,$,1997,4454419
Denmark,1,$,1991,4445064
Moldova,1,$,2010,4443835
Ghana,1,$,2003,4432173
Denmark,1,$,1999,4426288
Belgium,1,$,1992,4422641
Mongolia,1,$,2019,4420525
Belarus,1,$,2007,4412426
Netherlands,1,$,2016,4409909
Georgia,1,$,2016,4383907
Brunei,1,$,2019,4376368
Syria,1,$,1997,4370547
Guyana,1,$,2008,4341084
St Kitts and Nevis,1,$,1990,4337146
Armenia,1,$,2016,4336078
Armenia,1,$,2014,4333834
Brunei,1,$,2023,4319606
Brunei,1,$,2024,4319606
North Macedonia,1,$,2009,4318156
Australia,1,$,2010,4313606
Cyprus,1,$,1999,4309346
Denmark,1,$,1990,4283867
Belgium,1,$,1991,4283084
St Kitts and Nevis,1,$,1993,4261980
Brunei,1,$,2013,4219692
Chile,1,$,2012,4194956
Mongolia,1,$,2025,4186079
Armenia,1,$,1997,4172073
Belgium,1,$,1989,4169364
Barbados,1,$,1996,4160665
Brunei,1,$,2012,4159992
Barbados,1,$,1995,4159044
Czech Republic,1,$,2021,4154459
Barbados,1,$,1994,4153402
Barbados,1,$,1997,4150118
Guyana,1,$,2013,4133691
Croatia,1,$,2001,4127986
Albania,1,$,2015,4116707
Finland,1,$,1991,4114759
Estonia,1,$,2025,4110957
Netherlands,1,$,2005,4108255
Tanzania,1,$,1996,4106032
Albania,1,$,2017,4085436
Malawi,1,$,2014,4082968
Brunei,1,$,2014,4070587
Brunei,1,$,2011,4068145
Lebanon,1,$,2004,4061276
Estonia,1,$,2012,4034782
St Lucia,1,$,2002,4012925
Belgium,1,$,2020,4010692
Guyana,1,$,2010,4009000
Uganda,1,$,2004,4008691
Denmark,1,$,2007,4007809
Croatia,1,$,2000,3988843
Barbados,1,$,1999,3988739
Chile,1,$,2008,3982571
Moldova,1,$,2009,3975839
Lebanon,1,$,2021,3974142
Argentina,1,$,2005,3971821
Estonia,1,$,2010,3960552
Belgium,1,$,2023,3957092
Belgium,1,$,2024,3957092
Oman,1,$,2012,3941667
Georgia,1,$,2004,3934497
Zimbabwe,1,$,1989,3925792
Georgia,1,$,2014,3912439
Eswatini (formerly Swaziland),1,$,2025,3910721
Brunei,1,$,2016,3905508
Tunisia,1,$,1989,3899605
Laos,1,$,2003,3898929
Zimbabwe,1,$,2004,3897018
Bolivia,1,$,2022,3896533
Netherlands,1,$,2025,3894019
Uzbekistan,1,$,2007,3885165
Lebanon,1,$,2018,3868582
Malta,1,$,1993,3866693
Slovenia,1,$,2023,3858093
Slovenia,1,$,2024,3858093
Serbia,1,$,2018,3839959
Fiji,1,$,2006,3838365
Armenia,1,$,2013,3836694
Trinidad and Tobago,1,$,1994,3833080
Ghana,1,$,2014,3831353
Panama,1,$,2004,3812321
Georgia,1,$,2020,3810128
Belgium,1,$,2025,3799338
Netherlands Antilles,1,$,2006,3795231
Albania,1,$,2016,3786681
Czech Republic,1,$,2019,3775734
Panama,1,$,2005,3774118
Netherlands,1,$,2001,3771767
Denmark,1,$,1993,3771217
St Vincent/Grenadines,1,$,1991,3768343
Latvia,1,$,2012,3762663
Lebanon,1,$,2019,3751121
Guyana,1,$,2014,3746379
Georgia,1,$,2018,3744276
Kyrgyzstan,1,$,2005,3733053
Sweden,1,$,2007,3716502
Grenada,1,$,2006,3705752
North Macedonia,1,$,2022,3704611
Yugoslavia,1,$,2006,3704572
Yugoslavia [2],1,$,2006,3704572
Albania,1,$,2014,3678440
Kazakhstan,1,$,2001,3672724
_ANDEAN (ATPA),1,$,1989,3655305
Ecuador,1,$,1989,3655305
Armenia,1,$,2015,3641502
Syria,1,$,2011,3640595
Laos,1,$,2001,3639102
Netherlands,1,$,2008,3636850
Kuwait,1,$,1997,3613486
Syria,1,$,1994,3611722
Ethiopia,1,$,2005,3604041
Eswatini (formerly Swaziland),1,$,2023,3603519
Eswatini (formerly Swaziland),1,$,2024,3603519
Netherlands,1,$,2023,3596414
Netherlands,1,$,2024,3596414
Czech Republic,1,$,2022,3594945
Venezuela,1,$,1996,3593134
Uruguay,1,$,2007,3588794
St Vincent/Grenadines,1,$,1989,3579075
Venezuela,1,$,1993,3572283
Serbia,1,$,2007,3571197
Brunei,1,$,2018,3568927
Lebanon,1,$,2003,3564028
Paraguay,1,$,2003,3563561
Mongolia,1,$,2023,3556920
Mongolia,1,$,2024,3556920
Finland,1,$,1992,3556867
Lebanon,1,$,2015,3553987
Barbados,1,$,1998,3545773
_ANDEAN (ATPA),1,$,1990,3541324
Ecuador,1,$,1990,3541324
Argentina,1,$,2006,3535888
North Macedonia,1,$,2021,3521735
_ANDEAN (ATPA),1,$,2025,3518421
Ecuador,1,$,2025,3518421
Latvia,1,$,2019,3509482
Trinidad and Tobago,1,$,1998,3508584
Ghana,1,$,1999,3502662
Latvia,1,$,2025,3486383
Kazakhstan,1,$,2002,3476339
Cyprus,1,$,2003,3468305
Nicaragua,1,$,1992,3444423
Slovenia,1,$,1992,3426642
Argentina,1,$,1998,3411983
New Zealand,1,$,1995,3403506
Oman,1,$,2010,3386920
Latvia,1,$,2018,3376420
Netherlands,1,$,2019,3361878
Netherlands,1,$,1999,3361647
Brunei,1,$,2025,3358505
Trinidad and Tobago,1,$,1997,3351095
Kazakhstan,1,$,2005,3345632
Ethiopia,1,$,2004,3335179
Kazakhstan,1,$,2000,3334172
Jordan,1,$,1998,3330231
Cyprus,1,$,1991,3326759
Georgia,1,$,1996,3323136
Netherlands,1,$,2007,3318151
Serbia,1,$,2015,3317661
Latvia,1,$,2017,3308199
Cyprus,1,$,1995,3308017
Netherlands,1,$,2004,3301908
Estonia,1,$,2008,3297929
Netherlands,1,$,2017,3296343
Grenada,1,$,1992,3281255
Mongolia,1,$,1992,3278607
St Vincent/Grenadines,1,$,1990,3275957
Croatia,1,$,1993,3266317
Serbia,1,$,2008,3260552
St Vincent/Grenadines,1,$,1995,3242199
Tanzania,1,$,1995,3240318
Panama,1,$,2007,3233013
Lebanon,1,$,2016,3232010
Tanzania,1,$,1994,3228542
Greece,1,$,2017,3217958
Denmark,1,$,1997,3216022
Denmark,1,$,1989,3210462
New Zealand,1,$,1999,3205851
Lebanon,1,$,2001,3205815
Tanzania,1,$,2005,3199923
Kyrgyzstan,1,$,2002,3188697
Norway,1,$,1996,3159807
Azerbaijan,1,$,1996,3147502
Estonia,1,$,1995,3137550
Tajikistan,1,$,2004,3125745
Saudi Arabia,1,$,1994,3125737
Panama,1,$,2008,3123786
Croatia,1,$,1995,3115743
Netherlands,1,$,2006,3106057
Sweden,1,$,2014,3105240
Netherlands,1,$,2002,3099336
Dominica,1,$,1990,3099313
Latvia,1,$,2022,3078605
Eswatini (formerly Swaziland),1,$,1990,3077794
North Macedonia,1,$,2025,3076070
Croatia,1,$,1999,3073172
Georgia,1,$,2015,3064439
Brunei,1,$,2020,3062250
St Vincent/Grenadines,1,$,1992,3054316
Venezuela,1,$,2002,3052358
Venezuela,1,$,1995,3048441
Greece,1,$,2018,3030504
Netherlands Antilles,1,$,1992,3022962
Cabo Verde,1,$,2004,3005045
Tanzania,1,$,2006,2997872
Malawi,1,$,1989,2991948
Lebanon,1,$,1991,2988716
North Macedonia,1,$,2023,2984307
North Macedonia,1,$,2024,2984307
Rwanda,1,$,2018,2984242
Singapore,1,$,2025,2982925
Czech Republic,1,$,2025,2981905
Serbia,1,$,2017,2975773
North Macedonia,1,$,2020,2972307
Cyprus,1,$,2000,2969809
Panama,1,$,2006,2956874
Greece,1,$,2008,2954125
Trinidad and Tobago,1,$,1999,2953988
Greece,1,$,2010,2948104
Netherlands,1,$,1989,2941643
Bolivia,1,$,2021,2935326
Oman,1,$,2011,2924567
Norway,1,$,1989,2920143
Serbia,1,$,2011,2919727
Sweden,1,$,2006,2917141
New Zealand,1,$,2007,2912756
Denmark,1,$,2010,2911888
Latvia,1,$,2020,2909351
Jordan,1,$,1997,2906130
Madagascar,1,$,1994,2905210
Benin,1,$,2025,2903132
Cabo Verde,1,$,2003,2892352
Bolivia,1,$,1989,2889373
Syria,1,$,2012,2888769
Sweden,1,$,2005,2884659
Panama,1,$,2019,2881323
Denmark,1,$,1998,2868307
New Zealand,1,$,2005,2867536
Serbia,1,$,2014,2858588
Greece,1,$,2009,2846257
Albania,1,$,2013,2843821
Cyprus,1,$,2001,2839245
Trinidad and Tobago,1,$,1996,2833628
Malta,1,$,2001,2829154
Denmark,1,$,2011,2822550
Tanzania,1,$,2007,2818544
Bolivia,1,$,2023,2817112
Bolivia,1,$,2024,2817112
Russia,1,$,2021,2813693
Ghana,1,$,2012,2798733
Trinidad and Tobago,1,$,1993,2795580
Benin,1,$,2023,2792487
Benin,1,$,2024,2792487
Laos,1,$,2005,2791114
Netherlands,1,$,1998,2788430
Venezuela,1,$,1997,2783983
Netherlands,1,$,2011,2775542
Denmark,1,$,1994,2775379
Netherlands,1,$,2015,2765559
Lebanon,1,$,2002,2761055
Norway,1,$,1994,2758345
Denmark,1,$,2008,2757070
Sweden,1,$,2009,2752447
Dominica,1,$,1989,2739940
Netherlands,1,$,2020,2729769
Ghana,1,$,2013,2728863
Denmark,1,$,2023,2726097
Denmark,1,$,2024,2726097
St Lucia,1,$,2003,2714474
Czech Republic,1,$,2020,2698007
Latvia,1,$,2011,2695906
Zimbabwe,1,$,2005,2681965
Bosnia-Hercegovina,1,$,2007,2680335
Norway,1,$,1995,2673972
Cyprus,1,$,1994,2664071
Brunei,1,$,2021,2652715
Tanzania,1,$,1999,2647733
Greece,1,$,2011,2625542
Palau,1,$,1994,2611438
Guyana,1,$,2015,2602840
St Vincent/Grenadines,1,$,1993,2602527
Eswatini (formerly Swaziland),1,$,2021,2602056
Netherlands,1,$,2012,2598831
Iceland,1,$,1989,2598533
Panama,1,$,2017,2596222
Eswatini (formerly Swaziland),1,$,2015,2593056
Yugoslavia,1,$,1992,2588178
Yugoslavia [2],1,$,1992,2588178
South Africa,1,$,1992,2585435
Malta,1,$,1990,2579611
Finland,1,$,1998,2576757
Latvia,1,$,2023,2575067
Latvia,1,$,2024,2575067
Cyprus,1,$,1993,2567811
Denmark,1,$,2018,2551620
Kenya,1,$,1990,2551583
Serbia,1,$,2013,2550266
Denmark,1,$,2017,2546812
Tanzania,1,$,2004,2546153
Croatia,1,$,1996,2538559
Syria,1,$,1993,2537929
Czech Republic,1,$,2023,2535583
Czech Republic,1,$,2024,2535583
Turkmenistan,1,$,2012,2519961
Mozambique,1,$,2005,2516176
Albania,1,$,2012,2512734
New Zealand,1,$,1990,2512508
Argentina,1,$,2007,2512379
Netherlands,1,$,1990,2500677
Azerbaijan,1,$,1997,2498874
Lebanon,1,$,2020,2488936
Greece,1,$,2012,2487430
Vietnam,1,$,1994,2485712
New Zealand,1,$,2006,2477629
Paraguay,1,$,1994,2477068
Ghana,1,$,1995,2469896
Guyana,1,$,1991,2467858
Norway,1,$,1990,2463413
Bolivia,1,$,2015,2455123
Estonia,1,$,2009,2452805
Botswana,1,$,2001,2449876
Finland,1,$,1993,2448176
Syria,1,$,2010,2446586
Croatia,1,$,1998,2445564
Eswatini (formerly Swaziland),1,$,1989,2442496
Lebanon,1,$,2000,2430774
Georgia,1,$,2013,2430554
Lebanon,1,$,1990,2429019
Denmark,1,$,2014,2415319
Latvia,1,$,2021,2413955
Sweden,1,$,2012,2413822
Estonia,1,$,2023,2405148
Estonia,1,$,2024,2403993
Lebanon,1,$,2005,2403635
Albania,1,$,2011,2401482
Argentina,1,$,2008,2400991
Mongolia,1,$,2010,2397065
Serbia,1,$,2016,2396355
Laos,1,$,2002,2386851
Croatia,1,$,1997,2383266
Estonia,1,$,2007,2378867
Cambodia,1,$,1996,2372816
Kazakhstan,1,$,1998,2369342
Russia,1,$,2019,2368549
Denmark,1,$,2025,2366381
Norway,1,$,1992,2349876
Panama,1,$,2009,2347256
Kazakhstan,1,$,1999,2340229
Bolivia,1,$,2014,2336158
Bolivia,1,$,2013,2334798
Uruguay,1,$,2022,2334031
Trinidad and Tobago,1,$,2000,2333314
Mozambique,1,$,2004,2322383
Lebanon,1,$,1998,2321278
Syria,1,$,2008,2298808
Estonia,1,$,2022,2294914
Netherlands,1,$,2009,2287045
Cabo Verde,1,$,2005,2285576
Uruguay,1,$,2020,2281510
Latvia,1,$,2010,2277920
Serbia,1,$,2009,2271305
Kuwait,1,$,1992,2270663
St Vincent/Grenadines,1,$,1994,2260819
Venezuela,1,$,1998,2257840
Sweden,1,$,2019,2254205
Argentina,1,$,2011,2254126
New Zealand,1,$,2020,2241160
Togo,1,$,1994,2238473
Sweden,1,$,2018,2237732
Sweden,1,$,2022,2237309
St Lucia,1,$,2004,2236274
New Zealand,1,$,2019,2235551
Syria,1,$,2009,2232873
Singapore,1,$,2022,2232003
Guyana,1,$,1990,2223757
Zimbabwe,1,$,2006,2218943
Sweden,1,$,2010,2211659
Argentina,1,$,2012,2211430
Jordan,1,$,1999,2205376
Netherlands,1,$,2014,2199833
Netherlands,1,$,1997,2195418
Mozambique,1,$,2003,2178606
Netherlands,1,$,2003,2166897
Bosnia-Hercegovina,1,$,2006,2142727
Mongolia,1,$,2018,2140897
Sweden,1,$,2008,2138997
Sweden,1,$,2011,2132996
Bosnia-Hercegovina,1,$,2008,2132661
Lebanon,1,$,1989,2125904
Uruguay,1,$,2008,2117581
Singapore,1,$,2023,2114704
Singapore,1,$,2024,2114704
Estonia,1,$,2014,2109429
Malawi,1,$,2020,2109101
Latvia,1,$,2005,2108011
St Kitts and Nevis,1,$,2001,2105536
Serbia,1,$,2012,2100017
Norway,1,$,2013,2093999
Malawi,1,$,2019,2090342
Laos,1,$,2004,2088910
Norway,1,$,1993,2088646
Trinidad and Tobago,1,$,2001,2088615
Estonia,1,$,2019,2082647
Barbados,1,$,2001,2068003
Fiji,1,$,2007,2064425
Sweden,1,$,2015,2060725
Greece,1,$,2015,2060079
St Kitts and Nevis,1,$,2000,2059356
Estonia,1,$,2021,2056493
Botswana,1,$,1994,2051122
New Zealand,1,$,2023,2049992
New Zealand,1,$,2024,2049992
Bolivia,1,$,2025,2047099
Sweden,1,$,2017,2040526
Norway,1,$,1991,2032167
New Zealand,1,$,1998,2031575
Uzbekistan,1,$,1998,2026737
Lebanon,1,$,2007,2026116
Paraguay,1,$,1992,2019778
Denmark,1,$,2012,2014086
Bosnia-Hercegovina,1,$,2005,2006049
Norway,1,$,2025,2006017
Malta,1,$,2014,2005092
Guyana,1,$,2016,2000594
Sweden,1,$,2013,1987083
New Zealand,1,$,2022,1983646
Albania,1,$,2010,1973655
Norway,1,$,2014,1973276
Lebanon,1,$,2014,1969063
Argentina,1,$,1995,1967874
Norway,1,$,2015,1965095
Malta,1,$,1995,1964032
Sweden,1,$,2025,1963743
Burma (Myanmar),1,$,2013,1963257
Syria,1,$,1991,1962147
Netherlands,1,$,1991,1954461
Netherlands,1,$,1993,1944808
Sweden,1,$,2023,1942890
Sweden,1,$,2024,1941770
Netherlands,1,$,1995,1940849
New Zealand,1,$,2018,1939424
Argentina,1,$,2000,1928140
Lebanon,1,$,2006,1926276
Latvia,1,$,2007,1917653
New Zealand,1,$,2021,1916581
Tanzania,1,$,2010,1912513
Syria,1,$,1992,1909445
Lithuania,1,$,1994,1907511
Azerbaijan,1,$,1999,1905560
Kuwait,1,$,2006,1905433
Sweden,1,$,2021,1885408
Norway,1,$,2010,1883387
Estonia,1,$,2018,1882532
Finland,1,$,2002,1882475
Netherlands,1,$,1996,1872489
Bolivia,1,$,2016,1855478
Denmark,1,$,2021,1851672
Greece,1,$,2016,1847121
Azerbaijan,1,$,2002,1846957
Qatar,1,$,2007,1843558
Lebanon,1,$,2011,1835144
Lebanon,1,$,1999,1826186
Bolivia,1,$,2019,1825593
Denmark,1,$,2015,1823107
Latvia,1,$,2008,1822397
New Zealand,1,$,2017,1820367
Norway,1,$,2008,1814751
Bolivia,1,$,2017,1812328
Serbia,1,$,2010,1812194
Bolivia,1,$,2018,1804914
Uruguay,1,$,2021,1799856
Greece,1,$,2013,1788954
Ethiopia,1,$,2003,1763550
Kyrgyzstan,1,$,2006,1757439
Uzbekistan,1,$,1997,1750598
Argentina,1,$,2010,1750594
Panama,1,$,2011,1745642
Norway,1,$,2011,1745238
Kuwait,1,$,1990,1743505
Greece,1,$,2014,1738561
Finland,1,$,1994,1731384
Croatia,1,$,1992,1726022
Eswatini (formerly Swaziland),1,$,2020,1723461
Trinidad and Tobago,1,$,1989,1720612
Finland,1,$,1997,1706761
Malta,1,$,2012,1702123
Paraguay,1,$,1991,1698498
New Zealand,1,$,1993,1697708
Belarus,1,$,1993,1689867
Argentina,1,$,1999,1687640
New Zealand,1,$,2025,1685244
New Zealand,1,$,1996,1683284
Netherlands Antilles,1,$,2005,1683227
Netherlands,1,$,1994,1678012
Netherlands,1,$,2010,1675770
Cameroon,1,$,1998,1674590
New Zealand,1,$,2008,1673319
Togo,1,$,1993,1670942
Estonia,1,$,2017,1670857
Norway,1,$,2023,1670363
Norway,1,$,2024,1670363
Russia,1,$,2022,1669855
Paraguay,1,$,1993,1662441
Togo,1,$,2023,1651439
Togo,1,$,2024,1651439
Paraguay,1,$,2019,1649870
St Kitts and Nevis,1,$,2002,1640793
Denmark,1,$,2009,1636867
New Zealand,1,$,2001,1630286
St Kitts and Nevis,1,$,1999,1628897
Finland,1,$,1995,1628471
Uganda,1,$,2003,1628453
Panama,1,$,2025,1616206
Cyprus,1,$,1992,1615418
Bolivia,1,$,2020,1612823
Norway,1,$,2012,1609094
Cyprus,1,$,2004,1608667
Estonia,1,$,2015,1608207
Malta,1,$,2013,1605485
Latvia,1,$,2006,1604350
Denmark,1,$,2022,1597426
Estonia,1,$,2016,1593622
Moldova,1,$,1994,1584168
Cyprus,1,$,2005,1580966
Ghana,1,$,2011,1577946
Lebanon,1,$,2012,1569780
Denmark,1,$,2013,1569339
Trinidad and Tobago,1,$,1992,1565284
Cyprus,1,$,2002,1564990
Malawi,1,$,2016,1563965
Netherlands,1,$,1992,1563245
Mongolia,1,$,2009,1558556
Senegal,1,$,2023,1558381
Senegal,1,$,2024,1558381
Guyana,1,$,1989,1548384
Paraguay,1,$,2002,1540436
Uruguay,1,$,2010,1536453
Cabo Verde,1,$,2002,1533221
Eswatini (formerly Swaziland),1,$,2022,1532041
Netherlands Antilles,1,$,1996,1529224
Uzbekistan,1,$,2025,1519434
Kazakhstan,1,$,1997,1517449
Sweden,1,$,2020,1513402
Tanzania,1,$,2008,1503009
Malta,1,$,2015,1499299
Sweden,1,$,2016,1499207
Ukraine,1,$,1992,1497565
Rwanda,1,$,2017,1495579
Uruguay,1,$,2009,1491997
Armenia,1,$,2012,1484421
Denmark,1,$,2019,1482738
Grenada,1,$,2005,1482205
Yugoslavia,1,$,2005,1482205
Yugoslavia [2],1,$,2005,1482205
Netherlands,1,$,2013,1478789
Panama,1,$,2010,1472779
Uruguay,1,$,2011,1472376
Madagascar,1,$,1993,1468759
Finland,1,$,1996,1468354
Norway,1,$,2022,1461675
Uruguay,1,$,2025,1448557
Turkmenistan,1,$,1998,1438977
Uruguay,1,$,2023,1432707
Uruguay,1,$,2024,1432707
Mozambique,1,$,1993,1425187
Grenada,1,$,1996,1418431
Yugoslavia,1,$,1996,1418431
Yugoslavia [2],1,$,1996,1418431
Palau,1,$,2003,1417357
Norway,1,$,2016,1415925
Cyprus,1,$,2006,1414959
Trinidad and Tobago,1,$,1990,1412506
Kosovo,1,$,2025,1407204
Panama,1,$,2020,1404668
Malawi,1,$,1999,1403379
Panama,1,$,2015,1398389
Albania,1,$,1996,1396226
Lebanon,1,$,2013,1394075
Argentina,1,$,2009,1391438
Jordan,1,$,1989,1380408
Norway,1,$,2009,1376828
Venezuela,1,$,1994,1374570
Armenia,1,$,2005,1369772
Belarus,1,$,2019,1369693
New Zealand,1,$,1994,1362281
Denmark,1,$,2016,1361723
Malta,1,$,1996,1361177
Albania,1,$,2008,1360380
Estonia,1,$,2020,1358517
Western Samoa,1,$,2002,1357953
Russia,1,$,2020,1357400
Tokelau Islands,1,$,2003,1356407
Malta,1,$,1989,1353757
Lebanon,1,$,1993,1352271
Trinidad and Tobago,1,$,2002,1334426
Estonia,1,$,2013,1322101
Latvia,1,$,2009,1321513
Lebanon,1,$,1997,1321308
Venezuela,1,$,2003,1315930
Russia,1,$,2018,1315435
Ethiopia,1,$,2002,1308408
Malawi,1,$,1996,1306540
St Vincent/Grenadines,1,$,1996,1290867
Norway,1,$,2018,1289570
Botswana,1,$,1989,1288389
Mongolia,1,$,2016,1285036
Cyprus,1,$,2008,1282498
St Kitts and Nevis,1,$,1994,1281899
Panama,1,$,2016,1272400
Norway,1,$,2017,1267632
Malawi,1,$,1994,1267463
Finland,1,$,1999,1267313
Panama,1,$,2018,1262652
Uganda,1,$,2006,1254815
Tokelau Islands,1,$,2005,1234260
Senegal,1,$,2025,1232921
Bulgaria,1,$,1991,1230588
Trinidad and Tobago,1,$,1991,1229692
Norway,1,$,2021,1228565
Mongolia,1,$,2017,1226034
Mongolia,1,$,2015,1218681
New Zealand,1,$,1997,1214873
Oman,1,$,2008,1213335
Finland,1,$,2000,1202573
Cabo Verde,1,$,2001,1201257
Panama,1,$,2022,1196277
Nicaragua,1,$,1991,1181393
Paraguay,1,$,2004,1170186
Kyrgyzstan,1,$,2000,1167023
Finland,1,$,2007,1164602
Russia,1,$,2017,1163772
Lebanon,1,$,2008,1162840
Sierra Leone,1,$,2004,1146414
Uganda,1,$,2007,1140605
Belarus,1,$,2021,1138121
Tanzania,1,$,1989,1135726
Sierra Leone,1,$,2001,1134871
Botswana,1,$,1991,1128678
New Zealand,1,$,1991,1120753
Kenya,1,$,1989,1119690
Finland,1,$,2001,1118065
Singapore,1,$,2020,1111731
Singapore,1,$,2021,1109365
Pacific Island Trust,1,$,1989,1102202
Lebanon,1,$,2010,1100710
Finland,1,$,2003,1098133
St Kitts and Nevis,1,$,1995,1091461
Kyrgyzstan,1,$,2001,1086317
Norway,1,$,2019,1084503
Ghana,1,$,1997,1081319
Uruguay,1,$,2014,1079261
Western Samoa,1,$,2003,1077535
Finland,1,$,2004,1073923
Georgia,1,$,2012,1069792
Iceland,1,$,1990,1069271
Russia,1,$,2015,1067380
Ethiopia,1,$,1994,1053411
Finland,1,$,2006,1049572
Ghana,1,$,1994,1047324
Cabo Verde,1,$,2013,1039570
Seychelles,1,$,1999,1038442
New Zealand,1,$,2011,1030339
Georgia,1,$,2003,1029289
Kosovo,1,$,2023,1025161
Kosovo,1,$,2024,1025161
Algeria,1,$,1993,1023108
Argentina,1,$,2013,1022929
Malta,1,$,2016,1018494
Belarus,1,$,2020,1012119
Cyprus,1,$,2007,1011931
Tanzania,1,$,2009,1001957
Argentina,1,$,2021,995533
Finland,1,$,2012,994840
Botswana,1,$,2017,992669
New Zealand,1,$,2015,989909
Venezuela,1,$,2001,980300
New Zealand,1,$,2012,977719
Cameroon,1,$,2009,977398
Eswatini (formerly Swaziland),1,$,2016,976807
Bosnia-Hercegovina,1,$,2002,974381
New Zealand,1,$,2009,974184
Lithuania,1,$,1993,969486
Uruguay,1,$,2012,967810
Federated States of Mic,1,$,2005,964912
Latvia,1,$,1999,963164
Nigeria,1,$,2025,961434
Uzbekistan,1,$,1999,960834
Belarus,1,$,2018,957281
Palau,1,$,1993,952498
Fiji,1,$,2011,951809
Cyprus,1,$,2010,946997
Russia,1,$,2016,941231
Tokelau Islands,1,$,1998,936830
Cameroon,1,$,2015,936418
Estonia,1,$,1994,936198
Tanzania,1,$,2003,934459
Denmark,1,$,2020,933738
Uganda,1,$,2011,931383
Trinidad and Tobago,1,$,2004,929902
Zimbabwe,1,$,2007,921633
Uzbekistan,1,$,1996,920242
Latvia,1,$,1998,918344
Dominica,1,$,1994,915444
Uruguay,1,$,2013,915256
Panama,1,$,2013,907890
Kuwait,1,$,1989,906104
Paraguay,1,$,2005,904681
Sierra Leone,1,$,2003,903929
Ghana,1,$,2008,903151
St Kitts and Nevis,1,$,1998,902884
Ethiopia,1,$,1995,902158
Uzbekistan,1,$,2023,899271
Uzbekistan,1,$,2024,899271
Russia,1,$,2014,898839
Argentina,1,$,1994,892321
New Zealand,1,$,2013,886587
Argentina,1,$,1993,885882
Ghana,1,$,2010,883353
Turkmenistan,1,$,2013,881235
Ghana,1,$,1996,880185
Finland,1,$,2009,877589
Cabo Verde,1,$,2000,877102
Netherlands Antilles,1,$,2004,876349
Eswatini (formerly Swaziland),1,$,2018,875842
New Zealand,1,$,2016,874584
Syria,1,$,1990,869688
Paraguay,1,$,2020,862083
New Zealand,1,$,1992,861209
Malawi,1,$,2018,859832
Tanzania,1,$,1993,858314
Lebanon,1,$,1994,851727
Trinidad and Tobago,1,$,2003,850977
Uruguay,1,$,2019,846122
Belarus,1,$,2016,841031
Nigeria,1,$,2012,832178
Cameroon,1,$,2010,827875
Jamaica,1,$,2009,819249
Armenia,1,$,2010,818213
Argentina,1,$,2017,815607
Jordan,1,$,1991,813208
Cameroon,1,$,2012,811837
Malta,1,$,2005,810514
Armenia,1,$,1996,809960
Albania,1,$,2007,807941
Trinidad and Tobago,1,$,2005,801058
Finland,1,$,2013,798539
Mongolia,1,$,2014,794213
Tanzania,1,$,1990,792354
Finland,1,$,2011,791833
Malawi,1,$,1995,790930
Cyprus,1,$,2009,788684
Finland,1,$,2005,788603
Grenada,1,$,2004,786561
Yugoslavia,1,$,2004,785751
Yugoslavia [2],1,$,2004,785751
Albania,1,$,2009,778159
Tokelau Islands,1,$,2012,775878
Albania,1,$,1997,775249
Tokelau Islands,1,$,2000,772799
Norway,1,$,2020,766176
Lebanon,1,$,1995,765962
Solomon Islands,1,$,1992,765454
Cyprus,1,$,2013,763892
Malta,1,$,2021,757627
Georgia,1,$,2011,750351
New Zealand,1,$,2010,745489
Kosovo,1,$,2022,740157
Nigeria,1,$,1992,736566
Grenada,1,$,1990,736563
St Kitts and Nevis,1,$,2016,735827
Malta,1,$,2011,733374
Western Samoa,1,$,2001,730441
Cyprus,1,$,2011,729582
Paraguay,1,$,2006,725316
Panama,1,$,2012,723394
Dominica,1,$,2008,721543
Argentina,1,$,2022,721145
Cameroon,1,$,2018,717445
Finland,1,$,2010,712541
Belarus,1,$,2011,711405
Panama,1,$,2014,707290
St Kitts and Nevis,1,$,1997,705083
British Virgin Isls.,1,$,2012,704244
Cyprus,1,$,2012,700504
Venezuela,1,$,2004,699702
Cyprus,1,$,2014,699024
Malta,1,$,2023,697096
Malta,1,$,2024,697096
Bosnia-Hercegovina,1,$,2004,696380
Belarus,1,$,2017,695945
Mozambique,1,$,2006,693292
Fiji,1,$,2008,688561
Togo,1,$,1995,688546
Latvia,1,$,1995,688489
Paraguay,1,$,2007,688339
Malta,1,$,1994,683950
Laos,1,$,1991,682799
Senegal,1,$,2019,679941
Tokelau Islands,1,$,2001,675565
Armenia,1,$,2011,673297
Panama,1,$,2021,671443
Dominica,1,$,1995,659897
Russia,1,$,1992,655919
Finland,1,$,2008,654954
Mongolia,1,$,2011,653544
South Africa,1,$,1991,651629
Russia,1,$,2008,650647
Argentina,1,$,2020,648460
Nigeria,1,$,2022,647699
Cyprus,1,$,2017,647456
Mongolia,1,$,2013,647038
Tokelau Islands,1,$,2008,644571
Vanuatu,1,$,2002,644194
Georgia,1,$,1995,642468
Estonia,1,$,1993,637709
Cyprus,1,$,2015,628926
Cyprus,1,$,2018,626464
Uzbekistan,1,$,1995,623225
Malta,1,$,2022,622872
Malta,1,$,2019,621638
Lebanon,1,$,2009,618906
Grenada,1,$,1989,616699
Armenia,1,$,2006,615623
Paraguay,1,$,1999,611751
Togo,1,$,1991,609212
Cyprus,1,$,2016,608132
Grenada,1,$,1991,601220
Argentina,1,$,2014,600767
Senegal,1,$,2022,598550
Saudi Arabia,1,$,2020,598441
Tokelau Islands,1,$,2002,597462
Mozambique,1,$,1991,589667
Oman,1,$,2009,588628
Benin,1,$,2021,587328
Malta,1,$,1997,586707
New Zealand,1,$,2014,585495
Nigeria,1,$,2023,583973
Nigeria,1,$,2024,583973
Fiji,1,$,2010,582001
Georgia,1,$,2010,580632
Uruguay,1,$,2017,580186
Finland,1,$,2014,575430
St Kitts and Nevis,1,$,2003,573379
Azerbaijan,1,$,1998,570866
Kazakhstan,1,$,2007,562918
St Kitts and Nevis,1,$,1996,562616
Belarus,1,$,2010,560434
Uruguay,1,$,2015,558116
Gabon,1,$,1992,555092
Saudi Arabia,1,$,2017,553317
Nigeria,1,$,1998,550558
Venezuela,1,$,2006,546384
Finland,1,$,2017,544581
Georgia,1,$,2005,541936
Bosnia-Hercegovina,1,$,2003,541402
Tokelau Islands,1,$,2016,541100
Solomon Islands,1,$,1993,540901
Nigeria,1,$,2019,534859
Belarus,1,$,2015,530766
Mozambique,1,$,2002,528771
Tajikistan,1,$,1999,516132
Malta,1,$,2018,515921
Finland,1,$,2016,515083
Iceland,1,$,2005,512127
Uruguay,1,$,2018,510829
Tokelau Islands,1,$,2004,508892
Dominica,1,$,1991,506584
Sierra Leone,1,$,2006,506382
Tokelau Islands,1,$,2011,505780
Panama,1,$,2023,504973
Panama,1,$,2024,504973
Azerbaijan,1,$,2004,499849
Tokelau Islands,1,$,1999,498524
Uzbekistan,1,$,2018,498257
Cambodia,1,$,1995,498227
Venezuela,1,$,2005,496512
Fiji,1,$,2019,488491
Syria,1,$,1989,488170
Montenegro,1,$,2011,488075
Western Samoa,1,$,2000,487711
Bulgaria,1,$,1990,485685
Bermuda,1,$,1999,485559
Finland,1,$,2023,482422
Finland,1,$,2024,482422
Belarus,1,$,2008,481689
Cameroon,1,$,2008,480039
Cameroon,1,$,2014,478581
Finland,1,$,2015,477570
Fiji,1,$,2009,467132
Nigeria,1,$,2021,465889
Iceland,1,$,1991,463387
Paraguay,1,$,2000,461222
Bulgaria,1,$,1989,460288
St Vincent/Grenadines,1,$,1997,459866
Ghana,1,$,2002,459271
Seychelles,1,$,2016,457285
Fiji,1,$,2012,455018
Rwanda,1,$,2016,453025
Togo,1,$,2025,452930
Argentina,1,$,2016,452117
Tokelau Islands,1,$,2009,449685
Mozambique,1,$,1996,446667
Djibouti,1,$,2022,446632
British Virgin Isls.,1,$,2018,446482
Cambodia,1,$,1993,445193
Sierra Leone,1,$,2002,443036
Mozambique,1,$,1994,442839
Lebanon,1,$,1996,440906
Argentina,1,$,2019,439172
Kyrgyzstan,1,$,2025,438421
Cayman Islands,1,$,1994,438043
Azerbaijan,1,$,2005,437640
Fiji,1,$,2022,437361
Barbados,1,$,2002,435539
Russia,1,$,2012,435027
Russia,1,$,2025,431338
Uruguay,1,$,2016,427283
Ethiopia,1,$,1996,426066
Turkmenistan,1,$,2014,425230
Tokelau Islands,1,$,1995,423884
Belarus,1,$,2012,419351
Yemen,1,$,1995,416233
Suriname,1,$,2021,414438
Zimbabwe,1,$,2025,413322
Cameroon,1,$,2007,412495
Cabo Verde,1,$,2018,410706
Rwanda,1,$,2023,410268
Rwanda,1,$,2024,410268
Iceland,1,$,2001,407656
Uganda,1,$,2010,406377
Uganda,1,$,2008,405408
Azerbaijan,1,$,1995,405220
Venezuela,1,$,2007,404440
Finland,1,$,2025,403993
Ethiopia,1,$,2001,400045
Eswatini (formerly Swaziland),1,$,2017,397629
Turkmenistan,1,$,2015,396931
Belarus,1,$,2009,395961
Uganda,1,$,2017,392571
Argentina,1,$,1992,391601
Cameroon,1,$,2011,389139
Tokelau Islands,1,$,2006,389064
Russia,1,$,2013,388158
Syria,1,$,2013,385150
Saudi Arabia,1,$,2016,385035
Bosnia-Hercegovina,1,$,1992,383081
Zimbabwe,1,$,2023,382342
Zimbabwe,1,$,2024,382342
Argentina,1,$,2025,382324
New Caledonia,1,$,2004,380513
Turkmenistan,1,$,2016,380298
Benin,1,$,2018,374288
Senegal,1,$,1992,373598
Iceland,1,$,2002,373131
Bosnia-Hercegovina,1,$,2000,371798
Tokelau Islands,1,$,2007,370572
Western Samoa,1,$,2017,367666
Madagascar,1,$,1990,366079
Ghana,1,$,2009,365128
Saudi Arabia,1,$,2025,363289
Cocos (Keeling) Islands,1,$,2018,362004
Paraguay,1,$,2008,361956
Malta,1,$,2017,360548
Malta,1,$,2020,360323
Kyrgyzstan,1,$,2021,358134
Sierra Leone,1,$,2017,356277
Bosnia-Hercegovina,1,$,2001,356229
Dominica,1,$,1993,355367
Saudi Arabia,1,$,2018,352093
Yemen,1,$,1994,350200
Kyrgyzstan,1,$,2020,348622
Norfolk Island,1,$,2007,348396
"Turks, Caicos Isls.",1,$,2020,346855
Cameroon,1,$,2019,346757
Finland,1,$,2018,346320
Netherlands Antilles,1,$,2003,345698
Iceland,1,$,2004,344382
Luxembourg,1,$,2018,343834
Malawi,1,$,2021,341203
Russia,1,$,2023,339508
Russia,1,$,2024,339508
Burkina Faso,1,$,2022,338034
Malta,1,$,2010,337055
Dominica,1,$,1992,336492
Guyana,1,$,2017,335508
Nigeria,1,$,1994,333060
Burundi,1,$,2023,332990
Burundi,1,$,2024,332990
Uzbekistan,1,$,2021,331907
Paraguay,1,$,2012,331371
Algeria,1,$,1994,331081
Albania,1,$,2004,329259
Gabon,1,$,2002,328056
Belarus,1,$,2014,326215
Ghana,1,$,2000,325828
Tokelau Islands,1,$,1994,325106
USSR,1,$,1991,324127
Sierra Leone,1,$,2011,323664
Fiji,1,$,2021,322881
Malawi,1,$,2017,322679
Cocos (Keeling) Islands,1,$,2012,322475
Albania,1,$,2006,321645
Western Samoa,1,$,2018,318712
Kyrgyzstan,1,$,2011,317908
Afghanistan,1,$,2021,317835
Cameroon,1,$,1995,317773
Kazakhstan,1,$,1994,317582
Argentina,1,$,2015,312836
Bermuda,1,$,1998,309303
Cameroon,1,$,2013,308107
Argentina,1,$,2023,307530
Argentina,1,$,2024,307530
Mali,1,$,1995,306638
Cameroon,1,$,2017,304031
Trinidad and Tobago,1,$,2006,300855
Bermuda,1,$,1996,299335
St Lucia,1,$,2005,298913
Iceland,1,$,2003,297585
Malta,1,$,2008,296295
Sierra Leone,1,$,2014,294293
Nigeria,1,$,1993,294261
Bermuda,1,$,1997,293766
St Lucia,1,$,2007,293690
Malta,1,$,2007,292084
Kyrgyzstan,1,$,2014,291291
Saudi Arabia,1,$,1993,289223
British Virgin Isls.,1,$,1999,288302
Fiji,1,$,2013,285569
Iceland,1,$,2000,285311
Saudi Arabia,1,$,2012,284460
Finland,1,$,2022,283701
Liberia,1,$,2023,282853
Liberia,1,$,2024,282853
Saudi Arabia,1,$,2006,282195
Uzbekistan,1,$,2019,279718
Sierra Leone,1,$,2010,279354
Saudi Arabia,1,$,2015,278907
French West Indies,1,$,2005,278590
Nigeria,1,$,2018,276755
Cameroon,1,$,1999,275867
Equatorial Guinea,1,$,1998,275422
Moldova,1,$,1993,273847
Iceland,1,$,1992,271642
Armenia,1,$,2008,268979
Yemen,1,$,1993,268412
Mongolia,1,$,2012,267084
Fiji,1,$,2015,266785
Cote D’Ivoire,1,$,1992,265854
Armenia,1,$,2007,264967
Fiji,1,$,2018,264774
Belarus,1,$,1992,264624
Cyprus,1,$,2019,264527
Nigeria,1,$,2001,264294
Fiji,1,$,2020,262437
Bhutan,1,$,1998,261784
Malta,1,$,2006,260416
Finland,1,$,2021,259590
Montenegro,1,$,2007,259114
Fiji,1,$,2014,259033
Sierra Leone,1,$,2007,258743
Gabon,1,$,2004,258352
Tokelau Islands,1,$,2010,257684
Barbados,1,$,2023,257264
Barbados,1,$,2024,257264
Vanuatu,1,$,2019,254375
Zambia,1,$,2000,253991
Russia,1,$,2011,250774
"Turks, Caicos Isls.",1,$,2021,249877
Uzbekistan,1,$,2022,249281
Saudi Arabia,1,$,2010,249074
Saudi Arabia,1,$,2019,249045
Bahrain,1,$,2022,247662
Russia,1,$,2009,245815
Nigeria,1,$,2017,245289
Rwanda,1,$,2022,244234
Finland,1,$,2019,241899
Cote D’Ivoire,1,$,1990,241683
"Turks, Caicos Isls.",1,$,2005,241577
Sierra Leone,1,$,2009,240512
Malawi,1,$,2022,239013
Kazakhstan,1,$,1995,238841
Kyrgyzstan,1,$,2017,238549
Ghana,1,$,2001,237350
Senegal,1,$,2020,236558
Cote D’Ivoire,1,$,1997,235986
Kosovo,1,$,2021,235758
Uzbekistan,1,$,2009,235181
Iceland,1,$,1999,234104
Belarus,1,$,2023,232308
Belarus,1,$,2024,232308
Nigeria,1,$,2020,231909
Malawi,1,$,1998,231809
Zambia,1,$,1996,231803
Belarus,1,$,2022,230796
Saudi Arabia,1,$,2005,230764
Malta,1,$,2009,230753
New Caledonia,1,$,1994,230608
Sierra Leone,1,$,2000,230312
Senegal,1,$,2021,229332
Saudi Arabia,1,$,2013,227896
Zimbabwe,1,$,2022,227411
British Virgin Isls.,1,$,2025,226555
Russia,1,$,2010,226415
Cote D’Ivoire,1,$,2003,225862
Tajikistan,1,$,1998,224809
Aruba,1,$,1993,223688
Fiji,1,$,2017,223612
St Pierre / Miquelon,1,$,2007,223537
Belarus,1,$,2013,222788
Saudi Arabia,1,$,2022,221762
Saudi Arabia,1,$,2011,220759
Mozambique,1,$,1995,220494
Cabo Verde,1,$,2025,220104
Burkina Faso,1,$,1997,219100
Belarus,1,$,2025,218533
Tokelau Islands,1,$,1997,218340
Zambia,1,$,2001,217980
Sierra Leone,1,$,2021,216722
Cameroon,1,$,2005,215454
Latvia,1,$,1994,214734
Paraguay,1,$,2018,214164
Barbados,1,$,2003,213999
Madagascar,1,$,1992,213936
Grenada,1,$,2003,213611
Yugoslavia,1,$,2003,213611
Yugoslavia [2],1,$,2003,213611
Azerbaijan,1,$,2006,213258
Venezuela,1,$,2025,207758
Burundi,1,$,1990,206984
USSR,1,$,1992,203788
Comoros,1,$,2007,202955
Western Sahara,1,$,1992,202614
Albania,1,$,2002,202195
Gibraltar,1,$,1997,201662
Cameroon,1,$,2016,201533
Cote D’Ivoire,1,$,2011,201366
Cayman Islands,1,$,2005,200733
Kyrgyzstan,1,$,1999,200645
British Virgin Isls.,1,$,2003,200375
Bahamas,1,$,2021,200219
Saudi Arabia,1,$,2014,200104
Netherlands Antilles,1,$,1990,199921
Uzbekistan,1,$,2008,199322
Paraguay,1,$,1995,199200
Cote D’Ivoire,1,$,1998,198060
French West Indies,1,$,2006,198014
Bosnia-Hercegovina,1,$,1996,197867
Malta,1,$,2025,196445
Kyrgyzstan,1,$,2019,195003
French West Indies,1,$,2007,194406
Albania,1,$,2001,193446
Rwanda,1,$,2015,192998
Malawi,1,$,1997,192371
Sierra Leone,1,$,2008,192312
Cote D’Ivoire,1,$,2002,191584
Paraguay,1,$,2013,191559
Finland,1,$,2020,191354
Mozambique,1,$,2011,189867
Kyrgyzstan,1,$,2018,189440
Venezuela,1,$,2018,188971
Cook Islands,1,$,2008,188862
Armenia,1,$,2009,188729
Uganda,1,$,2009,187898
Iceland,1,$,1995,187327
Latvia,1,$,1996,185626
St Vincent/Grenadines,1,$,1998,185181
Saudi Arabia,1,$,2009,184550
Heard Isl & McDonald Isl,1,$,1996,183935
Sierra Leone,1,$,2022,183749
British Virgin Isls.,1,$,2002,183565
Sierra Leone,1,$,2018,183217
Albania,1,$,1999,182638
Kyrgyzstan,1,$,2009,182408
Suriname,1,$,1994,182198
Tanzania,1,$,1991,181979
Iceland,1,$,2008,181893
Cameroon,1,$,1994,181269
Iceland,1,$,2022,181248
Cayman Islands,1,$,2010,180379
Iceland,1,$,2006,179990
Suriname,1,$,1989,179382
Mozambique,1,$,2001,179179
Albania,1,$,2005,179155
Papua New Guinea,1,$,2015,178761
Nigeria,1,$,1997,177516
Iceland,1,$,1998,176957
Cook Islands,1,$,1995,176253
Cabo Verde,1,$,2014,175014
Bermuda,1,$,2000,170636
Mali,1,$,1991,170543
St Lucia,1,$,2006,170380
Cote D’Ivoire,1,$,1994,170333
Senegal,1,$,1996,170331
Paraguay,1,$,2011,169823
Rwanda,1,$,2025,169491
Sierra Leone,1,$,1995,169240
Tokelau Islands,1,$,1989,168748
New Caledonia,1,$,1990,168178
Nigeria,1,$,1989,167817
Guinea,1,$,2000,167568
Nigeria,1,$,2003,166905
Bhutan,1,$,1997,166050
Nigeria,1,$,1995,165604
Mauritania,1,$,1990,165187
Saudi Arabia,1,$,2008,164332
Namibia,1,$,2018,164231
Montenegro,1,$,2012,163614
Cote D’Ivoire,1,$,1991,162735
Oman,1,$,2019,162218
Namibia,1,$,2000,161964
Moldova,1,$,1992,161465
Belize,1,$,2008,161308
Afghanistan,1,$,2025,160760
Saudi Arabia,1,$,2007,160698
Mozambique,1,$,2007,160659
Mauritania,1,$,2023,159360
Mauritania,1,$,2024,159360
Trinidad and Tobago,1,$,2008,159353
Netherlands Antilles,1,$,2001,159321
Sierra Leone,1,$,2019,159311
Heard Isl & McDonald Isl,1,$,1998,159161
Niger,1,$,2006,157334
Burkina Faso,1,$,2018,157306
Seychelles,1,$,2017,157287
Mauritania,1,$,1992,156708
Ghana,1,$,1993,156570
Barbados,1,$,2004,156536
Cameroon,1,$,2025,156412
British Virgin Isls.,1,$,2016,156273
Kosovo,1,$,2013,155819
Togo,1,$,1998,155741
Mozambique,1,$,1997,155199
Nigeria,1,$,2005,154962
Aruba,1,$,1995,154927
Tanzania,1,$,2002,154061
Cayman Islands,1,$,1998,153295
Bermuda,1,$,2002,153206
Sierra Leone,1,$,1998,152358
Fiji,1,$,2023,151993
Fiji,1,$,2024,151993
Dominica,1,$,2007,151065
Rwanda,1,$,2011,150973
Burkina Faso,1,$,2013,150242
Paraguay,1,$,2010,147507
Senegal,1,$,1997,147290
Mauritania,1,$,1996,147285
Barbados,1,$,2005,147090
Uganda,1,$,2016,146309
New Caledonia,1,$,2001,146278
Saudi Arabia,1,$,2021,146086
Mali,1,$,1990,144997
Senegal,1,$,1993,144939
Cameroon,1,$,1997,144549
Seychelles,1,$,2019,144333
Rwanda,1,$,2014,143930
New Caledonia,1,$,2010,143919
Netherlands Antilles,1,$,1989,143591
Cameroon,1,$,2006,143446
Cote D’Ivoire,1,$,1989,143382
Uganda,1,$,2012,143254
Tokelau Islands,1,$,2018,143216
Togo,1,$,1996,143082
Algeria,1,$,1997,142704
French Indian Ocean Areas,1,$,2002,142380
Seychelles,1,$,1991,142360
Iceland,1,$,2011,141717
Mauritania,1,$,1998,140210
Bahamas,1,$,1994,139807
Eritrea,1,$,1996,139317
Seychelles,1,$,2007,138737
Bahamas,1,$,2018,138502
Syria,1,$,2014,138481
Sierra Leone,1,$,2016,138206
Cote D’Ivoire,1,$,2005,137752
Papua New Guinea,1,$,1996,137232
Bahrain,1,$,2019,136656
Netherlands Antilles,1,$,1993,136491
Rwanda,1,$,2020,136449
Barbados,1,$,2025,135463
Benin,1,$,2020,135344
Madagascar,1,$,1991,134379
Ethiopia,1,$,1997,133820
Cocos (Keeling) Islands,1,$,2011,133470
New Caledonia,1,$,2002,133172
Tokelau Islands,1,$,1990,132850
Mauritania,1,$,2020,132137
Qatar,1,$,2025,132053
Albania,1,$,1995,131797
Cameroon,1,$,1993,130356
Guinea,1,$,1995,130080
Saudi Arabia,1,$,2004,129966
New Caledonia,1,$,2006,129817
Nigeria,1,$,1996,129316
Kiribati (Gilbert Isl),1,$,1994,129254
Mayotte,1,$,2023,129065
Mayotte,1,$,2024,129065
Netherlands Antilles,1,$,1997,128417
Seychelles,1,$,2000,127756
"Turks, Caicos Isls.",1,$,2018,127662
Seychelles,1,$,1998,126956
Namibia,1,$,2013,126905
Fiji,1,$,2025,126870
Algeria,1,$,2022,126765
Central African Rep.,1,$,2001,126412
Sierra Leone,1,$,2005,126004
British Virgin Isls.,1,$,2017,125824
Turkmenistan,1,$,2017,125423
Cook Islands,1,$,2017,125256
Cote D’Ivoire,1,$,2019,124941
Western Samoa,1,$,1989,124782
Solomon Islands,1,$,1994,124569
Argentina,1,$,2018,124472
Djibouti,1,$,2020,123949
Sierra Leone,1,$,1999,123931
Georgia,1,$,2009,123725
Iceland,1,$,2015,123719
Netherlands Antilles,1,$,1998,123581
Iceland,1,$,1994,122964
British Virgin Isls.,1,$,1998,122509
Venezuela,1,$,2010,121785
Kyrgyzstan,1,$,2016,121754
Nigeria,1,$,1990,121569
Cote D’Ivoire,1,$,2021,121431
Mauritania,1,$,2005,120702
Antigua and Barbuda,1,$,1995,120483
Cabo Verde,1,$,2017,120412
Iran,1,$,2001,119949
Christmas Island,1,$,2010,119743
Bahamas,1,$,2011,119546
St Vincent/Grenadines,1,$,2020,119518
Barbados,1,$,2006,119383
Cayman Islands,1,$,2006,119274
Seychelles,1,$,2014,119209
Bermuda,1,$,1994,118744
Senegal,1,$,2014,118059
Mali,1,$,1997,117843
Zimbabwe,1,$,2019,116623
Zambia,1,$,1997,116114
Sudan,1,$,1991,115575
Trinidad and Tobago,1,$,2007,115568
Georgia,1,$,2001,115413
Venezuela,1,$,2009,115399
Nauru,1,$,2023,115335
Nauru,1,$,2024,115335
French West Indies,1,$,2022,115214
Iceland,1,$,2025,115153
Cameroon,1,$,2003,115143
Nigeria,1,$,1991,114964
Mozambique,1,$,1998,114394
Cocos (Keeling) Islands,1,$,2010,114284
Burkina Faso,1,$,2002,114218
Benin,1,$,2022,113974
Bahamas,1,$,2013,113803
Cote D’Ivoire,1,$,2017,113362
Cocos (Keeling) Islands,1,$,2015,113215
New Caledonia,1,$,1989,112070
Zimbabwe,1,$,2017,111807
Seychelles,1,$,2006,111752
Belize,1,$,2011,111709
Iceland,1,$,2019,111230
Mozambique,1,$,1989,110537
Djibouti,1,$,1989,110360
Nauru,1,$,1989,110237
Trinidad and Tobago,1,$,2022,110191
Venezuela,1,$,2017,109956
Iceland,1,$,1997,109943
British Virgin Isls.,1,$,1997,109760
Kiribati (Gilbert Isl),1,$,2017,109472
Namibia,1,$,1991,109433
Palau,1,$,1992,108134
Liberia,1,$,2005,108098
Cote D’Ivoire,1,$,2015,108055
Western Samoa,1,$,1990,107675
Nauru,1,$,2021,107450
Cameroon,1,$,2020,107403
Zimbabwe,1,$,2015,106934
Dominica,1,$,2005,106540
Paraguay,1,$,1998,106468
Tajikistan,1,$,2017,106151
Afghanistan,1,$,2016,106146
Kyrgyzstan,1,$,2015,105828
Cook Islands,1,$,2011,105481
Luxembourg,1,$,1997,105165
Uganda,1,$,2013,105004
St Vincent/Grenadines,1,$,2001,104954
Nauru,1,$,2016,104944
Fiji,1,$,2016,104894
Vanuatu,1,$,2017,104596
USSR,1,$,1990,104049
Bahamas,1,$,2002,103743
Botswana,1,$,1990,103708
Nigeria,1,$,2000,103081
Kazakhstan,1,$,1996,102554
Namibia,1,$,1994,101724
Zimbabwe,1,$,2018,101540
Saudi Arabia,1,$,2023,101446
Saudi Arabia,1,$,2024,101446
Uzbekistan,1,$,1993,101335
Grenada,1,$,1998,101230
Yugoslavia,1,$,1998,101230
Yugoslavia [2],1,$,1998,101230
Kazakhstan,1,$,2022,100291
Zimbabwe,1,$,2013,99999
Rwanda,1,$,2021,99912
Sao Tome and Principe,1,$,1997,99881
Grenada,1,$,2001,98790
Yugoslavia,1,$,2001,98790
Yugoslavia [2],1,$,2001,98790
Cocos (Keeling) Islands,1,$,2019,98766
Luxembourg,1,$,2003,97832
Nigeria,1,$,1999,97705
Venezuela,1,$,2021,96942
Seychelles,1,$,2015,96908
Uganda,1,$,2014,96853
Cameroon,1,$,2021,96632
Yemen,1,$,2021,96569
Cameroon,1,$,2004,96556
Georgia,1,$,1997,96256
Bahrain,1,$,2025,95892
Namibia,1,$,2001,95325
Zimbabwe,1,$,2012,95119
French Indian Ocean Areas,1,$,2003,95069
Sierra Leone,1,$,2012,95056
Venezuela,1,$,2011,94750
Antigua and Barbuda,1,$,1989,94602
Djibouti,1,$,2016,94579
Paraguay,1,$,2014,94418
Mozambique,1,$,2021,93905
Mauritania,1,$,1993,93723
Comoros,1,$,2004,93402
Montserrat,1,$,2004,93265
Kyrgyzstan,1,$,2023,92253
Kyrgyzstan,1,$,2024,92253
Malawi,1,$,2025,92104
Benin,1,$,2019,91964
Venezuela,1,$,2023,91819
Venezuela,1,$,2024,91819
Saudi Arabia,1,$,1991,91816
Tokelau Islands,1,$,1992,91695
Netherlands Antilles,1,$,2002,91464
Comoros,1,$,1990,91397
Togo,1,$,1997,91352
British Virgin Isls.,1,$,2023,91315
British Virgin Isls.,1,$,2024,91315
Ghana,1,$,1992,91176
Comoros,1,$,1991,91174
Namibia,1,$,2016,90921
Togo,1,$,2005,90839
New Caledonia,1,$,1991,90821
Mali,1,$,1999,90801
Mali,1,$,2003,90599
British Virgin Isls.,1,$,1994,90551
Luxembourg,1,$,2002,90546
Uganda,1,$,2019,90423
Seychelles,1,$,2003,90033
Curacao,1,$,2017,89557
French Indian Ocean Areas,1,$,1997,89492
Bosnia-Hercegovina,1,$,1997,89455
Yemen,1,$,1998,89440
St Pierre / Miquelon,1,$,2002,89311
Gambia,1,$,1992,89231
Luxembourg,1,$,1993,89160
Mauritania,1,$,2003,89140
Bahamas,1,$,2005,88942
Iceland,1,$,2010,88810
Namibia,1,$,2022,88808
Cabo Verde,1,$,2015,88789
Iceland,1,$,2009,88353
Nigeria,1,$,2016,88319
Antigua and Barbuda,1,$,1996,88114
Federated States of Mic,1,$,2021,87983
Afghanistan,1,$,2020,87173
Zimbabwe,1,$,2014,87171
Bermuda,1,$,2003,87078
Pitcairn Island,1,$,1994,87022
Mali,1,$,2011,86565
Mozambique,1,$,2016,86533
Marshall islands,1,$,2016,86252
Qatar,1,$,2011,85490
Grenada,1,$,1995,85483
Zimbabwe,1,$,2021,85130
Cook Islands,1,$,2005,84801
Cote D’Ivoire,1,$,2010,84698
Venezuela,1,$,2008,84420
Dominica,1,$,1999,84144
Barbados,1,$,2012,83757
Netherlands Antilles,1,$,1999,83496
Dominica,1,$,2004,83472
Uganda,1,$,2018,83258
Cayman Islands,1,$,2000,83074
Cocos (Keeling) Islands,1,$,2017,83024
Iceland,1,$,2017,82887
Palau,1,$,1991,82800
Cocos (Keeling) Islands,1,$,2014,82650
New Caledonia,1,$,2013,82411
Venezuela,1,$,2013,82245
Iceland,1,$,1996,81956
Dominica,1,$,1996,81954
"Congo, Democratic Republic of",1,$,2016,81475
Kyrgyzstan,1,$,2022,81203
Zimbabwe,1,$,2016,80417
Zimbabwe,1,$,2008,80387
Cayman Islands,1,$,2003,80280
Cook Islands,1,$,2025,80278
Barbados,1,$,2018,79956
Albania,1,$,1994,79694
French Indian Ocean Areas,1,$,2007,79473
New Caledonia,1,$,2009,79471
Barbados,1,$,2010,79312
Dominica,1,$,2000,79241
Syria,1,$,2016,78640
Venezuela,1,$,2014,78155
Mozambique,1,$,1992,78061
Marshall islands,1,$,2003,77563
Tokelau Islands,1,$,1991,77483
Barbados,1,$,2007,77463
Heard Isl & McDonald Isl,1,$,1992,77461
Burundi,1,$,2025,77222
British Virgin Isls.,1,$,2006,76858
Uganda,1,$,2015,76848
Falkland Islands,1,$,1995,76838
"Korea, North",1,$,2004,76770
Somalia,1,$,2005,76745
Kuwait,1,$,2017,76670
Netherlands Antilles,1,$,1991,76566
Tokelau Islands,1,$,1996,76560
Turkmenistan,1,$,2018,76320
Cocos (Keeling) Islands,1,$,2013,76315
Niue,1,$,2003,75862
Iceland,1,$,2020,75638
Nigeria,1,$,2004,75231
Ghana,1,$,1991,75180
St Vincent/Grenadines,1,$,2008,74969
Yemen,1,$,2022,74385
Niger,1,$,1999,74143
Ethiopia,1,$,1993,73617
Tuvalu,1,$,2022,73608
St Vincent/Grenadines,1,$,1999,73519
Antigua and Barbuda,1,$,1999,73313
Curacao,1,$,2016,73108
Luxembourg,1,$,2001,72623
Luxembourg,1,$,1996,72143
Pitcairn Island,1,$,1989,72098
Senegal,1,$,1998,72063
Sierra Leone,1,$,2013,71855
Paraguay,1,$,2015,71698
Cook Islands,1,$,2018,71530
Western Samoa,1,$,1996,71431
Kuwait,1,$,2015,71066
Iceland,1,$,2021,71007
Venezuela,1,$,2012,70985
Albania,1,$,1998,70447
Tokelau Islands,1,$,2014,70270
Christmas Island,1,$,2017,70020
Aruba,1,$,2018,68870
Namibia,1,$,2017,68860
Somalia,1,$,2001,68726
Kiribati (Gilbert Isl),1,$,1989,68401
Ghana,1,$,1990,68331
New Caledonia,1,$,2011,68323
Eritrea,1,$,2014,68196
Eritrea,1,$,2000,68072
Marshall islands,1,$,2020,66979
Sierra Leone,1,$,1994,66271
Burundi,1,$,1998,66180
Grenada,1,$,2002,65972
Heard Isl & McDonald Isl,1,$,2003,65959
Liberia,1,$,2006,65852
Iceland,1,$,2023,65501
Iceland,1,$,2024,65501
Georgia,1,$,2006,65109
Bahamas,1,$,2020,65093
Yugoslavia,1,$,2002,64944
Yugoslavia [2],1,$,2002,64944
Mauritania,1,$,2022,64766
Afghanistan,1,$,2023,64750
Afghanistan,1,$,2024,64750
Bermuda,1,$,2001,64679
Luxembourg,1,$,2004,64432
Sao Tome and Principe,1,$,1995,64383
Luxembourg,1,$,2010,64127
Seychelles,1,$,2021,63976
South Africa,1,$,1989,63976
Niue,1,$,2004,63909
Paraguay,1,$,1996,63800
Iran,1,$,1990,63779
Syria,1,$,2015,63705
Qatar,1,$,2010,63399
Yemen,1,$,1992,63393
USSR,1,$,1989,63307
Jamaica,1,$,2011,62799
Bhutan,1,$,1996,62682
Cambodia,1,$,1990,62514
Grenada,1,$,1993,62453
New Caledonia,1,$,1992,62325
Nigeria,1,$,2006,62010
Iceland,1,$,2018,61912
Guinea,1,$,2016,61876
Bahamas,1,$,1993,61817
Sierra Leone,1,$,2025,61624
Uzbekistan,1,$,2020,61341
Cote D’Ivoire,1,$,2016,61140
Zimbabwe,1,$,2011,61060
Cook Islands,1,$,2010,60765
Kuwait,1,$,2012,60434
Montenegro,1,$,2010,59673
Sudan,1,$,1995,59640
Cameroon,1,$,1996,59628
Zimbabwe,1,$,2010,59500
Afghanistan,1,$,2017,59260
"Korea, North",1,$,2003,59222
Burkina Faso,1,$,1991,59212
Luxembourg,1,$,1999,59080
Bahrain,1,$,2023,58765
Bahrain,1,$,2024,58765
Mauritania,1,$,2025,58565
Sierra Leone,1,$,2015,58563
New Caledonia,1,$,2008,58522
Eritrea,1,$,2022,58511
Cote D’Ivoire,1,$,2023,58169
Cote D’Ivoire,1,$,2024,58169
Qatar,1,$,2016,58100
Mali,1,$,2002,58045
Cook Islands,1,$,2020,57796
Kuwait,1,$,2022,57775
Zimbabwe,1,$,2020,57635
Senegal,1,$,2005,57616
Suriname,1,$,2000,57271
Kosovo,1,$,2020,57242
Saudi Arabia,1,$,1989,57160
Kuwait,1,$,2011,57121
Papua New Guinea,1,$,2021,56838
New Caledonia,1,$,2005,56598
Tajikistan,1,$,2002,56146
Luxembourg,1,$,1998,56102
Eritrea,1,$,2010,55971
Papua New Guinea,1,$,2014,55838
Nigeria,1,$,2008,55673
Nauru,1,$,2025,55647
Sudan,1,$,1993,55646
Seychelles,1,$,2022,55562
Comoros,1,$,1998,55512
Cook Islands,1,$,2021,55395
Bahamas,1,$,2019,55238
Dominica,1,$,2011,55063
Seychelles,1,$,2018,55003
Nigeria,1,$,2015,54999
Gambia,1,$,2008,54902
Azerbaijan,1,$,2003,54830
Montserrat,1,$,1999,54631
Cabo Verde,1,$,1992,54600
Cote D’Ivoire,1,$,1993,54547
Venezuela,1,$,2015,54483
St Kitts and Nevis,1,$,2007,54479
Grenada,1,$,1997,54468
Seychelles,1,$,2025,54446
Latvia,1,$,1997,54190
Yugoslavia,1,$,1997,54108
Yugoslavia [2],1,$,1997,54108
Botswana,1,$,2025,53963
Senegal,1,$,1994,53957
British Virgin Isls.,1,$,1996,53892
Qatar,1,$,2019,53683
Sierra Leone,1,$,2020,53509
Suriname,1,$,1990,53296
Niger,1,$,1989,53022
Trinidad and Tobago,1,$,2011,53010
Paraguay,1,$,2009,52790
Paraguay,1,$,2017,52399
Kazakhstan,1,$,2009,52120
Nigeria,1,$,2010,52055
Cote D’Ivoire,1,$,2006,51938
Kuwait,1,$,2023,51845
Kuwait,1,$,2024,51845
Saudi Arabia,1,$,2003,51827
Cook Islands,1,$,2022,51600
Estonia,1,$,1992,51458
Yemen,1,$,2025,51395
Gibraltar,1,$,1994,51298
Barbados,1,$,2014,51030
Burkina Faso,1,$,2021,51002
Mauritania,1,$,2021,50490
Oman,1,$,2022,50483
Afghanistan,1,$,2022,50018
Mali,1,$,2018,49917
Nigeria,1,$,2007,49879
Cook Islands,1,$,2016,49556
Luxembourg,1,$,1989,49488
Dominica,1,$,2020,49463
Cook Islands,1,$,2003,49319
New Caledonia,1,$,2015,49205
Mali,1,$,2015,48959
Zimbabwe,1,$,2009,48821
Jamaica,1,$,2018,48780
Cook Islands,1,$,2006,48630
Mali,1,$,2012,48533
British Virgin Isls.,1,$,2005,48412
Bahrain,1,$,2018,48403
St Lucia,1,$,2008,48265
Nigeria,1,$,2014,48112
Netherlands Antilles,1,$,1995,47984
Mali,1,$,2021,47865
St Kitts and Nevis,1,$,2022,47772
Kazakhstan,1,$,2023,47755
Kazakhstan,1,$,2024,47755
Kiribati (Gilbert Isl),1,$,1991,47677
St Vincent/Grenadines,1,$,2017,47513
Bosnia-Hercegovina,1,$,1999,47192
Mali,1,$,2010,47189
Gambia,1,$,1994,47036
Cameroon,1,$,2002,46770
Eritrea,1,$,2003,46698
Western Samoa,1,$,2004,45968
Kyrgyzstan,1,$,2013,45866
Senegal,1,$,2000,45709
Togo,1,$,2019,45705
Iceland,1,$,2012,45597
Gambia,1,$,1993,45579
Afghanistan,1,$,2018,45421
Iceland,1,$,2007,45388
Senegal,1,$,2006,44669
Netherlands Antilles,1,$,2011,44372
Mozambique,1,$,1999,44333
Qatar,1,$,2015,44285
Iceland,1,$,1993,43894
Cote D’Ivoire,1,$,2004,43888
Cameroon,1,$,2000,43858
Kazakhstan,1,$,2025,43858
Tokelau Islands,1,$,2013,43824
Marshall islands,1,$,1993,43718
Barbados,1,$,2008,43703
Senegal,1,$,2015,43575
Cabo Verde,1,$,2011,43484
Jamaica,1,$,2012,43483
Syria,1,$,2022,43188
Uganda,1,$,2022,43071
Mali,1,$,2008,43063
Luxembourg,1,$,2023,43062
Luxembourg,1,$,2024,43062
Libya,1,$,2014,43038
Paraguay,1,$,1997,42875
Cote D’Ivoire,1,$,2001,42554
Mali,1,$,2020,42499
Armenia,1,$,1993,42403
Luxembourg,1,$,2025,42364
Namibia,1,$,2025,42302
Afghanistan,1,$,2019,42208
Tokelau Islands,1,$,2017,42104
Trinidad and Tobago,1,$,2013,41786
Tanzania,1,$,2000,41439
Afghanistan,1,$,2004,41408
Kazakhstan,1,$,2013,41372
Cyprus,1,$,2020,41304
Bahamas,1,$,1991,41301
Iceland,1,$,2016,41192
Sierra Leone,1,$,1993,41189
Bahamas,1,$,2016,41090
Tonga,1,$,1989,41037
Togo,1,$,2017,41029
Eritrea,1,$,1995,40986
Nigeria,1,$,2011,40970
Bosnia-Hercegovina,1,$,1995,40930
Venezuela,1,$,2022,40760
Netherlands Antilles,1,$,2007,40730
British Virgin Isls.,1,$,2015,40537
Sudan,1,$,1997,40274
Montserrat,1,$,1991,40221
Mauritania,1,$,2000,40186
Trinidad and Tobago,1,$,2009,40131
British Virgin Isls.,1,$,2000,40035
Kuwait,1,$,2018,39989
Burundi,1,$,2021,39981
Namibia,1,$,1993,39908
Jamaica,1,$,2019,39837
Cabo Verde,1,$,1990,39778
Netherlands Antilles,1,$,2000,39774
Luxembourg,1,$,2005,39767
Christmas Island,1,$,2007,39756
Trinidad and Tobago,1,$,2025,39719
Sierra Leone,1,$,2023,39704
Sierra Leone,1,$,2024,39704
French West Indies,1,$,2023,39647
French West Indies,1,$,2024,39647
Papua New Guinea,1,$,1997,39578
Cook Islands,1,$,1991,39575
Dominica,1,$,2022,39565
Syria,1,$,2021,39522
Marshall islands,1,$,2021,39399
Mali,1,$,2016,39393
Mali,1,$,2017,39369
Nauru,1,$,2022,39367
Antigua and Barbuda,1,$,1994,39048
Nauru,1,$,2010,39005
Cameroon,1,$,1990,38719
Barbados,1,$,2009,38662
French West Indies,1,$,2025,38408
Burundi,1,$,2022,38388
Br Indian Ocean Territory,1,$,1998,38282
Venezuela,1,$,2020,38061
New Caledonia,1,$,2007,38022
Togo,1,$,2021,37878
Bahamas,1,$,1989,37428
Mauritania,1,$,2010,37403
Guinea,1,$,2002,37247
Senegal,1,$,1991,37217
Togo,1,$,2016,37171
Western Samoa,1,$,2021,36916
Kyrgyzstan,1,$,2012,36801
British Virgin Isls.,1,$,2011,36729
Barbados,1,$,2011,36712
Burkina Faso,1,$,2004,36680
Cocos (Keeling) Islands,1,$,2002,36575
Uganda,1,$,2021,36407
Jamaica,1,$,2017,36319
Bahrain,1,$,2017,36058
Heard Isl & McDonald Isl,1,$,1994,35740
Mali,1,$,2023,35710
Mali,1,$,2024,35710
Algeria,1,$,1991,35559
Marshall islands,1,$,1998,35520
Cook Islands,1,$,2002,35454
,1,$,1989,35417
Tajikistan,1,$,2021,35056
Qatar,1,$,2014,34972
Paraguay,1,$,2016,34918
Somalia,1,$,1998,34788
Br Indian Ocean Territory,1,$,2003,34735
Suriname,1,$,2002,34687
British Virgin Isls.,1,$,2004,34674
Kuwait,1,$,2025,34666
St Vincent/Grenadines,1,$,2000,34587
Burkina Faso,1,$,2017,34568
Cote D’Ivoire,1,$,2012,34408
Equatorial Guinea,1,$,1995,34350
Western Samoa,1,$,1999,34312
Senegal,1,$,2007,34181
Cook Islands,1,$,2013,34177
Netherlands Antilles,1,$,2008,34173
St Kitts and Nevis,1,$,2006,34009
Guinea,1,$,2025,33904
Niger,1,$,2020,33783
French Indian Ocean Areas,1,$,1992,33732
Seychelles,1,$,2008,33697
Christmas Island,1,$,2022,33574
Armenia,1,$,1994,33543
Uganda,1,$,2025,33532
Christmas Island,1,$,1997,33500
Bahamas,1,$,1992,33476
Federated States of Mic,1,$,2022,33442
Guinea,1,$,1998,33381
Guinea,1,$,2001,33359
Niger,1,$,2001,33197
Cote D’Ivoire,1,$,1995,33078
Bahamas,1,$,2025,33074
Cook Islands,1,$,2000,32715
Bahrain,1,$,2020,32684
Guinea,1,$,1989,32680
Bermuda,1,$,1990,32606
Senegal,1,$,2018,32526
Uganda,1,$,2020,32329
Gambia,1,$,2000,32263
Senegal,1,$,1999,32191
St Vincent/Grenadines,1,$,2015,32103
Jamaica,1,$,2020,32086
Iraq,1,$,2010,32000
St Kitts and Nevis,1,$,2013,31864
"Congo, Democratic Republic of",1,$,2008,31795
Niger,1,$,1996,31754
Bahamas,1,$,2010,31409
Nigeria,1,$,2002,31378
Eritrea,1,$,2023,31349
Eritrea,1,$,2024,31349
St Vincent/Grenadines,1,$,2018,31341
Djibouti,1,$,2019,31190
Nauru,1,$,2018,31164
Dominica,1,$,1997,31150
Mali,1,$,2009,31088
Mali,1,$,2007,31061
St Lucia,1,$,2022,31050
Gabon,1,$,1990,30919
Cyprus,1,$,2021,30753
Falkland Islands,1,$,1997,30660
Jamaica,1,$,2013,30481
New Caledonia,1,$,2016,30456
Mauritania,1,$,2019,30442
Nigeria,1,$,2013,30432
French Polynesia,1,$,2000,30412
Cambodia,1,$,1989,30388
Cote D’Ivoire,1,$,2000,30360
Latvia,1,$,1992,30277
Federated States of Mic,1,$,2017,30158
Bahamas,1,$,1997,30126
French West Indies,1,$,2014,30111
British Virgin Isls.,1,$,2010,30102
Senegal,1,$,1995,30072
Cocos (Keeling) Islands,1,$,1994,30063
Somalia,1,$,1990,29898
Kuwait,1,$,2019,29896
St Kitts and Nevis,1,$,2012,29857
Tajikistan,1,$,2022,29730
Cameroon,1,$,2022,29687
Gambia,1,$,1995,29525
Mali,1,$,2022,29453
St Vincent/Grenadines,1,$,2021,29444
French West Indies,1,$,2008,29404
Sudan,1,$,1990,29357
Guinea,1,$,2005,29260
Venezuela,1,$,2019,29212
Jamaica,1,$,2021,29211
Comoros,1,$,1996,29100
Mayotte,1,$,2019,28999
Azerbaijan,1,$,2023,28915
Azerbaijan,1,$,2024,28915
Cote D’Ivoire,1,$,1999,28865
Cayman Islands,1,$,2011,28746
Yemen,1,$,2020,28715
Cote D’Ivoire,1,$,2009,28706
Grenada,1,$,1999,28596
Yugoslavia,1,$,1999,28596
Yugoslavia [2],1,$,1999,28596
British Virgin Isls.,1,$,1993,28576
Kuwait,1,$,2014,28534
Netherlands Antilles,1,$,1994,28492
Qatar,1,$,2017,28477
Bahamas,1,$,1996,28419
Kuwait,1,$,1991,28379
Nauru,1,$,2020,28376
Senegal,1,$,2001,28322
Guinea,1,$,2008,28299
Qatar,1,$,2009,28154
Kiribati (Gilbert Isl),1,$,1990,28020
Mali,1,$,2001,27932
Antigua and Barbuda,1,$,2005,27907
Somalia,1,$,1999,27882
Tajikistan,1,$,1995,27855
Cook Islands,1,$,2007,27831
Zambia,1,$,2004,27817
Cote D’Ivoire,1,$,2008,27810
Bahrain,1,$,2021,27751
Senegal,1,$,2010,27749
Syria,1,$,2025,27700
Papua New Guinea,1,$,2025,27664
Iceland,1,$,2013,27612
Br Indian Ocean Territory,1,$,2015,27467
Mauritania,1,$,2002,27326
Ethiopia,1,$,1998,27323
Bahamas,1,$,2007,27256
Belize,1,$,2018,27121
British Virgin Isls.,1,$,1989,27108
Bahamas,1,$,2017,27069
Nigeria,1,$,2009,26903
Suriname,1,$,2006,26881
Norfolk Island,1,$,2012,26790
Togo,1,$,2022,26789
St Helena,1,$,2010,26671
Cote D’Ivoire,1,$,1996,26542
Cocos (Keeling) Islands,1,$,2016,26487
French Polynesia,1,$,1989,26481
Cabo Verde,1,$,2020,26445
Afghanistan,1,$,2013,26432
St Helena,1,$,1996,26358
Guinea,1,$,2011,26309
Chad,1,$,2004,26153
St Vincent/Grenadines,1,$,2004,26103
Liberia,1,$,2011,26004
Mozambique,1,$,2010,25984
Niger,1,$,2009,25978
Togo,1,$,2007,25960
Papua New Guinea,1,$,2011,25785
Anguilla,1,$,2016,25720
Mongolia,1,$,1990,25715
Gambia,1,$,1997,25709
Mali,1,$,2000,25662
French West Indies,1,$,2003,25605
Dominica,1,$,2006,25600
Cameroon,1,$,2023,25594
Cameroon,1,$,2024,25594
Cayman Islands,1,$,2012,25403
Sierra Leone,1,$,1990,25299
Mali,1,$,1998,25213
Kyrgyzstan,1,$,2007,25143
Br Indian Ocean Territory,1,$,2002,25111
Jamaica,1,$,2016,25111
Barbados,1,$,2022,25109
Ghana,1,$,1989,25074
Afghanistan,1,$,2012,25067
Burkina Faso,1,$,2014,25008
Bahamas,1,$,2022,24961
Dominica,1,$,2023,24957
Dominica,1,$,2024,24957
Saudi Arabia,1,$,1990,24837
Papua New Guinea,1,$,2022,24768
Bahamas,1,$,2014,24668
Togo,1,$,2018,24484
Gabon,1,$,2017,24476
Suriname,1,$,2005,24340
Luxembourg,1,$,2022,24287
Christmas Island,1,$,2009,24278
Latvia,1,$,1993,24251
Aruba,1,$,2015,24249
Netherlands Antilles,1,$,2009,24105
Trinidad and Tobago,1,$,2019,24015
Kuwait,1,$,2010,24010
Kuwait,1,$,2009,23947
New Caledonia,1,$,1996,23880
Bahamas,1,$,2006,23843
Luxembourg,1,$,2017,23788
Togo,1,$,2020,23784
Western Samoa,1,$,2019,23779
Senegal,1,$,2009,23589
Cook Islands,1,$,2004,23523
Guinea,1,$,2023,23450
Guinea,1,$,2024,23450
Tonga,1,$,2023,23410
Tonga,1,$,2024,23410
Cook Islands,1,$,2012,23373
Papua New Guinea,1,$,2017,23370
Togo,1,$,2011,23361
Aruba,1,$,1989,23340
Sao Tome and Principe,1,$,1999,23284
French Polynesia,1,$,2023,23273
French Polynesia,1,$,2024,23273
Mali,1,$,1994,23168
Jamaica,1,$,2014,23160
Suriname,1,$,2017,23133
Senegal,1,$,2012,23111
Mali,1,$,2019,23101
Suriname,1,$,1991,23092
Mali,1,$,2025,23065
Bahamas,1,$,2023,22925
Bahamas,1,$,2024,22925
Cote D’Ivoire,1,$,2022,22916
French Indian Ocean Areas,1,$,2021,22905
Kazakhstan,1,$,1993,22851
Gambia,1,$,2019,22782
Afghanistan,1,$,2011,22780
Seychelles,1,$,1995,22523
Heard Isl & McDonald Isl,1,$,2017,22514
Kuwait,1,$,2013,22470
Br Indian Ocean Territory,1,$,1995,22437
Cyprus,1,$,2022,22251
Barbados,1,$,2015,22241
Jamaica,1,$,2015,22157
Afghanistan,1,$,2015,22107
Aruba,1,$,1996,22048
French Polynesia,1,$,2005,21974
French West Indies,1,$,2009,21953
Gambia,1,$,1998,21881
Br Indian Ocean Territory,1,$,2013,21869
Iceland,1,$,2014,21850
Tokelau Islands,1,$,2015,21823
Yemen,1,$,2019,21742
Suriname,1,$,2018,21702
Senegal,1,$,2003,21658
Mali,1,$,2014,21638
Chad,1,$,2025,21521
Mauritania,1,$,2016,21439
French West Indies,1,$,1999,21393
Namibia,1,$,2011,21190
Turkmenistan,1,$,2020,21132
Bahamas,1,$,2004,21094
Papua New Guinea,1,$,2000,21044
Niue,1,$,1998,21004
Guinea,1,$,2009,20907
Seychelles,1,$,2011,20850
Yemen,1,$,2023,20818
Yemen,1,$,2024,20818
Montserrat,1,$,2002,20807
Cook Islands,1,$,2015,20738
Kiribati (Gilbert Isl),1,$,2012,20665
French West Indies,1,$,1995,20565
Oman,1,$,2025,20518
Montenegro,1,$,2009,20444
Afghanistan,1,$,1991,20418
Georgia,1,$,2007,20384
Niger,1,$,2021,20365
Bahamas,1,$,2009,20319
Afghanistan,1,$,1990,20278
Eritrea,1,$,2009,20223
French Polynesia,1,$,1991,20217
Br Indian Ocean Territory,1,$,2018,20202
Tokelau Islands,1,$,2019,20202
Kuwait,1,$,2016,20160
Luxembourg,1,$,2016,20143
Guinea,1,$,2010,20141
Cyprus,1,$,2025,20077
Solomon Islands,1,$,1990,20058
Cote D’Ivoire,1,$,2025,20056
Anguilla,1,$,1998,20050
Nauru,1,$,2019,19986
Nauru,1,$,2005,19977
Br Indian Ocean Territory,1,$,2006,19929
Dominica,1,$,2002,19755
Bosnia-Hercegovina,1,$,1998,19752
Mauritania,1,$,2018,19741
Barbados,1,$,2013,19718
Sao Tome and Principe,1,$,2017,19666
Syria,1,$,2019,19634
"Turks, Caicos Isls.",1,$,2022,19619
Suriname,1,$,2001,19561
Christmas Island,1,$,2016,19560
Eritrea,1,$,2025,19548
Norfolk Island,1,$,1993,19500
Kuwait,1,$,2020,19497
Qatar,1,$,2022,19461
Nauru,1,$,2014,19438
Barbados,1,$,2020,19426
Bermuda,1,$,2025,19345
Senegal,1,$,2008,19267
French Polynesia,1,$,1998,19135
Cocos (Keeling) Islands,1,$,2004,19087
New Caledonia,1,$,2017,19086
Bermuda,1,$,2019,19064
Cote D’Ivoire,1,$,2013,19020
Senegal,1,$,2017,19017
Tanzania,1,$,1992,18995
Christmas Island,1,$,2018,18981
Cabo Verde,1,$,2012,18967
Liberia,1,$,1998,18956
Christmas Island,1,$,2004,18879
Turkmenistan,1,$,2025,18809
Algeria,1,$,2025,18796
Cocos (Keeling) Islands,1,$,2023,18714
Cocos (Keeling) Islands,1,$,2024,18714
British Virgin Isls.,1,$,1995,18700
Anguilla,1,$,2008,18634
Montserrat,1,$,1992,18536
Gambia,1,$,1991,18512
Guinea,1,$,2021,18492
Togo,1,$,2015,18476
Trinidad and Tobago,1,$,2010,18430
Solomon Islands,1,$,2019,18429
Mali,1,$,2013,18417
Gambia,1,$,2005,18354
Solomon Islands,1,$,2014,18354
Niger,1,$,2000,18254
Gambia,1,$,2004,18245
Uzbekistan,1,$,1992,18225
Niue,1,$,2005,18076
Marshall islands,1,$,2005,17890
Papua New Guinea,1,$,2019,17859
Saudi Arabia,1,$,1992,17853
Kuwait,1,$,2007,17851
Burkina Faso,1,$,2009,17832
Montserrat,1,$,2001,17631
Gambia,1,$,2007,17609
Cayman Islands,1,$,2008,17591
Central African Rep.,1,$,1994,17582
Cook Islands,1,$,2009,17560
Kuwait,1,$,2008,17515
Senegal,1,$,2002,17366
Tajikistan,1,$,2005,17288
"Congo, Democratic Republic of",1,$,2018,17287
Guinea,1,$,2004,17264
Sao Tome and Principe,1,$,2019,17246
Guinea,1,$,2015,17165
Luxembourg,1,$,2000,17084
Bahamas,1,$,1995,17083
French Polynesia,1,$,1990,17060
Montserrat,1,$,1996,17017
Cocos (Keeling) Islands,1,$,2022,17000
Rwanda,1,$,1999,17000
Anguilla,1,$,1997,16974
Namibia,1,$,2010,16880
Gambia,1,$,2001,16745
Cayman Islands,1,$,2002,16678
Senegal,1,$,2011,16606
Suriname,1,$,2008,16508
Guinea,1,$,2012,16474
Afghanistan,1,$,1989,16441
Niue,1,$,2001,16324
Anguilla,1,$,2021,16320
Luxembourg,1,$,2021,16298
Mali,1,$,1993,16269
St Helena,1,$,1998,16261
Kyrgyzstan,1,$,1993,16247
French Polynesia,1,$,2019,16241
Nauru,1,$,2017,16235
Trinidad and Tobago,1,$,2014,16226
Cote D’Ivoire,1,$,2020,16198
Iraq,1,$,2021,16087
Niger,1,$,2022,15994
Uzbekistan,1,$,1994,15870
Bahamas,1,$,1999,15834
Bermuda,1,$,2012,15832
British Virgin Isls.,1,$,2013,15756
Cook Islands,1,$,2023,15739
Cook Islands,1,$,2024,15739
French Polynesia,1,$,1999,15695
Venezuela,1,$,2016,15683
Liberia,1,$,2014,15675
Br Indian Ocean Territory,1,$,2021,15603
Guinea,1,$,2022,15516
French Polynesia,1,$,2016,15445
Federated States of Mic,1,$,2011,15370
French Polynesia,1,$,1995,15351
Kyrgyzstan,1,$,2010,15320
Cyprus,1,$,2023,15309
Cyprus,1,$,2024,15309
Netherlands Antilles,1,$,2010,15274
Kuwait,1,$,2021,15252
Guinea,1,$,2013,15195
French West Indies,1,$,2015,15192
Bermuda,1,$,2021,15157
Guinea,1,$,2007,14984
Mali,1,$,2006,14937
Gabon,1,$,1996,14925
Solomon Islands,1,$,2001,14908
Cayman Islands,1,$,2007,14898
Gambia,1,$,2002,14818
Burundi,1,$,1995,14807
Syria,1,$,2023,14806
Syria,1,$,2024,14806
Togo,1,$,2003,14805
Cook Islands,1,$,2019,14730
Togo,1,$,1999,14681
Namibia,1,$,2023,14680
Namibia,1,$,2024,14680
Comoros,1,$,2006,14674
Niger,1,$,2025,14612
Cambodia,1,$,1994,14590
Marshall islands,1,$,2018,14585
Tajikistan,1,$,2019,14547
Tajikistan,1,$,1996,14544
Jamaica,1,$,2010,14541
Mauritania,1,$,2007,14514
Kazakhstan,1,$,2010,14487
Gambia,1,$,2006,14420
Western Samoa,1,$,2022,14413
Mali,1,$,2005,14377
Cabo Verde,1,$,2008,14351
Anguilla,1,$,1990,14280
Somalia,1,$,2018,14255
Barbados,1,$,2019,14232
Curacao,1,$,2025,14180
Belize,1,$,2016,14166
Cayman Islands,1,$,1997,14161
Niger,1,$,2003,14110
Papua New Guinea,1,$,2004,14080
Guinea,1,$,2020,14079
New Caledonia,1,$,2018,14079
Qatar,1,$,2023,14074
Qatar,1,$,2024,14074
Trinidad and Tobago,1,$,2012,14001
French West Indies,1,$,2013,13978
Cameroon,1,$,1989,13855
Federated States of Mic,1,$,2023,13849
Federated States of Mic,1,$,2024,13849
Afghanistan,1,$,2005,13843
Western Samoa,1,$,2023,13753
Western Samoa,1,$,2024,13753
Luxembourg,1,$,2012,13721
Senegal,1,$,2016,13669
Tajikistan,1,$,2020,13583
Anguilla,1,$,2009,13547
Mauritania,1,$,2015,13536
Burkina Faso,1,$,2000,13524
Solomon Islands,1,$,1989,13463
Belize,1,$,2015,13282
Bahamas,1,$,2001,13267
Mali,1,$,2004,13245
Mauritania,1,$,1994,13151
Luxembourg,1,$,2019,13137
Luxembourg,1,$,2011,13092
Luxembourg,1,$,2015,13067
Sint Maarten,1,$,2014,13053
French Indian Ocean Areas,1,$,2025,13047
Sao Tome and Principe,1,$,2007,13027
Kyrgyzstan,1,$,1996,13008
Western Samoa,1,$,2009,12986
Uganda,1,$,2001,12975
Tajikistan,1,$,2018,12938
Bahamas,1,$,1998,12899
Antigua and Barbuda,1,$,2006,12889
French Polynesia,1,$,1996,12881
Bermuda,1,$,2005,12809
Papua New Guinea,1,$,2010,12800
Bermuda,1,$,1991,12780
Cote D’Ivoire,1,$,2007,12766
French West Indies,1,$,1994,12734
Tonga,1,$,2016,12715
Br Indian Ocean Territory,1,$,2019,12669
St Kitts and Nevis,1,$,2005,12614
Iraq,1,$,2015,12560
Niger,1,$,2013,12512
Uzbekistan,1,$,2017,12494
Tokelau Islands,1,$,1993,12482
Cabo Verde,1,$,2009,12465
Grenada,1,$,2000,12434
Yugoslavia,1,$,2000,12434
Yugoslavia [2],1,$,2000,12434
Mali,1,$,1996,12368
Suriname,1,$,2022,12365
Bahamas,1,$,2015,12325
Papua New Guinea,1,$,2005,12283
French Polynesia,1,$,2018,12265
Somalia,1,$,2008,12246
Gambia,1,$,1999,12217
Botswana,1,$,1992,12215
Aruba,1,$,2021,12211
Antigua and Barbuda,1,$,2007,12174
French West Indies,1,$,2010,12155
Rwanda,1,$,2008,12151
Guinea,1,$,1999,12120
Eritrea,1,$,2021,12105
Bermuda,1,$,2013,12082
Kazakhstan,1,$,2008,12073
Kyrgyzstan,1,$,2008,12037
Yemen,1,$,2013,12034
Senegal,1,$,1989,11993
Gambia,1,$,2010,11949
Bahamas,1,$,2008,11948
"Turks, Caicos Isls.",1,$,2015,11937
French Polynesia,1,$,2020,11881
Suriname,1,$,2020,11868
Western Samoa,1,$,2010,11853
"Congo, Republic of",1,$,2021,11806
Mauritania,1,$,2008,11777
Cote D’Ivoire,1,$,2018,11752
Montenegro,1,$,2021,11712
French West Indies,1,$,2017,11596
"Congo, Democratic Republic of",1,$,1991,11549
Liberia,1,$,2019,11530
Niger,1,$,2008,11511
Jamaica,1,$,2025,11489
Dominica,1,$,1998,11459
Rwanda,1,$,2012,11380
Guinea,1,$,1994,11364
Guinea,1,$,2003,11358
Cook Islands,1,$,1996,11355
Dominica,1,$,2001,11318
Lithuania,1,$,1992,11309
Sierra Leone,1,$,1992,11277
Trinidad and Tobago,1,$,2021,11245
Seychelles,1,$,2023,11244
Seychelles,1,$,2024,11244
French Indian Ocean Areas,1,$,2005,11189
Georgia,1,$,2008,11189
Iraq,1,$,2023,11058
Iraq,1,$,2024,11058
Seychelles,1,$,1994,10994
Syria,1,$,2017,10932
Albania,1,$,2000,10911
Uzbekistan,1,$,2015,10910
Pitcairn Island,1,$,1998,10886
Syria,1,$,2020,10855
Uganda,1,$,1998,10824
Togo,1,$,2006,10810
Trinidad and Tobago,1,$,2015,10774
Aruba,1,$,2016,10697
Cayman Islands,1,$,2015,10657
Togo,1,$,2010,10637
Senegal,1,$,2004,10620
St Kitts and Nevis,1,$,2018,10600
Namibia,1,$,2021,10505
Dominica,1,$,2003,10485
French Indian Ocean Areas,1,$,2009,10459
Qatar,1,$,2018,10458
Br Indian Ocean Territory,1,$,1994,10428
Guinea,1,$,2017,10425
Guinea,1,$,2014,10420
Burkina Faso,1,$,2016,10390
Burkina Faso,1,$,2005,10359
Gambia,1,$,1996,10342
French West Indies,1,$,1998,10325
Namibia,1,$,2014,10317
Armenia,1,$,1995,10288
Luxembourg,1,$,2014,10284
Montenegro,1,$,2025,10276
Sierra Leone,1,$,1996,10266
Seychelles,1,$,2005,10234
Kosovo,1,$,2019,10215
Heard Isl & McDonald Isl,1,$,1989,10210
Gambia,1,$,2003,10119
Paraguay,1,$,2001,10109
Gibraltar,1,$,1992,10083
"Korea, North",1,$,1991,10068
Federated States of Mic,1,$,2012,10020
Zambia,1,$,2021,10020
Trinidad and Tobago,1,$,2016,10014
Gabon,1,$,2014,10013
Cocos (Keeling) Islands,1,$,2006,9974
Trinidad and Tobago,1,$,2018,9899
Afghanistan,1,$,2008,9873
Burkina Faso,1,$,2019,9866
Tajikistan,1,$,2012,9835
Antigua and Barbuda,1,$,1993,9778
French Polynesia,1,$,2008,9741
Papua New Guinea,1,$,2018,9731
Togo,1,$,2012,9695
"Congo, Republic of",1,$,2004,9693
French Polynesia,1,$,1992,9657
Suriname,1,$,2016,9617
Burkina Faso,1,$,2023,9616
Burkina Faso,1,$,2024,9616
French Polynesia,1,$,2010,9598
Cayman Islands,1,$,2001,9568
Cambodia,1,$,1992,9557
French West Indies,1,$,2016,9533
Trinidad and Tobago,1,$,2017,9525
Falkland Islands,1,$,1989,9519
Sint Maarten,1,$,2022,9518
Suriname,1,$,2011,9512
Guinea,1,$,2019,9403
French Indian Ocean Areas,1,$,2022,9375
Somalia,1,$,2000,9363
"Congo, Democratic Republic of",1,$,1989,9360
French Polynesia,1,$,1997,9293
Nauru,1,$,2007,9261
Rwanda,1,$,2009,9251
Curacao,1,$,2020,9233
Suriname,1,$,2012,9202
Cook Islands,1,$,2001,9166
Liberia,1,$,2015,9151
Bahamas,1,$,1990,9086
Albania,1,$,2003,9030
St Pierre / Miquelon,1,$,1993,9011
Nauru,1,$,2015,9005
Burundi,1,$,2006,9001
Bahamas,1,$,2003,8995
Namibia,1,$,2019,8957
Antigua and Barbuda,1,$,2020,8934
Cayman Islands,1,$,2014,8882
Norfolk Island,1,$,1991,8820
Syria,1,$,2018,8810
Western Samoa,1,$,2012,8786
Yemen,1,$,1999,8755
Yemen,1,$,2016,8731
Papua New Guinea,1,$,1993,8705
Grenada,1,$,2016,8700
Montserrat,1,$,2018,8689
Liberia,1,$,2002,8678
Mali,1,$,1989,8654
British Virgin Isls.,1,$,2009,8602
Afghanistan,1,$,1997,8570
Papua New Guinea,1,$,2023,8514
Papua New Guinea,1,$,2024,8514
Yemen,1,$,2007,8503
Burundi,1,$,2000,8462
Yemen,1,$,2012,8401
Yemen,1,$,2006,8324
Bermuda,1,$,2007,8293
Liberia,1,$,2022,8287
Liberia,1,$,2021,8246
French Indian Ocean Areas,1,$,2019,8245
New Caledonia,1,$,2023,8240
New Caledonia,1,$,2024,8240
Cayman Islands,1,$,2004,8236
Suriname,1,$,2025,8235
Oman,1,$,2021,8209
French Polynesia,1,$,2011,8170
Oman,1,$,2020,8143
Iran,1,$,2020,8134
St Kitts and Nevis,1,$,2015,8112
Central African Rep.,1,$,2023,8096
Central African Rep.,1,$,2024,8096
Montenegro,1,$,2020,8093
French Polynesia,1,$,2003,8022
Luxembourg,1,$,1990,8009
Federated States of Mic,1,$,2019,7995
Algeria,1,$,2012,7990
Azerbaijan,1,$,2025,7980
Iraq,1,$,2022,7957
Togo,1,$,2008,7932
Benin,1,$,1994,7895
Barbados,1,$,2016,7891
Guinea,1,$,2018,7877
Jamaica,1,$,2023,7863
Jamaica,1,$,2024,7863
Aruba,1,$,2020,7816
Guinea,1,$,1992,7807
French Polynesia,1,$,2009,7667
French West Indies,1,$,2019,7659
Azerbaijan,1,$,2021,7637
Luxembourg,1,$,1992,7634
Cook Islands,1,$,1998,7614
Solomon Islands,1,$,2020,7606
Maldive Islands,1,$,2022,7602
Bhutan,1,$,2019,7585
French West Indies,1,$,2011,7573
Sint Maarten,1,$,2019,7571
Central African Rep.,1,$,2005,7566
Comoros,1,$,2010,7560
Qatar,1,$,2012,7550
Zambia,1,$,2022,7549
St Kitts and Nevis,1,$,2020,7547
Grenada,1,$,2015,7520
Federated States of Mic,1,$,2020,7514
French Polynesia,1,$,2015,7496
Burkina Faso,1,$,2010,7468
French Polynesia,1,$,2007,7464
Gambia,1,$,1990,7452
Burkina Faso,1,$,1994,7445
Western Samoa,1,$,2020,7436
Djibouti,1,$,2021,7435
Senegal,1,$,2013,7415
Afghanistan,1,$,2014,7412
Niger,1,$,2015,7407
Aruba,1,$,1991,7398
British Virgin Isls.,1,$,2014,7396
French Indian Ocean Areas,1,$,1991,7375
Afghanistan,1,$,2007,7373
Federated States of Mic,1,$,2010,7369
Federated States of Mic,1,$,2025,7365
French West Indies,1,$,2012,7357
Greenland,1,$,1994,7350
"Congo, Democratic Republic of",1,$,2021,7345
Tajikistan,1,$,2015,7330
Iraq,1,$,2009,7320
Comoros,1,$,2012,7314
Gabon,1,$,2025,7312
Uzbekistan,1,$,2014,7300
Guinea,1,$,2006,7243
Yemen,1,$,2009,7212
Afghanistan,1,$,2009,7165
Antigua and Barbuda,1,$,2019,7154
Solomon Islands,1,$,2016,7150
Curacao,1,$,2014,7144
Bermuda,1,$,1995,7103
Niger,1,$,2019,7088
Tokelau Islands,1,$,2021,7029
Aruba,1,$,2017,6990
French Indian Ocean Areas,1,$,2020,6987
Mayotte,1,$,2017,6980
Senegal,1,$,1990,6968
Mauritania,1,$,1997,6896
Guinea-Bissau,1,$,2025,6870
Guinea,1,$,1997,6869
Tanzania,1,$,2001,6851
Somalia,1,$,2007,6846
"Congo, Republic of",1,$,2018,6830
Afghanistan,1,$,1999,6823
Montserrat,1,$,2000,6800
Somalia,1,$,2004,6798
French Polynesia,1,$,2004,6725
Falkland Islands,1,$,1990,6722
Afghanistan,1,$,1993,6714
Tonga,1,$,2022,6642
Uganda,1,$,1989,6612
Bermuda,1,$,2015,6603
St Lucia,1,$,2017,6595
Curacao,1,$,2012,6587
Tonga,1,$,2010,6558
French Polynesia,1,$,2001,6557
Solomon Islands,1,$,2018,6483
Angola,1,$,2021,6478
Bermuda,1,$,1993,6441
Tonga,1,$,2020,6372
Nauru,1,$,2011,6329
Montenegro,1,$,2014,6326
Yemen,1,$,2010,6322
Western Samoa,1,$,2025,6319
French West Indies,1,$,2004,6312
Luxembourg,1,$,2013,6299
Gambia,1,$,2012,6272
French Polynesia,1,$,2006,6269
Burkina Faso,1,$,1996,6241
Uzbekistan,1,$,2011,6222
Federated States of Mic,1,$,2014,6220
"Congo, Democratic Republic of",1,$,2025,6183
Bermuda,1,$,1989,6175
Bahamas,1,$,2012,6093
Federated States of Mic,1,$,2007,6092
French West Indies,1,$,2002,6015
Gabon,1,$,2022,6008
Djibouti,1,$,2014,6000
Grenada,1,$,2023,5984
Grenada,1,$,2024,5984
Suriname,1,$,2019,5975
Niger,1,$,2004,5969
Iran,1,$,1991,5953
New Caledonia,1,$,2014,5951
Curacao,1,$,2021,5940
New Caledonia,1,$,2020,5938
Niger,1,$,2007,5924
Cook Islands,1,$,1993,5905
Namibia,1,$,2020,5884
Tajikistan,1,$,2000,5858
Benin,1,$,2005,5800
St Kitts and Nevis,1,$,2023,5784
St Kitts and Nevis,1,$,2024,5784
New Caledonia,1,$,2021,5760
Gambia,1,$,2009,5759
Burundi,1,$,1996,5746
French West Indies,1,$,1997,5728
Bhutan,1,$,2010,5722
Br Indian Ocean Territory,1,$,2008,5714
Gambia,1,$,2022,5714
Tonga,1,$,2018,5705
Guinea-Bissau,1,$,2023,5700
Guinea-Bissau,1,$,2024,5700
Cayman Islands,1,$,1996,5694
Burundi,1,$,2016,5680
Guinea,1,$,1993,5669
"Turks, Caicos Isls.",1,$,2007,5661
Burkina Faso,1,$,1989,5656
Eritrea,1,$,2015,5633
Mauritania,1,$,2014,5607
Anguilla,1,$,2013,5582
French Polynesia,1,$,2012,5561
Bermuda,1,$,2008,5550
Guinea,1,$,1996,5527
Kazakhstan,1,$,2019,5525
Bermuda,1,$,2010,5494
French Polynesia,1,$,2002,5451
French Polynesia,1,$,2021,5405
French West Indies,1,$,2020,5400
Luxembourg,1,$,2009,5351
Ethiopia,1,$,2000,5333
Christmas Island,1,$,2023,5317
Christmas Island,1,$,2024,5317
French West Indies,1,$,2001,5306
Cameroon,1,$,2001,5294
Sint Maarten,1,$,2016,5277
Tuvalu,1,$,1993,5264
Bermuda,1,$,2016,5229
Tajikistan,1,$,2007,5199
Niger,1,$,2016,5196
Belize,1,$,2021,5195
Kosovo,1,$,2012,5145
Eswatini (formerly Swaziland),1,$,2019,5142
Yemen,1,$,2008,5138
Montenegro,1,$,2022,5080
Gambia,1,$,2021,5072
Marshall islands,1,$,2017,5048
Liberia,1,$,2003,5045
Mali,1,$,1992,5031
Barbados,1,$,2021,5020
French Guiana,1,$,1992,5020
Wallis and Futuna,1,$,2017,5009
Cook Islands,1,$,2014,5000
Gibraltar,1,$,2015,5000
Montenegro,1,$,2018,4992
French Indian Ocean Areas,1,$,2006,4972
Eritrea,1,$,2006,4958
Burkina Faso,1,$,1998,4953
Montenegro,1,$,2015,4952
Suriname,1,$,2014,4947
Tonga,1,$,2025,4928
Dominica,1,$,2025,4868
Chad,1,$,2006,4830
Western Samoa,1,$,2015,4795
Benin,1,$,1992,4785
Uzbekistan,1,$,2013,4766
Niger,1,$,2002,4755
Mauritania,1,$,2012,4720
Br Indian Ocean Territory,1,$,1999,4718
Tajikistan,1,$,2014,4707
Bhutan,1,$,2003,4690
Niger,1,$,1993,4688
Maldive Islands,1,$,2025,4686
Luxembourg,1,$,2007,4666
Mauritania,1,$,2004,4663
Iraq,1,$,1990,4647
St Kitts and Nevis,1,$,2004,4630
Somalia,1,$,2002,4621
Afghanistan,1,$,2010,4609
Iraq,1,$,2004,4600
Luxembourg,1,$,2020,4593
Qatar,1,$,2020,4563
Antigua and Barbuda,1,$,2015,4554
Maldive Islands,1,$,2023,4535
Maldive Islands,1,$,2024,4535
Bermuda,1,$,2011,4534
Kazakhstan,1,$,2021,4526
Sint Maarten,1,$,2018,4524
Algeria,1,$,2007,4523
Niger,1,$,1998,4513
Antigua and Barbuda,1,$,1991,4504
Antigua and Barbuda,1,$,2001,4490
Kiribati (Gilbert Isl),1,$,1992,4490
Federated States of Mic,1,$,2015,4486
French Indian Ocean Areas,1,$,2015,4479
Somalia,1,$,2019,4475
Sint Maarten,1,$,2017,4455
St Helena,1,$,2005,4408
Laos,1,$,1990,4394
Liberia,1,$,2020,4360
Montserrat,1,$,1997,4359
Benin,1,$,1998,4351
Montserrat,1,$,2013,4317
Yemen,1,$,2015,4298
Bermuda,1,$,2022,4292
Burkina Faso,1,$,2003,4290
Suriname,1,$,2009,4290
Liberia,1,$,1990,4277
Bhutan,1,$,2008,4255
Tajikistan,1,$,2009,4214
French West Indies,1,$,2018,4212
Gabon,1,$,2006,4182
Liberia,1,$,2013,4180
Angola,1,$,2020,4153
Br Indian Ocean Territory,1,$,1991,4135
Bahamas,1,$,2000,4134
French Guiana,1,$,2004,4110
Liberia,1,$,2016,4110
Aruba,1,$,2001,4109
Gabon,1,$,2023,4107
Gabon,1,$,2024,4107
Vanuatu,1,$,2021,4102
Seychelles,1,$,1997,4096
Afghanistan,1,$,2000,4092
Togo,1,$,2002,4090
Mayotte,1,$,2007,4087
Nauru,1,$,2013,4085
Br Indian Ocean Territory,1,$,2005,4080
Suriname,1,$,2015,4068
Niger,1,$,2010,4062
Liberia,1,$,1989,4038
Namibia,1,$,1990,4012
St Kitts and Nevis,1,$,2017,4000
Nauru,1,$,1992,3990
Togo,1,$,2014,3975
Nauru,1,$,2006,3971
Niger,1,$,2012,3961
"Congo, Republic of",1,$,2015,3960
Gambia,1,$,2017,3958
Comoros,1,$,2018,3940
Burkina Faso,1,$,2025,3934
British Virgin Isls.,1,$,2007,3905
Sao Tome and Principe,1,$,2010,3895
Niue,1,$,2000,3885
Dominica,1,$,2016,3882
Burkina Faso,1,$,1992,3875
Niger,1,$,1990,3875
Oman,1,$,2023,3871
Oman,1,$,2024,3871
Burkina Faso,1,$,2015,3866
Antigua and Barbuda,1,$,2008,3864
Zambia,1,$,2020,3861
French Polynesia,1,$,1994,3860
French Indian Ocean Areas,1,$,2004,3837
Guyana,1,$,2025,3818
French Guiana,1,$,2007,3813
Bermuda,1,$,1992,3805
French Polynesia,1,$,2025,3774
Niger,1,$,1991,3770
Gambia,1,$,2011,3750
Falkland Islands,1,$,1996,3748
St Kitts and Nevis,1,$,2025,3720
Benin,1,$,2017,3719
Mauritania,1,$,2013,3706
Eritrea,1,$,2005,3683
Tuvalu,1,$,2017,3683
Aruba,1,$,2009,3681
Maldive Islands,1,$,2017,3676
St Vincent/Grenadines,1,$,2002,3675
Burkina Faso,1,$,1995,3671
French Indian Ocean Areas,1,$,2011,3659
Qatar,1,$,2013,3657
Solomon Islands,1,$,2004,3654
"Turks, Caicos Isls.",1,$,2000,3649
Afghanistan,1,$,1992,3630
St Kitts and Nevis,1,$,2014,3630
British Virgin Isls.,1,$,2008,3620
Nauru,1,$,1999,3600
Maldive Islands,1,$,2021,3591
Gabon,1,$,2010,3589
Niger,1,$,2023,3563
Niger,1,$,2024,3563
Iraq,1,$,2011,3562
Cayman Islands,1,$,2025,3560
Gabon,1,$,2020,3543
Gabon,1,$,2021,3541
Togo,1,$,1990,3514
"Congo, Democratic Republic of",1,$,2019,3489
Papua New Guinea,1,$,2013,3477
Togo,1,$,2000,3468
"Congo, Democratic Republic of",1,$,2007,3450
French Polynesia,1,$,2017,3449
Yemen,1,$,2005,3419
Montenegro,1,$,2017,3405
Liberia,1,$,1996,3400
Uzbekistan,1,$,2016,3400
Cocos (Keeling) Islands,1,$,2008,3398
Aruba,1,$,2014,3390
Montenegro,1,$,2019,3385
Antigua and Barbuda,1,$,2023,3380
Antigua and Barbuda,1,$,2024,3380
Togo,1,$,2001,3351
French West Indies,1,$,2021,3347
Togo,1,$,2009,3343
Bhutan,1,$,2015,3342
Aruba,1,$,1994,3340
Gibraltar,1,$,2000,3321
St Vincent/Grenadines,1,$,2025,3297
Gabon,1,$,1994,3291
Suriname,1,$,2010,3289
Maldive Islands,1,$,2008,3285
Botswana,1,$,2018,3260
Burkina Faso,1,$,2001,3260
Norfolk Island,1,$,2015,3255
Montenegro,1,$,2013,3253
Seychelles,1,$,2009,3240
Togo,1,$,2013,3240
Gibraltar,1,$,2008,3228
Cook Islands,1,$,1992,3183
Libya,1,$,2009,3181
Tonga,1,$,2003,3180
Iran,1,$,2018,3170
Pitcairn Island,1,$,2019,3160
Mauritania,1,$,2009,3147
Liberia,1,$,2007,3143
Western Samoa,1,$,2008,3122
Montserrat,1,$,2010,3101
Bhutan,1,$,2020,3100
Yemen,1,$,2017,3100
Chad,1,$,2023,3083
Chad,1,$,2024,3083
Yemen,1,$,2018,3075
St Lucia,1,$,2010,3072
Angola,1,$,2014,3050
Azerbaijan,1,$,2011,3050
Cayman Islands,1,$,2009,3039
Qatar,1,$,2008,3030
Cayman Islands,1,$,2018,3022
Comoros,1,$,2016,3012
Antigua and Barbuda,1,$,1990,3008
Burkina Faso,1,$,2011,3003
Benin,1,$,2003,3001
"Congo, Democratic Republic of",1,$,2023,3000
"Congo, Democratic Republic of",1,$,2024,3000
St Kitts and Nevis,1,$,2008,3000
Ethiopia,1,$,1999,2996
Iran,1,$,2000,2996
Solomon Islands,1,$,2013,2975
Sao Tome and Principe,1,$,2021,2970
Algeria,1,$,1995,2966
East Timor,1,$,2014,2951
Trinidad and Tobago,1,$,2020,2943
Liberia,1,$,1997,2940
"Congo, Democratic Republic of",1,$,2012,2938
Wallis and Futuna,1,$,2021,2933
Bhutan,1,$,2011,2932
Federated States of Mic,1,$,2013,2920
French Indian Ocean Areas,1,$,2023,2905
French Indian Ocean Areas,1,$,2024,2905
Cocos (Keeling) Islands,1,$,1999,2904
Western Samoa,1,$,2014,2901
Tokelau Islands,1,$,2020,2900
Burundi,1,$,1991,2891
Tonga,1,$,2015,2889
Kazakhstan,1,$,2011,2867
Algeria,1,$,2023,2856
Algeria,1,$,2024,2856
Mauritania,1,$,1999,2838
Uganda,1,$,1991,2838
Dominica,1,$,2017,2832
Uganda,1,$,2023,2831
Uganda,1,$,2024,2831
Somalia,1,$,2006,2818
Rwanda,1,$,2007,2814
Greenland,1,$,2014,2813
Br Indian Ocean Territory,1,$,1996,2786
Solomon Islands,1,$,2015,2770
French West Indies,1,$,1996,2758
Kiribati (Gilbert Isl),1,$,2016,2740
Kiribati (Gilbert Isl),1,$,2022,2727
Gabon,1,$,1989,2700
Antigua and Barbuda,1,$,1997,2688
Zambia,1,$,2025,2664
French Polynesia,1,$,2013,2662
Trinidad and Tobago,1,$,2023,2661
Trinidad and Tobago,1,$,2024,2661
Benin,1,$,1993,2656
Benin,1,$,2011,2655
Tonga,1,$,2021,2641
Curacao,1,$,2018,2640
"Congo, Democratic Republic of",1,$,2000,2637
Marshall islands,1,$,2023,2637
Marshall islands,1,$,2024,2637
Sierra Leone,1,$,1997,2607
Bhutan,1,$,2017,2600
Yemen,1,$,2011,2600
Iraq,1,$,2025,2596
Antigua and Barbuda,1,$,2002,2577
Niger,1,$,1997,2575
Papua New Guinea,1,$,2002,2560
Gambia,1,$,2025,2558
Bhutan,1,$,1993,2543
Sint Maarten,1,$,2023,2532
Sint Maarten,1,$,2024,2532
Niger,1,$,2014,2529
St Lucia,1,$,2011,2514
Zambia,1,$,2023,2493
Zambia,1,$,2024,2493
Mozambique,1,$,2013,2491
Liberia,1,$,2000,2484
Luxembourg,1,$,2008,2482
Montenegro,1,$,2016,2456
Burundi,1,$,1994,2443
Anguilla,1,$,2017,2430
Palau,1,$,2016,2426
Somalia,1,$,2009,2410
Belize,1,$,2012,2409
Bermuda,1,$,2009,2395
British Virgin Isls.,1,$,2001,2395
Burkina Faso,1,$,2008,2372
Burkina Faso,1,$,2006,2371
Eritrea,1,$,2013,2368
Somalia,1,$,2023,2368
Somalia,1,$,2024,2368
Tonga,1,$,2006,2364
Montserrat,1,$,2020,2355
Uzbekistan,1,$,2012,2348
Suriname,1,$,1992,2343
"Turks, Caicos Isls.",1,$,2011,2342
Benin,1,$,1995,2340
Gambia,1,$,2023,2323
Gambia,1,$,2024,2323
Cabo Verde,1,$,1999,2320
Gambia,1,$,1989,2314
Liberia,1,$,1999,2304
Burkina Faso,1,$,1990,2303
Benin,1,$,2004,2300
"Congo, Republic of",1,$,2016,2297
Namibia,1,$,2012,2290
Angola,1,$,2003,2288
Tonga,1,$,1991,2262
French Polynesia,1,$,1993,2255
"Congo, Democratic Republic of",1,$,1999,2238
Liberia,1,$,2018,2235
Antigua and Barbuda,1,$,2000,2234
Bermuda,1,$,2020,2222
Solomon Islands,1,$,2000,2222
Iran,1,$,1989,2221
Seychelles,1,$,2004,2216
Sint Maarten,1,$,2015,2205
"Congo, Democratic Republic of",1,$,2006,2200
Suriname,1,$,2004,2200
British Virgin Isls.,1,$,2020,2195
Sao Tome and Principe,1,$,2018,2188
Bhutan,1,$,2025,2176
Vanuatu,1,$,2005,2173
New Caledonia,1,$,2022,2166
St Lucia,1,$,2025,2160
Togo,1,$,1989,2153
Solomon Islands,1,$,2006,2137
Zambia,1,$,2016,2130
Aruba,1,$,2005,2106
Rwanda,1,$,2013,2080
St Vincent/Grenadines,1,$,2023,2075
St Vincent/Grenadines,1,$,2024,2075
Eritrea,1,$,2017,2067
Guinea-Bissau,1,$,2008,2058
Comoros,1,$,2014,2057
French Indian Ocean Areas,1,$,2018,2055
Anguilla,1,$,2007,2047
Montserrat,1,$,1994,2042
St Helena,1,$,2004,2042
Belize,1,$,2022,2038
Azerbaijan,1,$,2022,2035
Uzbekistan,1,$,2010,2032
Cayman Islands,1,$,2021,2030
Western Samoa,1,$,1993,2025
Gambia,1,$,2015,2019
Niue,1,$,2009,2014
Aruba,1,$,2006,2000
"Turks, Caicos Isls.",1,$,2017,2000
French Indian Ocean Areas,1,$,1993,1992
"Turks, Caicos Isls.",1,$,2023,1982
"Turks, Caicos Isls.",1,$,2024,1982
"Congo, Democratic Republic of",1,$,2015,1979
Gibraltar,1,$,2012,1971
Central African Rep.,1,$,2006,1969
Tonga,1,$,2008,1957
Anguilla,1,$,2003,1945
Liberia,1,$,2009,1944
Cayman Islands,1,$,1990,1941
Vanuatu,1,$,2023,1937
Vanuatu,1,$,2024,1937
Afghanistan,1,$,1995,1935
Gambia,1,$,2013,1903
Papua New Guinea,1,$,2012,1903
Libya,1,$,2025,1901
Antigua and Barbuda,1,$,2011,1898
Solomon Islands,1,$,2012,1886
Central African Rep.,1,$,1990,1885
Algeria,1,$,2006,1863
St Helena,1,$,2011,1860
St Helena,1,$,2016,1837
Montenegro,1,$,2023,1829
Montenegro,1,$,2024,1829
Antigua and Barbuda,1,$,2021,1822
Libya,1,$,2023,1820
Libya,1,$,2024,1820
Sierra Leone,1,$,1989,1819
"Turks, Caicos Isls.",1,$,2019,1818
"Congo, Democratic Republic of",1,$,1993,1800
Burkina Faso,1,$,2012,1786
Bosnia-Hercegovina,1,$,1993,1784
Turkmenistan,1,$,2021,1779
Bermuda,1,$,2004,1771
Jamaica,1,$,2022,1761
Chad,1,$,2010,1759
Ethiopia,1,$,1990,1758
St Lucia,1,$,2014,1755
Liberia,1,$,2008,1747
St Lucia,1,$,2012,1744
Kazakhstan,1,$,2012,1742
Cocos (Keeling) Islands,1,$,1990,1733
Br Indian Ocean Territory,1,$,2017,1728
Aruba,1,$,1999,1716
Christmas Island,1,$,2019,1715
Cote D’Ivoire,1,$,2014,1711
Somalia,1,$,2011,1704
"Congo, Democratic Republic of",1,$,2001,1700
Algeria,1,$,2019,1698
Bhutan,1,$,2014,1694
St Kitts and Nevis,1,$,2010,1692
Turkmenistan,1,$,2019,1687
Grenada,1,$,2007,1668
"Turks, Caicos Isls.",1,$,2016,1664
Mayotte,1,$,2016,1650
Burkina Faso,1,$,2020,1647
Iran,1,$,2004,1639
Montserrat,1,$,2005,1637
St Vincent/Grenadines,1,$,2009,1632
Pitcairn Island,1,$,2005,1628
Montserrat,1,$,2022,1627
Gambia,1,$,2014,1626
Tonga,1,$,2011,1616
Gabon,1,$,2000,1614
Cabo Verde,1,$,1998,1608
Bhutan,1,$,2016,1606
Zambia,1,$,2017,1605
Togo,1,$,2004,1595
Anguilla,1,$,2012,1584
Nauru,1,$,2008,1583
Benin,1,$,2001,1580
Tonga,1,$,2014,1580
Turkmenistan,1,$,2022,1577
Malawi,1,$,2023,1562
Malawi,1,$,2024,1562
St Kitts and Nevis,1,$,2009,1561
Tajikistan,1,$,2023,1535
Tajikistan,1,$,2024,1535
"Turks, Caicos Isls.",1,$,2025,1534
Luxembourg,1,$,1994,1532
Qatar,1,$,2021,1530
Zambia,1,$,2008,1528
Palau,1,$,2012,1520
Cameroon,1,$,1991,1510
Algeria,1,$,2004,1508
Marshall islands,1,$,1999,1503
Iraq,1,$,2020,1500
Somalia,1,$,1995,1490
"Congo, Republic of",1,$,2022,1452
Vanuatu,1,$,2025,1451
"Congo, Democratic Republic of",1,$,2011,1450
French West Indies,1,$,2000,1447
Iraq,1,$,2007,1440
Zambia,1,$,2005,1434
Western Samoa,1,$,2011,1432
Sint Maarten,1,$,2013,1428
"Congo, Democratic Republic of",1,$,1998,1427
Montserrat,1,$,1993,1426
St Lucia,1,$,2016,1408
Zambia,1,$,2007,1405
Liberia,1,$,2001,1404
Rwanda,1,$,1991,1404
Maldive Islands,1,$,2006,1401
Rwanda,1,$,2019,1400
"Congo, Democratic Republic of",1,$,1996,1398
Niue,1,$,2014,1398
Aruba,1,$,2004,1396
Bermuda,1,$,2006,1392
Kiribati (Gilbert Isl),1,$,2004,1391
Solomon Islands,1,$,2011,1386
Comoros,1,$,1995,1380
Chad,1,$,2005,1368
Christmas Island,1,$,2000,1368
Curacao,1,$,2011,1367
Cook Islands,1,$,1999,1360
"Congo, Republic of",1,$,2009,1359
Angola,1,$,2009,1350
Guinea,1,$,1990,1350
Guinea-Bissau,1,$,1989,1350
Tonga,1,$,2005,1350
Gibraltar,1,$,1996,1343
,1,$,1991,1341
Namibia,1,$,2015,1340
St Vincent/Grenadines,1,$,2022,1340
Gibraltar,1,$,2014,1339
Niger,1,$,1994,1334
Cayman Islands,1,$,2017,1328
Greenland,1,$,2018,1325
British Virgin Isls.,1,$,2021,1316
"Turks, Caicos Isls.",1,$,2009,1301
Dominica,1,$,2012,1300
Kyrgyzstan,1,$,1998,1300
Gabon,1,$,1995,1293
Guinea-Bissau,1,$,2022,1290
East Timor,1,$,2020,1286
Niger,1,$,2005,1277
Mozambique,1,$,2025,1273
Dominica,1,$,2014,1267
Anguilla,1,$,1991,1260
Mayotte,1,$,2021,1257
Iran,1,$,2017,1252
Djibouti,1,$,2018,1248
Comoros,1,$,2023,1246
Comoros,1,$,2024,1246
Libya,1,$,2018,1242
Papua New Guinea,1,$,2007,1242
Wallis and Futuna,1,$,2022,1241
Montserrat,1,$,2008,1240
French Indian Ocean Areas,1,$,2012,1237
Albania,1,$,1992,1235
Aruba,1,$,2022,1223
Burundi,1,$,2012,1219
Aruba,1,$,2012,1218
Antigua and Barbuda,1,$,2016,1200
Angola,1,$,1993,1198
Namibia,1,$,1998,1194
"Turks, Caicos Isls.",1,$,2013,1191
Christmas Island,1,$,2021,1179
Cayman Islands,1,$,2013,1177
Sint Maarten,1,$,2025,1171
Guyana,1,$,2023,1169
Guyana,1,$,2024,1169
Montserrat,1,$,2011,1168
Vanuatu,1,$,2010,1167
Niue,1,$,1993,1157
Zambia,1,$,2006,1155
Nauru,1,$,2012,1152
Niger,1,$,2018,1141
"Congo, Republic of",1,$,2010,1139
Br Indian Ocean Territory,1,$,1992,1126
Cayman Islands,1,$,2019,1125
Gabon,1,$,1991,1120
Liberia,1,$,2004,1120
Libya,1,$,2017,1114
Sao Tome and Principe,1,$,2005,1111
Niger,1,$,2017,1100
French Guiana,1,$,2017,1097
Benin,1,$,2012,1095
Papua New Guinea,1,$,2009,1094
New Caledonia,1,$,2012,1089
St Helena,1,$,2003,1089
Anguilla,1,$,2015,1084
St Kitts and Nevis,1,$,2011,1077
Suriname,1,$,1999,1075
Heard Isl & McDonald Isl,1,$,2019,1072
Georgia,1,$,1998,1069
Palau,1,$,2009,1068
Zambia,1,$,2018,1063
Niue,1,$,2013,1054
Benin,1,$,2010,1050
Bermuda,1,$,2018,1050
Afghanistan,1,$,2006,1048
Bhutan,1,$,2006,1044
"Congo, Democratic Republic of",1,$,1994,1031
"Congo, Democratic Republic of",1,$,1995,1018
Gibraltar,1,$,1993,1009
French West Indies,1,$,1993,1005
Mauritania,1,$,2001,1003
Sint Maarten,1,$,2012,1003
Aruba,1,$,2003,1000
Sint Maarten,1,$,2020,1000
Zambia,1,$,1993,1000
Niue,1,$,1995,999
Br Indian Ocean Territory,1,$,2009,998
Western Samoa,1,$,2013,997
Comoros,1,$,2005,996
Kosovo,1,$,2014,989
Bhutan,1,$,2023,982
Bhutan,1,$,2024,982
Bermuda,1,$,2017,980
Benin,1,$,1991,975
Tajikistan,1,$,2016,964
Antigua and Barbuda,1,$,2022,963
Montserrat,1,$,2006,961
Somalia,1,$,1993,956
Central African Rep.,1,$,2004,955
Yemen,1,$,2003,954
British Virgin Isls.,1,$,2019,953
Papua New Guinea,1,$,2008,950
Niger,1,$,1995,938
French Guiana,1,$,2008,934
Mayotte,1,$,2022,934
Chad,1,$,1995,932
Aruba,1,$,2007,931
Libya,1,$,2008,931
French Indian Ocean Areas,1,$,2016,927
Niue,1,$,2017,921
Chad,1,$,2016,918
British Virgin Isls.,1,$,2022,917
Central African Rep.,1,$,2015,910
Maldive Islands,1,$,2020,907
Algeria,1,$,2017,903
Angola,1,$,2023,900
Angola,1,$,2024,900
Benin,1,$,1996,900
South Sudan,1,$,2013,900
Zambia,1,$,1989,900
Zambia,1,$,1991,900
"Turks, Caicos Isls.",1,$,1996,893
Rwanda,1,$,2004,892
Montserrat,1,$,2019,889
Sao Tome and Principe,1,$,1991,883
Christmas Island,1,$,1996,881
Papua New Guinea,1,$,2020,881
French Guiana,1,$,1997,880
Afghanistan,1,$,2003,872
Burundi,1,$,2019,871
Somalia,1,$,2020,869
Afghanistan,1,$,1996,865
"Congo, Democratic Republic of",1,$,2004,860
Suriname,1,$,2013,856
Bhutan,1,$,2005,844
Curacao,1,$,2013,840
Niue,1,$,2019,838
Somalia,1,$,1992,835
Gabon,1,$,2007,831
Central African Rep.,1,$,1993,828
Cabo Verde,1,$,2021,823
Liberia,1,$,2017,818
Djibouti,1,$,2011,814
Anguilla,1,$,2010,810
Maldive Islands,1,$,2011,807
St Vincent/Grenadines,1,$,2010,805
"Congo, Republic of",1,$,2011,802
Iran,1,$,2025,800
Kazakhstan,1,$,1992,800
Namibia,1,$,2008,800
Zambia,1,$,2019,800
Aruba,1,$,2023,789
Aruba,1,$,2024,789
Solomon Islands,1,$,2010,787
Comoros,1,$,2021,782
East Timor,1,$,2023,781
East Timor,1,$,2024,781
Tajikistan,1,$,2006,781
Chad,1,$,2020,777
Benin,1,$,1989,775
Libya,1,$,2021,770
Georgia,1,$,2002,767
Cabo Verde,1,$,2022,766
Anguilla,1,$,2022,764
Sao Tome and Principe,1,$,2003,761
Cabo Verde,1,$,2019,759
Aruba,1,$,1998,758
Norfolk Island,1,$,1999,758
Papua New Guinea,1,$,1998,753
Burkina Faso,1,$,1999,750
Cayman Islands,1,$,2023,750
Cayman Islands,1,$,2024,750
Grenada,1,$,2014,747
Benin,1,$,2000,744
Tonga,1,$,1995,744
Turkmenistan,1,$,2023,742
Turkmenistan,1,$,2024,742
Aruba,1,$,2000,740
Guinea,1,$,1991,739
Mauritania,1,$,2017,727
Mozambique,1,$,2019,727
Algeria,1,$,2008,720
Grenada,1,$,2020,720
Dominica,1,$,2019,705
"Turks, Caicos Isls.",1,$,1989,705
Gibraltar,1,$,2023,700
Gibraltar,1,$,2024,700
Gabon,1,$,2012,699
Zambia,1,$,2012,699
Algeria,1,$,1998,694
Bhutan,1,$,2018,693
Gambia,1,$,2020,690
Mozambique,1,$,2020,689
Luxembourg,1,$,1991,680
Tonga,1,$,2013,680
Mozambique,1,$,2023,679
Mozambique,1,$,2024,679
Djibouti,1,$,2012,678
Cook Islands,1,$,1997,675
Belize,1,$,2010,655
Kazakhstan,1,$,2020,652
Botswana,1,$,2022,651
Equatorial Guinea,1,$,2023,648
Equatorial Guinea,1,$,2024,648
Gibraltar,1,$,1990,648
Maldive Islands,1,$,2009,648
Montserrat,1,$,2003,646
Tonga,1,$,2009,646
Niue,1,$,2023,645
Niue,1,$,2024,645
Tonga,1,$,2017,644
Rwanda,1,$,2006,640
Algeria,1,$,1996,631
Antigua and Barbuda,1,$,2003,630
Zambia,1,$,2011,630
Yugoslavia,1,$,1993,629
Yugoslavia [2],1,$,1993,629
Gabon,1,$,2005,626
Albania,1,$,1993,620
Aruba,1,$,2002,620
French Guiana,1,$,2023,613
French Guiana,1,$,2024,613
Zambia,1,$,1999,610
Niger,1,$,1992,609
Seychelles,1,$,2012,607
Aruba,1,$,1997,605
Maldive Islands,1,$,2014,605
Suriname,1,$,2007,602
Antigua and Barbuda,1,$,2004,600
Ethiopia,1,$,1992,600
Tonga,1,$,1996,592
Botswana,1,$,2019,586
Luxembourg,1,$,2006,585
New Caledonia,1,$,2025,585
Dominica,1,$,2015,577
Curacao,1,$,2015,572
Eritrea,1,$,1998,565
Marshall islands,1,$,2006,563
Tonga,1,$,1998,555
Togo,1,$,1992,552
Djibouti,1,$,1998,549
Central African Rep.,1,$,1997,548
St Pierre / Miquelon,1,$,2012,544
"Congo, Republic of",1,$,2012,542
Afghanistan,1,$,2002,540
Liberia,1,$,1992,540
Eritrea,1,$,1999,535
St Helena,1,$,2007,534
French Guiana,1,$,2022,532
St Vincent/Grenadines,1,$,2003,528
Christmas Island,1,$,2003,527
Aruba,1,$,2019,525
"Congo, Democratic Republic of",1,$,2022,525
Br Indian Ocean Territory,1,$,1997,504
Azerbaijan,1,$,2017,500
Bhutan,1,$,2007,500
Rwanda,1,$,1990,500
Rwanda,1,$,2005,500
Yemen,1,$,2014,500
Yemen,1,$,2002,499
Mayotte,1,$,2010,498
Seychelles,1,$,2001,494
St Vincent/Grenadines,1,$,2005,489
Gabon,1,$,2019,488
"Turks, Caicos Isls.",1,$,2004,488
Anguilla,1,$,2018,485
Marshall islands,1,$,2001,485
Yemen,1,$,2000,480
Christmas Island,1,$,2006,479
Georgia,1,$,2000,478
Somalia,1,$,1996,477
Gibraltar,1,$,1989,474
Eritrea,1,$,2016,473
Montserrat,1,$,2012,470
Antigua and Barbuda,1,$,2025,450
Bhutan,1,$,2004,450
"Congo, Democratic Republic of",1,$,2005,450
Vanuatu,1,$,2016,448
Comoros,1,$,2025,444
Sao Tome and Principe,1,$,1996,443
Montserrat,1,$,1998,441
Liberia,1,$,2010,440
Cabo Verde,1,$,2023,432
Cabo Verde,1,$,2024,432
Burkina Faso,1,$,2007,431
Heard Isl & McDonald Isl,1,$,2014,427
Marshall islands,1,$,2022,425
Eritrea,1,$,2001,420
Montserrat,1,$,1989,420
French Polynesia,1,$,2014,419
Zambia,1,$,2014,415
Dominica,1,$,2010,410
Kiribati (Gilbert Isl),1,$,2023,410
Kiribati (Gilbert Isl),1,$,2024,410
Tonga,1,$,2012,410
Western Samoa,1,$,2016,407
Niger,1,$,2011,403
Georgia,1,$,1999,402
Aruba,1,$,2025,400
Cayman Islands,1,$,2016,400
"Congo, Democratic Republic of",1,$,1997,400
Laos,1,$,1989,400
Mauritania,1,$,2006,400
Palau,1,$,2023,400
Palau,1,$,2024,400
St Lucia,1,$,2019,400
Namibia,1,$,2009,399
Djibouti,1,$,2010,395
Maldive Islands,1,$,2019,392
French Indian Ocean Areas,1,$,2001,389
French West Indies,1,$,1991,386
Bhutan,1,$,1994,383
Grenada,1,$,2025,380
St Kitts and Nevis,1,$,2019,380
Seychelles,1,$,2002,377
Antigua and Barbuda,1,$,2010,375
Iraq,1,$,2006,375
Algeria,1,$,2021,372
Sudan,1,$,2000,372
Liberia,1,$,2025,369
Nauru,1,$,1998,366
Sudan,1,$,1996,364
French Indian Ocean Areas,1,$,2010,362
New Caledonia,1,$,1993,361
Benin,1,$,2006,360
Burundi,1,$,2001,360
Zambia,1,$,2015,360
Burundi,1,$,2018,350
Zambia,1,$,2010,350
Christmas Island,1,$,2012,340
Chad,1,$,2013,339
French Guiana,1,$,2021,338
Yemen,1,$,2004,338
"Congo, Democratic Republic of",1,$,1990,337
Anguilla,1,$,2020,336
Tajikistan,1,$,2025,336
Sao Tome and Principe,1,$,1993,335
Iran,1,$,2021,334
Br Indian Ocean Territory,1,$,2010,332
Sao Tome and Principe,1,$,1989,332
Montserrat,1,$,2021,330
"Turks, Caicos Isls.",1,$,2010,330
St Vincent/Grenadines,1,$,2013,326
Kiribati (Gilbert Isl),1,$,2019,324
St Lucia,1,$,2013,322
Niue,1,$,2011,321
Bhutan,1,$,1992,319
Chad,1,$,2015,318
Gabon,1,$,2009,316
Marshall islands,1,$,2008,316
Burundi,1,$,2020,315
Mauritania,1,$,2011,312
Sao Tome and Principe,1,$,2012,311
"Congo, Republic of",1,$,1993,310
Gibraltar,1,$,2009,309
Seychelles,1,$,2013,309
French Indian Ocean Areas,1,$,2008,305
Sierra Leone,1,$,1991,305
Gabon,1,$,2015,304
Bhutan,1,$,2009,300
"Congo, Democratic Republic of",1,$,2009,300
Djibouti,1,$,2013,300
Eritrea,1,$,2011,300
Gibraltar,1,$,1999,300
Grenada,1,$,2013,300
Iraq,1,$,2012,300
Kazakhstan,1,$,2016,300
Sint Maarten,1,$,2011,300
South Sudan,1,$,2012,300
St Lucia,1,$,2015,300
Zambia,1,$,2013,300
Wallis and Futuna,1,$,2018,299
Greenland,1,$,2025,298
St Vincent/Grenadines,1,$,2012,297
Seychelles,1,$,1989,295
Eritrea,1,$,2020,294
French West Indies,1,$,1992,292
Western Samoa,1,$,2005,292
Ethiopia,1,$,1989,290
"Turks, Caicos Isls.",1,$,2003,290
"Congo, Democratic Republic of",1,$,1992,287
Angola,1,$,2018,285
Botswana,1,$,2023,284
Botswana,1,$,2024,284
Mozambique,1,$,2014,284
Norfolk Island,1,$,2011,284
Somalia,1,$,2017,283
Tonga,1,$,2004,282
Botswana,1,$,1993,278
Belize,1,$,2019,276
British Virgin Isls.,1,$,1992,275
Iran,1,$,2019,274
Kazakhstan,1,$,2014,273
Cocos (Keeling) Islands,1,$,2009,272
Cameroon,1,$,1992,270
Rwanda,1,$,2010,270
French Indian Ocean Areas,1,$,2013,267
Wallis and Futuna,1,$,2019,267
Azerbaijan,1,$,2020,265
Niue,1,$,2016,265
Libya,1,$,2015,264
Mayotte,1,$,2008,264
Marshall islands,1,$,2011,262
Algeria,1,$,2002,259
Equatorial Guinea,1,$,2008,258
Sao Tome and Principe,1,$,2013,256
Br Indian Ocean Territory,1,$,2000,255
Heard Isl & McDonald Isl,1,$,2011,254
,1,$,1990,0
,1,$,1992,0
,1,$,1993,0
,1,$,1994,0
,1,$,1995,0
,1,$,1996,0
,1,$,1997,0
,1,$,1998,0
,1,$,1999,0
,1,$,2000,0
,1,$,2001,0
,1,$,2002,0
,1,$,2003,0
,1,$,2004,0
,1,$,2005,0
,1,$,2006,0
,1,$,2007,0
,1,$,2008,0
,1,$,2009,0
,1,$,2010,0
,1,$,2011,0
,1,$,2012,0
,1,$,2013,0
,1,$,2014,0
,1,$,2015,0
,1,$,2016,0
,1,$,2017,0
,1,$,2018,0
,1,$,2019,0
,1,$,2020,0
,1,$,2021,0
,1,$,2022,0
,1,$,2023,0
,1,$,2024,0
,1,$,2025,0
_EU (2020-present),1,$,1989,0
_EU (2020-present),1,$,1990,0
_EU (2020-present),1,$,1991,0
_EU (2020-present),1,$,1992,0
_EU (2020-present),1,$,1993,0
_EU (2020-present),1,$,1994,0
_EU (2020-present),1,$,1995,0
_EU (2020-present),1,$,1996,0
_EU (2020-present),1,$,1997,0
_EU (2020-present),1,$,1998,0
_EU (2020-present),1,$,1999,0
_EU (2020-present),1,$,2000,0
_EU (2020-present),1,$,2001,0
_EU (2020-present),1,$,2002,0
_EU (2020-present),1,$,2003,0
_EU (2020-present),1,$,2004,0
_EU (2020-present),1,$,2005,0
_EU (2020-present),1,$,2006,0
_EU (2020-present),1,$,2007,0
_EU (2020-present),1,$,2008,0
_EU (2020-present),1,$,2009,0
_EU (2020-present),1,$,2010,0
_EU (2020-present),1,$,2011,0
_EU (2020-present),1,$,2012,0
_EU (2020-present),1,$,2013,0
_EU (2020-present),1,$,2014,0
_EU (2020-present),1,$,2015,0
_EU (2020-present),1,$,2016,0
_EU (2020-present),1,$,2017,0
_EU (2020-present),1,$,2018,0
_EU (2020-present),1,$,2019,0
_EU (2020-present),1,$,2020,0
_EU (2020-present),1,$,2021,0
_EU (2020-present),1,$,2022,0
_EU (2020-present),1,$,2023,0
Afghanistan,1,$,1994,0
Afghanistan,1,$,1998,0
Afghanistan,1,$,2001,0
Albania,1,$,1989,0
Albania,1,$,1990,0
Albania,1,$,1991,0
Algeria,1,$,1989,0
Algeria,1,$,1990,0
Algeria,1,$,1992,0
Algeria,1,$,1999,0
Algeria,1,$,2000,0
Algeria,1,$,2001,0
Algeria,1,$,2003,0
Algeria,1,$,2005,0
Algeria,1,$,2009,0
Algeria,1,$,2010,0
Algeria,1,$,2011,0
Algeria,1,$,2013,0
Algeria,1,$,2014,0
Algeria,1,$,2015,0
Algeria,1,$,2016,0
Algeria,1,$,2018,0
Algeria,1,$,2020,0
Angola,1,$,1989,0
Angola,1,$,1990,0
Angola,1,$,1991,0
Angola,1,$,1992,0
Angola,1,$,1994,0
Angola,1,$,1995,0
Angola,1,$,1996,0
Angola,1,$,1997,0
Angola,1,$,1998,0
Angola,1,$,1999,0
Angola,1,$,2000,0
Angola,1,$,2001,0
Angola,1,$,2002,0
Angola,1,$,2004,0
Angola,1,$,2005,0
Angola,1,$,2006,0
Angola,1,$,2007,0
Angola,1,$,2008,0
Angola,1,$,2010,0
Angola,1,$,2011,0
Angola,1,$,2012,0
Angola,1,$,2013,0
Angola,1,$,2015,0
Angola,1,$,2016,0
Angola,1,$,2017,0
Angola,1,$,2019,0
Angola,1,$,2022,0
Angola,1,$,2025,0
Anguilla,1,$,1989,0
Anguilla,1,$,1992,0
Anguilla,1,$,1993,0
Anguilla,1,$,1994,0
Anguilla,1,$,1995,0
Anguilla,1,$,1996,0
Anguilla,1,$,1999,0
Anguilla,1,$,2000,0
Anguilla,1,$,2001,0
Anguilla,1,$,2002,0
Anguilla,1,$,2004,0
Anguilla,1,$,2005,0
Anguilla,1,$,2006,0
Anguilla,1,$,2011,0
Anguilla,1,$,2014,0
Anguilla,1,$,2019,0
Anguilla,1,$,2023,0
Anguilla,1,$,2024,0
Anguilla,1,$,2025,0
Antigua and Barbuda,1,$,1992,0
Antigua and Barbuda,1,$,1998,0
Antigua and Barbuda,1,$,2009,0
Antigua and Barbuda,1,$,2012,0
Antigua and Barbuda,1,$,2013,0
Antigua and Barbuda,1,$,2014,0
Antigua and Barbuda,1,$,2017,0
Antigua and Barbuda,1,$,2018,0
Armenia,1,$,1989,0
Armenia,1,$,1990,0
Armenia,1,$,1991,0
Armenia,1,$,1992,0
Aruba,1,$,1990,0
Aruba,1,$,1992,0
Aruba,1,$,2008,0
Aruba,1,$,2010,0
Aruba,1,$,2011,0
Aruba,1,$,2013,0
Azerbaijan,1,$,1989,0
Azerbaijan,1,$,1990,0
Azerbaijan,1,$,1991,0
Azerbaijan,1,$,1992,0
Azerbaijan,1,$,1993,0
Azerbaijan,1,$,1994,0
Azerbaijan,1,$,2007,0
Azerbaijan,1,$,2008,0
Azerbaijan,1,$,2009,0
Azerbaijan,1,$,2010,0
Azerbaijan,1,$,2012,0
Azerbaijan,1,$,2013,0
Azerbaijan,1,$,2014,0
Azerbaijan,1,$,2015,0
Azerbaijan,1,$,2016,0
Azerbaijan,1,$,2018,0
Azerbaijan,1,$,2019,0
Barbados,1,$,2017,0
Belarus,1,$,1989,0
Belarus,1,$,1990,0
Belarus,1,$,1991,0
Belize,1,$,2009,0
Belize,1,$,2013,0
Belize,1,$,2014,0
Belize,1,$,2017,0
Belize,1,$,2020,0
Belize,1,$,2023,0
Belize,1,$,2024,0
Belize,1,$,2025,0
Benin,1,$,1990,0
Benin,1,$,1997,0
Benin,1,$,1999,0
Benin,1,$,2002,0
Benin,1,$,2007,0
Benin,1,$,2008,0
Benin,1,$,2009,0
Benin,1,$,2013,0
Benin,1,$,2014,0
Benin,1,$,2015,0
Benin,1,$,2016,0
Bermuda,1,$,2014,0
Bermuda,1,$,2023,0
Bermuda,1,$,2024,0
Bhutan,1,$,1989,0
Bhutan,1,$,1990,0
Bhutan,1,$,1991,0
Bhutan,1,$,1995,0
Bhutan,1,$,1999,0
Bhutan,1,$,2000,0
Bhutan,1,$,2001,0
Bhutan,1,$,2002,0
Bhutan,1,$,2012,0
Bhutan,1,$,2013,0
Bhutan,1,$,2021,0
Bhutan,1,$,2022,0
Bosnia-Hercegovina,1,$,1989,0
Bosnia-Hercegovina,1,$,1990,0
Bosnia-Hercegovina,1,$,1991,0
Bosnia-Hercegovina,1,$,1994,0
Botswana,1,$,2020,0
Botswana,1,$,2021,0
Br Indian Ocean Territory,1,$,1989,0
Br Indian Ocean Territory,1,$,1990,0
Br Indian Ocean Territory,1,$,1993,0
Br Indian Ocean Territory,1,$,2001,0
Br Indian Ocean Territory,1,$,2004,0
Br Indian Ocean Territory,1,$,2007,0
Br Indian Ocean Territory,1,$,2011,0
Br Indian Ocean Territory,1,$,2012,0
Br Indian Ocean Territory,1,$,2014,0
Br Indian Ocean Territory,1,$,2016,0
Br Indian Ocean Territory,1,$,2020,0
Br Indian Ocean Territory,1,$,2022,0
Br Indian Ocean Territory,1,$,2023,0
Br Indian Ocean Territory,1,$,2024,0
Br Indian Ocean Territory,1,$,2025,0
British Virgin Isls.,1,$,1990,0
British Virgin Isls.,1,$,1991,0
Burkina Faso,1,$,1993,0
Burma (Myanmar),1,$,2004,0
Burma (Myanmar),1,$,2005,0
Burma (Myanmar),1,$,2006,0
Burma (Myanmar),1,$,2007,0
Burma (Myanmar),1,$,2008,0
Burma (Myanmar),1,$,2009,0
Burma (Myanmar),1,$,2010,0
Burma (Myanmar),1,$,2011,0
Burma (Myanmar),1,$,2012,0
Burundi,1,$,1989,0
Burundi,1,$,1992,0
Burundi,1,$,1993,0
Burundi,1,$,1997,0
Burundi,1,$,1999,0
Burundi,1,$,2002,0
Burundi,1,$,2003,0
Burundi,1,$,2004,0
Burundi,1,$,2005,0
Burundi,1,$,2007,0
Burundi,1,$,2008,0
Burundi,1,$,2009,0
Burundi,1,$,2010,0
Burundi,1,$,2011,0
Burundi,1,$,2013,0
Burundi,1,$,2014,0
Burundi,1,$,2015,0
Burundi,1,$,2017,0
Cabo Verde,1,$,1989,0
Cabo Verde,1,$,1991,0
Cabo Verde,1,$,1993,0
Cabo Verde,1,$,1994,0
Cabo Verde,1,$,1995,0
Cabo Verde,1,$,1996,0
Cabo Verde,1,$,1997,0
Cabo Verde,1,$,2006,0
Cabo Verde,1,$,2007,0
Cabo Verde,1,$,2010,0
Cabo Verde,1,$,2016,0
Cambodia,1,$,1991,0
Cayman Islands,1,$,1989,0
Cayman Islands,1,$,1991,0
Cayman Islands,1,$,1992,0
Cayman Islands,1,$,1993,0
Cayman Islands,1,$,1995,0
Cayman Islands,1,$,1999,0
Cayman Islands,1,$,2020,0
Cayman Islands,1,$,2022,0
Central African Rep.,1,$,1989,0
Central African Rep.,1,$,1991,0
Central African Rep.,1,$,1992,0
Central African Rep.,1,$,1995,0
Central African Rep.,1,$,1996,0
Central African Rep.,1,$,1998,0
Central African Rep.,1,$,1999,0
Central African Rep.,1,$,2000,0
Central African Rep.,1,$,2002,0
Central African Rep.,1,$,2003,0
Central African Rep.,1,$,2007,0
Central African Rep.,1,$,2008,0
Central African Rep.,1,$,2009,0
Central African Rep.,1,$,2010,0
Central African Rep.,1,$,2011,0
Central African Rep.,1,$,2012,0
Central African Rep.,1,$,2013,0
Central African Rep.,1,$,2014,0
Central African Rep.,1,$,2016,0
Central African Rep.,1,$,2017,0
Central African Rep.,1,$,2018,0
Central African Rep.,1,$,2019,0
Central African Rep.,1,$,2020,0
Central African Rep.,1,$,2021,0
Central African Rep.,1,$,2022,0
Central African Rep.,1,$,2025,0
Chad,1,$,1989,0
Chad,1,$,1990,0
Chad,1,$,1991,0
Chad,1,$,1992,0
Chad,1,$,1993,0
Chad,1,$,1994,0
Chad,1,$,1996,0
Chad,1,$,1997,0
Chad,1,$,1998,0
Chad,1,$,1999,0
Chad,1,$,2000,0
Chad,1,$,2001,0
Chad,1,$,2002,0
Chad,1,$,2003,0
Chad,1,$,2007,0
Chad,1,$,2008,0
Chad,1,$,2009,0
Chad,1,$,2011,0
Chad,1,$,2012,0
Chad,1,$,2014,0
Chad,1,$,2017,0
Chad,1,$,2018,0
Chad,1,$,2019,0
Chad,1,$,2021,0
Chad,1,$,2022,0
Christmas Island,1,$,1989,0
Christmas Island,1,$,1990,0
Christmas Island,1,$,1991,0
Christmas Island,1,$,1992,0
Christmas Island,1,$,1993,0
Christmas Island,1,$,1994,0
Christmas Island,1,$,1995,0
Christmas Island,1,$,1998,0
Christmas Island,1,$,1999,0
Christmas Island,1,$,2001,0
Christmas Island,1,$,2002,0
Christmas Island,1,$,2005,0
Christmas Island,1,$,2008,0
Christmas Island,1,$,2011,0
Christmas Island,1,$,2013,0
Christmas Island,1,$,2014,0
Christmas Island,1,$,2015,0
Christmas Island,1,$,2020,0
Christmas Island,1,$,2025,0
Cocos (Keeling) Islands,1,$,1989,0
Cocos (Keeling) Islands,1,$,1991,0
Cocos (Keeling) Islands,1,$,1992,0
Cocos (Keeling) Islands,1,$,1993,0
Cocos (Keeling) Islands,1,$,1995,0
Cocos (Keeling) Islands,1,$,1996,0
Cocos (Keeling) Islands,1,$,1997,0
Cocos (Keeling) Islands,1,$,1998,0
Cocos (Keeling) Islands,1,$,2000,0
Cocos (Keeling) Islands,1,$,2001,0
Cocos (Keeling) Islands,1,$,2003,0
Cocos (Keeling) Islands,1,$,2005,0
Cocos (Keeling) Islands,1,$,2007,0
Cocos (Keeling) Islands,1,$,2020,0
Cocos (Keeling) Islands,1,$,2021,0
Cocos (Keeling) Islands,1,$,2025,0
Comoros,1,$,1989,0
Comoros,1,$,1992,0
Comoros,1,$,1993,0
Comoros,1,$,1994,0
Comoros,1,$,1997,0
Comoros,1,$,1999,0
Comoros,1,$,2000,0
Comoros,1,$,2001,0
Comoros,1,$,2002,0
Comoros,1,$,2003,0
Comoros,1,$,2008,0
Comoros,1,$,2009,0
Comoros,1,$,2011,0
Comoros,1,$,2013,0
Comoros,1,$,2015,0
Comoros,1,$,2017,0
Comoros,1,$,2019,0
Comoros,1,$,2020,0
Comoros,1,$,2022,0
"Congo, Democratic Republic of",1,$,2002,0
"Congo, Democratic Republic of",1,$,2003,0
"Congo, Democratic Republic of",1,$,2010,0
"Congo, Democratic Republic of",1,$,2013,0
"Congo, Democratic Republic of",1,$,2014,0
"Congo, Democratic Republic of",1,$,2017,0
"Congo, Democratic Republic of",1,$,2020,0
"Congo, Republic of",1,$,1989,0
"Congo, Republic of",1,$,1990,0
"Congo, Republic of",1,$,1991,0
"Congo, Republic of",1,$,1992,0
"Congo, Republic of",1,$,1994,0
"Congo, Republic of",1,$,1995,0
"Congo, Republic of",1,$,1996,0
"Congo, Republic of",1,$,1997,0
"Congo, Republic of",1,$,1998,0
"Congo, Republic of",1,$,1999,0
"Congo, Republic of",1,$,2000,0
"Congo, Republic of",1,$,2001,0
"Congo, Republic of",1,$,2002,0
"Congo, Republic of",1,$,2003,0
"Congo, Republic of",1,$,2005,0
"Congo, Republic of",1,$,2006,0
"Congo, Republic of",1,$,2007,0
"Congo, Republic of",1,$,2008,0
"Congo, Republic of",1,$,2013,0
"Congo, Republic of",1,$,2014,0
"Congo, Republic of",1,$,2017,0
"Congo, Republic of",1,$,2019,0
"Congo, Republic of",1,$,2020,0
"Congo, Republic of",1,$,2023,0
"Congo, Republic of",1,$,2024,0
"Congo, Republic of",1,$,2025,0
Cook Islands,1,$,1989,0
Cook Islands,1,$,1990,0
Cook Islands,1,$,1994,0
Croatia,1,$,1989,0
Croatia,1,$,1990,0
Croatia,1,$,1991,0
Curacao,1,$,1989,0
Curacao,1,$,1990,0
Curacao,1,$,1991,0
Curacao,1,$,1992,0
Curacao,1,$,1993,0
Curacao,1,$,1994,0
Curacao,1,$,1995,0
Curacao,1,$,1996,0
Curacao,1,$,1997,0
Curacao,1,$,1998,0
Curacao,1,$,1999,0
Curacao,1,$,2000,0
Curacao,1,$,2001,0
Curacao,1,$,2002,0
Curacao,1,$,2003,0
Curacao,1,$,2004,0
Curacao,1,$,2005,0
Curacao,1,$,2006,0
Curacao,1,$,2007,0
Curacao,1,$,2008,0
Curacao,1,$,2009,0
Curacao,1,$,2010,0
Curacao,1,$,2019,0
Curacao,1,$,2022,0
Curacao,1,$,2023,0
Curacao,1,$,2024,0
Djibouti,1,$,1990,0
Djibouti,1,$,1991,0
Djibouti,1,$,1992,0
Djibouti,1,$,1993,0
Djibouti,1,$,1994,0
Djibouti,1,$,1995,0
Djibouti,1,$,1996,0
Djibouti,1,$,1997,0
Djibouti,1,$,1999,0
Djibouti,1,$,2000,0
Djibouti,1,$,2001,0
Djibouti,1,$,2002,0
Djibouti,1,$,2003,0
Djibouti,1,$,2004,0
Djibouti,1,$,2005,0
Djibouti,1,$,2006,0
Djibouti,1,$,2007,0
Djibouti,1,$,2008,0
Djibouti,1,$,2009,0
Djibouti,1,$,2015,0
Djibouti,1,$,2017,0
Djibouti,1,$,2023,0
Djibouti,1,$,2024,0
Djibouti,1,$,2025,0
Dominica,1,$,2009,0
Dominica,1,$,2013,0
Dominica,1,$,2018,0
Dominica,1,$,2021,0
East Timor,1,$,1989,0
East Timor,1,$,1990,0
East Timor,1,$,1991,0
East Timor,1,$,1992,0
East Timor,1,$,1993,0
East Timor,1,$,1994,0
East Timor,1,$,1995,0
East Timor,1,$,1996,0
East Timor,1,$,1997,0
East Timor,1,$,1998,0
East Timor,1,$,1999,0
East Timor,1,$,2000,0
East Timor,1,$,2001,0
East Timor,1,$,2002,0
East Timor,1,$,2003,0
East Timor,1,$,2004,0
East Timor,1,$,2005,0
East Timor,1,$,2006,0
East Timor,1,$,2007,0
East Timor,1,$,2008,0
East Timor,1,$,2009,0
East Timor,1,$,2010,0
East Timor,1,$,2011,0
East Timor,1,$,2012,0
East Timor,1,$,2013,0
East Timor,1,$,2015,0
East Timor,1,$,2016,0
East Timor,1,$,2017,0
East Timor,1,$,2018,0
East Timor,1,$,2019,0
East Timor,1,$,2021,0
East Timor,1,$,2022,0
East Timor,1,$,2025,0
Equatorial Guinea,1,$,1989,0
Equatorial Guinea,1,$,1990,0
Equatorial Guinea,1,$,1991,0
Equatorial Guinea,1,$,1992,0
Equatorial Guinea,1,$,1993,0
Equatorial Guinea,1,$,1994,0
Equatorial Guinea,1,$,1996,0
Equatorial Guinea,1,$,1997,0
Equatorial Guinea,1,$,1999,0
Equatorial Guinea,1,$,2000,0
Equatorial Guinea,1,$,2001,0
Equatorial Guinea,1,$,2002,0
Equatorial Guinea,1,$,2003,0
Equatorial Guinea,1,$,2004,0
Equatorial Guinea,1,$,2005,0
Equatorial Guinea,1,$,2006,0
Equatorial Guinea,1,$,2007,0
Equatorial Guinea,1,$,2009,0
Equatorial Guinea,1,$,2010,0
Equatorial Guinea,1,$,2011,0
Equatorial Guinea,1,$,2012,0
Equatorial Guinea,1,$,2013,0
Equatorial Guinea,1,$,2014,0
Equatorial Guinea,1,$,2015,0
Equatorial Guinea,1,$,2016,0
Equatorial Guinea,1,$,2017,0
Equatorial Guinea,1,$,2018,0
Equatorial Guinea,1,$,2019,0
Equatorial Guinea,1,$,2020,0
Equatorial Guinea,1,$,2021,0
Equatorial Guinea,1,$,2022,0
Equatorial Guinea,1,$,2025,0
Eritrea,1,$,1989,0
Eritrea,1,$,1990,0
Eritrea,1,$,1991,0
Eritrea,1,$,1992,0
Eritrea,1,$,1993,0
Eritrea,1,$,1994,0
Eritrea,1,$,1997,0
Eritrea,1,$,2002,0
Eritrea,1,$,2004,0
Eritrea,1,$,2007,0
Eritrea,1,$,2008,0
Eritrea,1,$,2012,0
Eritrea,1,$,2018,0
Eritrea,1,$,2019,0
Estonia,1,$,1989,0
Estonia,1,$,1990,0
Estonia,1,$,1991,0
Ethiopia,1,$,1991,0
Falkland Islands,1,$,1991,0
Falkland Islands,1,$,1992,0
Falkland Islands,1,$,1993,0
Falkland Islands,1,$,1994,0
Falkland Islands,1,$,1998,0
Falkland Islands,1,$,1999,0
Falkland Islands,1,$,2000,0
Falkland Islands,1,$,2001,0
Falkland Islands,1,$,2002,0
Falkland Islands,1,$,2003,0
Falkland Islands,1,$,2004,0
Falkland Islands,1,$,2005,0
Falkland Islands,1,$,2006,0
Falkland Islands,1,$,2007,0
Falkland Islands,1,$,2008,0
Falkland Islands,1,$,2009,0
Falkland Islands,1,$,2010,0
Falkland Islands,1,$,2011,0
Falkland Islands,1,$,2012,0
Falkland Islands,1,$,2013,0
Falkland Islands,1,$,2014,0
Falkland Islands,1,$,2015,0
Falkland Islands,1,$,2016,0
Falkland Islands,1,$,2017,0
Falkland Islands,1,$,2018,0
Falkland Islands,1,$,2019,0
Falkland Islands,1,$,2020,0
Falkland Islands,1,$,2021,0
Falkland Islands,1,$,2022,0
Falkland Islands,1,$,2023,0
Falkland Islands,1,$,2024,0
Falkland Islands,1,$,2025,0
Federated States of Mic,1,$,1989,0
Federated States of Mic,1,$,2006,0
Federated States of Mic,1,$,2008,0
Federated States of Mic,1,$,2009,0
Federated States of Mic,1,$,2016,0
Federated States of Mic,1,$,2018,0
French Guiana,1,$,1989,0
French Guiana,1,$,1990,0
French Guiana,1,$,1991,0
French Guiana,1,$,1993,0
French Guiana,1,$,1994,0
French Guiana,1,$,1995,0
French Guiana,1,$,1996,0
French Guiana,1,$,1998,0
French Guiana,1,$,1999,0
French Guiana,1,$,2000,0
French Guiana,1,$,2001,0
French Guiana,1,$,2002,0
French Guiana,1,$,2003,0
French Guiana,1,$,2005,0
French Guiana,1,$,2006,0
French Guiana,1,$,2009,0
French Guiana,1,$,2010,0
French Guiana,1,$,2011,0
French Guiana,1,$,2012,0
French Guiana,1,$,2013,0
French Guiana,1,$,2014,0
French Guiana,1,$,2015,0
French Guiana,1,$,2016,0
French Guiana,1,$,2018,0
French Guiana,1,$,2019,0
French Guiana,1,$,2020,0
French Guiana,1,$,2025,0
French Indian Ocean Areas,1,$,1989,0
French Indian Ocean Areas,1,$,1990,0
French Indian Ocean Areas,1,$,1994,0
French Indian Ocean Areas,1,$,1995,0
French Indian Ocean Areas,1,$,1996,0
French Indian Ocean Areas,1,$,1998,0
French Indian Ocean Areas,1,$,1999,0
French Indian Ocean Areas,1,$,2000,0
French Indian Ocean Areas,1,$,2014,0
French Indian Ocean Areas,1,$,2017,0
French Polynesia,1,$,2022,0
French West Indies,1,$,1989,0
French West Indies,1,$,1990,0
Gabon,1,$,1993,0
Gabon,1,$,1997,0
Gabon,1,$,1998,0
Gabon,1,$,1999,0
Gabon,1,$,2001,0
Gabon,1,$,2003,0
Gabon,1,$,2008,0
Gabon,1,$,2011,0
Gabon,1,$,2013,0
Gabon,1,$,2016,0
Gabon,1,$,2018,0
Gambia,1,$,2016,0
Gambia,1,$,2018,0
Georgia,1,$,1989,0
Georgia,1,$,1990,0
Georgia,1,$,1991,0
Georgia,1,$,1992,0
Georgia,1,$,1993,0
Georgia,1,$,1994,0
Gibraltar,1,$,1991,0
Gibraltar,1,$,1995,0
Gibraltar,1,$,1998,0
Gibraltar,1,$,2001,0
Gibraltar,1,$,2002,0
Gibraltar,1,$,2003,0
Gibraltar,1,$,2004,0
Gibraltar,1,$,2005,0
Gibraltar,1,$,2006,0
Gibraltar,1,$,2007,0
Gibraltar,1,$,2010,0
Gibraltar,1,$,2011,0
Gibraltar,1,$,2013,0
Gibraltar,1,$,2016,0
Gibraltar,1,$,2017,0
Gibraltar,1,$,2018,0
Gibraltar,1,$,2019,0
Gibraltar,1,$,2020,0
Gibraltar,1,$,2021,0
Gibraltar,1,$,2022,0
Gibraltar,1,$,2025,0
Greenland,1,$,1989,0
Greenland,1,$,1990,0
Greenland,1,$,1991,0
Greenland,1,$,1992,0
Greenland,1,$,1993,0
Greenland,1,$,1995,0
Greenland,1,$,1996,0
Greenland,1,$,1997,0
Greenland,1,$,1998,0
Greenland,1,$,1999,0
Greenland,1,$,2000,0
Greenland,1,$,2001,0
Greenland,1,$,2002,0
Greenland,1,$,2003,0
Greenland,1,$,2004,0
Greenland,1,$,2005,0
Greenland,1,$,2006,0
Greenland,1,$,2007,0
Greenland,1,$,2008,0
Greenland,1,$,2009,0
Greenland,1,$,2010,0
Greenland,1,$,2011,0
Greenland,1,$,2012,0
Greenland,1,$,2013,0
Greenland,1,$,2015,0
Greenland,1,$,2016,0
Greenland,1,$,2017,0
Greenland,1,$,2019,0
Greenland,1,$,2020,0
Greenland,1,$,2021,0
Greenland,1,$,2022,0
Greenland,1,$,2023,0
Greenland,1,$,2024,0
Grenada,1,$,1994,0
Grenada,1,$,2008,0
Grenada,1,$,2009,0
Grenada,1,$,2010,0
Grenada,1,$,2011,0
Grenada,1,$,2012,0
Grenada,1,$,2017,0
Grenada,1,$,2018,0
Grenada,1,$,2019,0
Grenada,1,$,2021,0
Grenada,1,$,2022,0
Guinea-Bissau,1,$,1990,0
Guinea-Bissau,1,$,1991,0
Guinea-Bissau,1,$,1992,0
Guinea-Bissau,1,$,1993,0
Guinea-Bissau,1,$,1994,0
Guinea-Bissau,1,$,1995,0
Guinea-Bissau,1,$,1996,0
Guinea-Bissau,1,$,1997,0
Guinea-Bissau,1,$,1998,0
Guinea-Bissau,1,$,1999,0
Guinea-Bissau,1,$,2000,0
Guinea-Bissau,1,$,2001,0
Guinea-Bissau,1,$,2002,0
Guinea-Bissau,1,$,2003,0
Guinea-Bissau,1,$,2004,0
Guinea-Bissau,1,$,2005,0
Guinea-Bissau,1,$,2006,0
Guinea-Bissau,1,$,2007,0
Guinea-Bissau,1,$,2009,0
Guinea-Bissau,1,$,2010,0
Guinea-Bissau,1,$,2011,0
Guinea-Bissau,1,$,2012,0
Guinea-Bissau,1,$,2013,0
Guinea-Bissau,1,$,2014,0
Guinea-Bissau,1,$,2015,0
Guinea-Bissau,1,$,2016,0
Guinea-Bissau,1,$,2017,0
Guinea-Bissau,1,$,2018,0
Guinea-Bissau,1,$,2019,0
Guinea-Bissau,1,$,2020,0
Guinea-Bissau,1,$,2021,0
Guyana,1,$,2018,0
Guyana,1,$,2019,0
Guyana,1,$,2020,0
Guyana,1,$,2021,0
Guyana,1,$,2022,0
Heard Isl & McDonald Isl,1,$,1990,0
Heard Isl & McDonald Isl,1,$,1991,0
Heard Isl & McDonald Isl,1,$,1993,0
Heard Isl & McDonald Isl,1,$,1995,0
Heard Isl & McDonald Isl,1,$,1997,0
Heard Isl & McDonald Isl,1,$,1999,0
Heard Isl & McDonald Isl,1,$,2000,0
Heard Isl & McDonald Isl,1,$,2001,0
Heard Isl & McDonald Isl,1,$,2002,0
Heard Isl & McDonald Isl,1,$,2004,0
Heard Isl & McDonald Isl,1,$,2005,0
Heard Isl & McDonald Isl,1,$,2006,0
Heard Isl & McDonald Isl,1,$,2007,0
Heard Isl & McDonald Isl,1,$,2008,0
Heard Isl & McDonald Isl,1,$,2009,0
Heard Isl & McDonald Isl,1,$,2010,0
Heard Isl & McDonald Isl,1,$,2012,0
Heard Isl & McDonald Isl,1,$,2013,0
Heard Isl & McDonald Isl,1,$,2015,0
Heard Isl & McDonald Isl,1,$,2016,0
Heard Isl & McDonald Isl,1,$,2018,0
Heard Isl & McDonald Isl,1,$,2020,0
Heard Isl & McDonald Isl,1,$,2021,0
Heard Isl & McDonald Isl,1,$,2022,0
Heard Isl & McDonald Isl,1,$,2023,0
Heard Isl & McDonald Isl,1,$,2024,0
Heard Isl & McDonald Isl,1,$,2025,0
Iran,1,$,1992,0
Iran,1,$,1993,0
Iran,1,$,1994,0
Iran,1,$,1995,0
Iran,1,$,1996,0
Iran,1,$,1997,0
Iran,1,$,1998,0
Iran,1,$,1999,0
Iran,1,$,2002,0
Iran,1,$,2003,0
Iran,1,$,2005,0
Iran,1,$,2006,0
Iran,1,$,2007,0
Iran,1,$,2008,0
Iran,1,$,2009,0
Iran,1,$,2010,0
Iran,1,$,2011,0
Iran,1,$,2012,0
Iran,1,$,2013,0
Iran,1,$,2014,0
Iran,1,$,2015,0
Iran,1,$,2016,0
Iran,1,$,2022,0
Iran,1,$,2023,0
Iran,1,$,2024,0
Iraq,1,$,1989,0
Iraq,1,$,1991,0
Iraq,1,$,1992,0
Iraq,1,$,1993,0
Iraq,1,$,1994,0
Iraq,1,$,1995,0
Iraq,1,$,1996,0
Iraq,1,$,1997,0
Iraq,1,$,1998,0
Iraq,1,$,1999,0
Iraq,1,$,2000,0
Iraq,1,$,2001,0
Iraq,1,$,2002,0
Iraq,1,$,2003,0
Iraq,1,$,2005,0
Iraq,1,$,2008,0
Iraq,1,$,2013,0
Iraq,1,$,2014,0
Iraq,1,$,2016,0
Iraq,1,$,2017,0
Iraq,1,$,2018,0
Iraq,1,$,2019,0
Kazakhstan,1,$,1989,0
Kazakhstan,1,$,1990,0
Kazakhstan,1,$,1991,0
Kazakhstan,1,$,2015,0
Kazakhstan,1,$,2017,0
Kazakhstan,1,$,2018,0
Kiribati (Gilbert Isl),1,$,1993,0
Kiribati (Gilbert Isl),1,$,1995,0
Kiribati (Gilbert Isl),1,$,1996,0
Kiribati (Gilbert Isl),1,$,1997,0
Kiribati (Gilbert Isl),1,$,1998,0
Kiribati (Gilbert Isl),1,$,1999,0
Kiribati (Gilbert Isl),1,$,2000,0
Kiribati (Gilbert Isl),1,$,2001,0
Kiribati (Gilbert Isl),1,$,2002,0
Kiribati (Gilbert Isl),1,$,2003,0
Kiribati (Gilbert Isl),1,$,2005,0
Kiribati (Gilbert Isl),1,$,2006,0
Kiribati (Gilbert Isl),1,$,2007,0
Kiribati (Gilbert Isl),1,$,2008,0
Kiribati (Gilbert Isl),1,$,2009,0
Kiribati (Gilbert Isl),1,$,2010,0
Kiribati (Gilbert Isl),1,$,2011,0
Kiribati (Gilbert Isl),1,$,2013,0
Kiribati (Gilbert Isl),1,$,2014,0
Kiribati (Gilbert Isl),1,$,2015,0
Kiribati (Gilbert Isl),1,$,2018,0
Kiribati (Gilbert Isl),1,$,2020,0
Kiribati (Gilbert Isl),1,$,2021,0
Kiribati (Gilbert Isl),1,$,2025,0
"Korea, North",1,$,1989,0
"Korea, North",1,$,1990,0
"Korea, North",1,$,1992,0
"Korea, North",1,$,1993,0
"Korea, North",1,$,1994,0
"Korea, North",1,$,1995,0
"Korea, North",1,$,1996,0
"Korea, North",1,$,1997,0
"Korea, North",1,$,1998,0
"Korea, North",1,$,1999,0
"Korea, North",1,$,2000,0
"Korea, North",1,$,2001,0
"Korea, North",1,$,2002,0
"Korea, North",1,$,2005,0
"Korea, North",1,$,2006,0
"Korea, North",1,$,2007,0
"Korea, North",1,$,2008,0
"Korea, North",1,$,2009,0
"Korea, North",1,$,2010,0
"Korea, North",1,$,2011,0
"Korea, North",1,$,2012,0
"Korea, North",1,$,2013,0
"Korea, North",1,$,2014,0
"Korea, North",1,$,2015,0
"Korea, North",1,$,2016,0
"Korea, North",1,$,2017,0
"Korea, North",1,$,2018,0
"Korea, North",1,$,2019,0
"Korea, North",1,$,2020,0
"Korea, North",1,$,2021,0
"Korea, North",1,$,2022,0
"Korea, North",1,$,2023,0
"Korea, North",1,$,2024,0
"Korea, North",1,$,2025,0
Kosovo,1,$,1989,0
Kosovo,1,$,1990,0
Kosovo,1,$,1991,0
Kosovo,1,$,1992,0
Kosovo,1,$,1993,0
Kosovo,1,$,1994,0
Kosovo,1,$,1995,0
Kosovo,1,$,1996,0
Kosovo,1,$,1997,0
Kosovo,1,$,1998,0
Kosovo,1,$,1999,0
Kosovo,1,$,2000,0
Kosovo,1,$,2001,0
Kosovo,1,$,2002,0
Kosovo,1,$,2003,0
Kosovo,1,$,2004,0
Kosovo,1,$,2005,0
Kosovo,1,$,2006,0
Kosovo,1,$,2007,0
Kosovo,1,$,2008,0
Kosovo,1,$,2009,0
Kosovo,1,$,2010,0
Kosovo,1,$,2011,0
Kosovo,1,$,2015,0
Kosovo,1,$,2016,0
Kosovo,1,$,2017,0
Kosovo,1,$,2018,0
Kyrgyzstan,1,$,1989,0
Kyrgyzstan,1,$,1990,0
Kyrgyzstan,1,$,1991,0
Kyrgyzstan,1,$,1992,0
Kyrgyzstan,1,$,1994,0
Kyrgyzstan,1,$,1995,0
Kyrgyzstan,1,$,1997,0
Latvia,1,$,1989,0
Latvia,1,$,1990,0
Latvia,1,$,1991,0
Liberia,1,$,1991,0
Liberia,1,$,1993,0
Liberia,1,$,1994,0
Liberia,1,$,1995,0
Liberia,1,$,2012,0
Libya,1,$,1989,0
Libya,1,$,1990,0
Libya,1,$,1991,0
Libya,1,$,1992,0
Libya,1,$,1993,0
Libya,1,$,1994,0
Libya,1,$,1995,0
Libya,1,$,1996,0
Libya,1,$,1997,0
Libya,1,$,1998,0
Libya,1,$,1999,0
Libya,1,$,2000,0
Libya,1,$,2001,0
Libya,1,$,2002,0
Libya,1,$,2003,0
Libya,1,$,2004,0
Libya,1,$,2005,0
Libya,1,$,2006,0
Libya,1,$,2007,0
Libya,1,$,2010,0
Libya,1,$,2011,0
Libya,1,$,2012,0
Libya,1,$,2013,0
Libya,1,$,2016,0
Libya,1,$,2019,0
Libya,1,$,2020,0
Libya,1,$,2022,0
Lithuania,1,$,1989,0
Lithuania,1,$,1990,0
Lithuania,1,$,1991,0
Luxembourg,1,$,1995,0
Madagascar,1,$,1989,0
Maldive Islands,1,$,2007,0
Maldive Islands,1,$,2010,0
Maldive Islands,1,$,2012,0
Maldive Islands,1,$,2013,0
Maldive Islands,1,$,2015,0
Maldive Islands,1,$,2016,0
Maldive Islands,1,$,2018,0
Marshall islands,1,$,1989,0
Marshall islands,1,$,1990,0
Marshall islands,1,$,1991,0
Marshall islands,1,$,1992,0
Marshall islands,1,$,1994,0
Marshall islands,1,$,1995,0
Marshall islands,1,$,1996,0
Marshall islands,1,$,1997,0
Marshall islands,1,$,2000,0
Marshall islands,1,$,2002,0
Marshall islands,1,$,2004,0
Marshall islands,1,$,2007,0
Marshall islands,1,$,2009,0
Marshall islands,1,$,2010,0
Marshall islands,1,$,2012,0
Marshall islands,1,$,2013,0
Marshall islands,1,$,2014,0
Marshall islands,1,$,2015,0
Marshall islands,1,$,2019,0
Marshall islands,1,$,2025,0
Mauritania,1,$,1989,0
Mauritania,1,$,1991,0
Mauritania,1,$,1995,0
Mayotte,1,$,1989,0
Mayotte,1,$,1990,0
Mayotte,1,$,1991,0
Mayotte,1,$,1992,0
Mayotte,1,$,1993,0
Mayotte,1,$,1994,0
Mayotte,1,$,1995,0
Mayotte,1,$,1996,0
Mayotte,1,$,1997,0
Mayotte,1,$,1998,0
Mayotte,1,$,1999,0
Mayotte,1,$,2000,0
Mayotte,1,$,2001,0
Mayotte,1,$,2002,0
Mayotte,1,$,2003,0
Mayotte,1,$,2004,0
Mayotte,1,$,2005,0
Mayotte,1,$,2006,0
Mayotte,1,$,2009,0
Mayotte,1,$,2011,0
Mayotte,1,$,2012,0
Mayotte,1,$,2013,0
Mayotte,1,$,2014,0
Mayotte,1,$,2015,0
Mayotte,1,$,2018,0
Mayotte,1,$,2020,0
Mayotte,1,$,2025,0
Moldova,1,$,1989,0
Moldova,1,$,1990,0
Moldova,1,$,1991,0
Mongolia,1,$,1989,0
Mongolia,1,$,1991,0
Montenegro,1,$,1989,0
Montenegro,1,$,1990,0
Montenegro,1,$,1991,0
Montenegro,1,$,1992,0
Montenegro,1,$,1993,0
Montenegro,1,$,1994,0
Montenegro,1,$,1995,0
Montenegro,1,$,1996,0
Montenegro,1,$,1997,0
Montenegro,1,$,1998,0
Montenegro,1,$,1999,0
Montenegro,1,$,2000,0
Montenegro,1,$,2001,0
Montenegro,1,$,2002,0
Montenegro,1,$,2003,0
Montenegro,1,$,2004,0
Montenegro,1,$,2005,0
Montenegro,1,$,2006,0
Montenegro,1,$,2008,0
Montserrat,1,$,1990,0
Montserrat,1,$,1995,0
Montserrat,1,$,2007,0
Montserrat,1,$,2009,0
Montserrat,1,$,2014,0
Montserrat,1,$,2015,0
Montserrat,1,$,2016,0
Montserrat,1,$,2017,0
Montserrat,1,$,2023,0
Montserrat,1,$,2024,0
Montserrat,1,$,2025,0
Mozambique,1,$,2000,0
Mozambique,1,$,2008,0
Mozambique,1,$,2009,0
Mozambique,1,$,2012,0
Mozambique,1,$,2015,0
Mozambique,1,$,2017,0
Mozambique,1,$,2018,0
Mozambique,1,$,2022,0
Namibia,1,$,1989,0
Namibia,1,$,1992,0
Namibia,1,$,1995,0
Namibia,1,$,1996,0
Namibia,1,$,1997,0
Namibia,1,$,1999,0
Nauru,1,$,1990,0
Nauru,1,$,1991,0
Nauru,1,$,1993,0
Nauru,1,$,1994,0
Nauru,1,$,1995,0
Nauru,1,$,1996,0
Nauru,1,$,1997,0
Nauru,1,$,2000,0
Nauru,1,$,2001,0
Nauru,1,$,2002,0
Nauru,1,$,2003,0
Nauru,1,$,2004,0
Nauru,1,$,2009,0
Netherlands Antilles,1,$,2012,0
Netherlands Antilles,1,$,2013,0
Netherlands Antilles,1,$,2014,0
Netherlands Antilles,1,$,2015,0
Netherlands Antilles,1,$,2016,0
Netherlands Antilles,1,$,2017,0
Netherlands Antilles,1,$,2018,0
Netherlands Antilles,1,$,2019,0
Netherlands Antilles,1,$,2020,0
Netherlands Antilles,1,$,2021,0
Netherlands Antilles,1,$,2022,0
Netherlands Antilles,1,$,2023,0
Netherlands Antilles,1,$,2024,0
Netherlands Antilles,1,$,2025,0
New Caledonia,1,$,1995,0
New Caledonia,1,$,1997,0
New Caledonia,1,$,1998,0
New Caledonia,1,$,1999,0
New Caledonia,1,$,2000,0
New Caledonia,1,$,2003,0
New Caledonia,1,$,2019,0
Nicaragua,1,$,1989,0
Nicaragua,1,$,1990,0
Niue,1,$,1989,0
Niue,1,$,1990,0
Niue,1,$,1991,0
Niue,1,$,1992,0
Niue,1,$,1994,0
Niue,1,$,1996,0
Niue,1,$,1997,0
Niue,1,$,1999,0
Niue,1,$,2002,0
Niue,1,$,2006,0
Niue,1,$,2007,0
Niue,1,$,2008,0
Niue,1,$,2010,0
Niue,1,$,2012,0
Niue,1,$,2015,0
Niue,1,$,2018,0
Niue,1,$,2020,0
Niue,1,$,2021,0
Niue,1,$,2022,0
Niue,1,$,2025,0
Norfolk Island,1,$,1989,0
Norfolk Island,1,$,1990,0
Norfolk Island,1,$,1992,0
Norfolk Island,1,$,1994,0
Norfolk Island,1,$,1995,0
Norfolk Island,1,$,1996,0
Norfolk Island,1,$,1997,0
Norfolk Island,1,$,1998,0
Norfolk Island,1,$,2000,0
Norfolk Island,1,$,2001,0
Norfolk Island,1,$,2002,0
Norfolk Island,1,$,2003,0
Norfolk Island,1,$,2004,0
Norfolk Island,1,$,2005,0
Norfolk Island,1,$,2006,0
Norfolk Island,1,$,2008,0
Norfolk Island,1,$,2009,0
Norfolk Island,1,$,2010,0
Norfolk Island,1,$,2013,0
Norfolk Island,1,$,2014,0
Norfolk Island,1,$,2016,0
Norfolk Island,1,$,2017,0
Norfolk Island,1,$,2018,0
Norfolk Island,1,$,2019,0
Norfolk Island,1,$,2020,0
Norfolk Island,1,$,2021,0
Norfolk Island,1,$,2022,0
Norfolk Island,1,$,2023,0
Norfolk Island,1,$,2024,0
Norfolk Island,1,$,2025,0
North Macedonia,1,$,1989,0
North Macedonia,1,$,1990,0
North Macedonia,1,$,1991,0
Pacific Island Trust,1,$,1990,0
Pacific Island Trust,1,$,1991,0
Pacific Island Trust,1,$,1992,0
Pacific Island Trust,1,$,1993,0
Pacific Island Trust,1,$,1994,0
Pacific Island Trust,1,$,1995,0
Pacific Island Trust,1,$,1996,0
Pacific Island Trust,1,$,1997,0
Pacific Island Trust,1,$,1998,0
Pacific Island Trust,1,$,1999,0
Pacific Island Trust,1,$,2000,0
Pacific Island Trust,1,$,2001,0
Pacific Island Trust,1,$,2002,0
Pacific Island Trust,1,$,2003,0
Pacific Island Trust,1,$,2004,0
Pacific Island Trust,1,$,2005,0
Pacific Island Trust,1,$,2006,0
Pacific Island Trust,1,$,2007,0
Pacific Island Trust,1,$,2008,0
Pacific Island Trust,1,$,2009,0
Pacific Island Trust,1,$,2010,0
Pacific Island Trust,1,$,2011,0
Pacific Island Trust,1,$,2012,0
Pacific Island Trust,1,$,2013,0
Pacific Island Trust,1,$,2014,0
Pacific Island Trust,1,$,2015,0
Pacific Island Trust,1,$,2016,0
Pacific Island Trust,1,$,2017,0
Pacific Island Trust,1,$,2018,0
Pacific Island Trust,1,$,2019,0
Pacific Island Trust,1,$,2020,0
Pacific Island Trust,1,$,2021,0
Pacific Island Trust,1,$,2022,0
Pacific Island Trust,1,$,2023,0
Pacific Island Trust,1,$,2024,0
Pacific Island Trust,1,$,2025,0
Palau,1,$,1989,0
Palau,1,$,1990,0
Palau,1,$,2004,0
Palau,1,$,2005,0
Palau,1,$,2006,0
Palau,1,$,2007,0
Palau,1,$,2008,0
Palau,1,$,2010,0
Palau,1,$,2011,0
Palau,1,$,2013,0
Palau,1,$,2014,0
Palau,1,$,2015,0
Palau,1,$,2017,0
Palau,1,$,2018,0
Palau,1,$,2019,0
Palau,1,$,2020,0
Palau,1,$,2021,0
Palau,1,$,2022,0
Palau,1,$,2025,0
Papua New Guinea,1,$,1989,0
Papua New Guinea,1,$,1990,0
Papua New Guinea,1,$,1991,0
Papua New Guinea,1,$,1992,0
Papua New Guinea,1,$,1994,0
Papua New Guinea,1,$,1995,0
Papua New Guinea,1,$,1999,0
Papua New Guinea,1,$,2001,0
Papua New Guinea,1,$,2003,0
Papua New Guinea,1,$,2006,0
Papua New Guinea,1,$,2016,0
Pitcairn Island,1,$,1990,0
Pitcairn Island,1,$,1991,0
Pitcairn Island,1,$,1992,0
Pitcairn Island,1,$,1993,0
Pitcairn Island,1,$,1995,0
Pitcairn Island,1,$,1996,0
Pitcairn Island,1,$,1997,0
Pitcairn Island,1,$,1999,0
Pitcairn Island,1,$,2000,0
Pitcairn Island,1,$,2001,0
Pitcairn Island,1,$,2002,0
Pitcairn Island,1,$,2003,0
Pitcairn Island,1,$,2004,0
Pitcairn Island,1,$,2006,0
Pitcairn Island,1,$,2007,0
Pitcairn Island,1,$,2008,0
Pitcairn Island,1,$,2009,0
Pitcairn Island,1,$,2010,0
Pitcairn Island,1,$,2011,0
Pitcairn Island,1,$,2012,0
Pitcairn Island,1,$,2013,0
Pitcairn Island,1,$,2014,0
Pitcairn Island,1,$,2015,0
Pitcairn Island,1,$,2016,0
Pitcairn Island,1,$,2017,0
Pitcairn Island,1,$,2018,0
Pitcairn Island,1,$,2020,0
Pitcairn Island,1,$,2021,0
Pitcairn Island,1,$,2022,0
Pitcairn Island,1,$,2023,0
Pitcairn Island,1,$,2024,0
Pitcairn Island,1,$,2025,0
Russia,1,$,1989,0
Russia,1,$,1990,0
Russia,1,$,1991,0
Rwanda,1,$,1989,0
Rwanda,1,$,1992,0
Rwanda,1,$,1993,0
Rwanda,1,$,1994,0
Rwanda,1,$,1995,0
Rwanda,1,$,1996,0
Rwanda,1,$,1997,0
Rwanda,1,$,1998,0
Rwanda,1,$,2000,0
Rwanda,1,$,2001,0
Rwanda,1,$,2002,0
Rwanda,1,$,2003,0
Sao Tome and Principe,1,$,1990,0
Sao Tome and Principe,1,$,1992,0
Sao Tome and Principe,1,$,1994,0
Sao Tome and Principe,1,$,1998,0
Sao Tome and Principe,1,$,2000,0
Sao Tome and Principe,1,$,2001,0
Sao Tome and Principe,1,$,2002,0
Sao Tome and Principe,1,$,2004,0
Sao Tome and Principe,1,$,2006,0
Sao Tome and Principe,1,$,2008,0
Sao Tome and Principe,1,$,2009,0
Sao Tome and Principe,1,$,2011,0
Sao Tome and Principe,1,$,2014,0
Sao Tome and Principe,1,$,2015,0
Sao Tome and Principe,1,$,2016,0
Sao Tome and Principe,1,$,2020,0
Sao Tome and Principe,1,$,2022,0
Sao Tome and Principe,1,$,2023,0
Sao Tome and Principe,1,$,2024,0
Sao Tome and Principe,1,$,2025,0
Serbia,1,$,1989,0
Serbia,1,$,1990,0
Serbia,1,$,1991,0
Serbia,1,$,1992,0
Serbia,1,$,1993,0
Serbia,1,$,1994,0
Serbia,1,$,1995,0
Serbia,1,$,1996,0
Serbia,1,$,1997,0
Serbia,1,$,1998,0
Serbia,1,$,1999,0
Serbia,1,$,2000,0
Serbia,1,$,2001,0
Serbia,1,$,2002,0
Serbia,1,$,2003,0
Serbia,1,$,2004,0
Serbia,1,$,2005,0
Serbia,1,$,2006,0
Seychelles,1,$,1990,0
Seychelles,1,$,1992,0
Seychelles,1,$,1993,0
Seychelles,1,$,1996,0
Seychelles,1,$,2010,0
Seychelles,1,$,2020,0
Sint Maarten,1,$,1989,0
Sint Maarten,1,$,1990,0
Sint Maarten,1,$,1991,0
Sint Maarten,1,$,1992,0
Sint Maarten,1,$,1993,0
Sint Maarten,1,$,1994,0
Sint Maarten,1,$,1995,0
Sint Maarten,1,$,1996,0
Sint Maarten,1,$,1997,0
Sint Maarten,1,$,1998,0
Sint Maarten,1,$,1999,0
Sint Maarten,1,$,2000,0
Sint Maarten,1,$,2001,0
Sint Maarten,1,$,2002,0
Sint Maarten,1,$,2003,0
Sint Maarten,1,$,2004,0
Sint Maarten,1,$,2005,0
Sint Maarten,1,$,2006,0
Sint Maarten,1,$,2007,0
Sint Maarten,1,$,2008,0
Sint Maarten,1,$,2009,0
Sint Maarten,1,$,2010,0
Sint Maarten,1,$,2021,0
Slovakia,1,$,1989,0
Slovakia,1,$,1990,0
Slovakia,1,$,1991,0
Slovakia,1,$,1992,0
Slovenia,1,$,1989,0
Slovenia,1,$,1990,0
Slovenia,1,$,1991,0
Solomon Islands,1,$,1991,0
Solomon Islands,1,$,1995,0
Solomon Islands,1,$,1996,0
Solomon Islands,1,$,1997,0
Solomon Islands,1,$,1998,0
Solomon Islands,1,$,1999,0
Solomon Islands,1,$,2002,0
Solomon Islands,1,$,2003,0
Solomon Islands,1,$,2005,0
Solomon Islands,1,$,2007,0
Solomon Islands,1,$,2008,0
Solomon Islands,1,$,2009,0
Solomon Islands,1,$,2017,0
Solomon Islands,1,$,2021,0
Solomon Islands,1,$,2022,0
Solomon Islands,1,$,2023,0
Solomon Islands,1,$,2024,0
Solomon Islands,1,$,2025,0
Somalia,1,$,1989,0
Somalia,1,$,1991,0
Somalia,1,$,1994,0
Somalia,1,$,1997,0
Somalia,1,$,2003,0
Somalia,1,$,2010,0
Somalia,1,$,2012,0
Somalia,1,$,2013,0
Somalia,1,$,2014,0
Somalia,1,$,2015,0
Somalia,1,$,2016,0
Somalia,1,$,2021,0
Somalia,1,$,2022,0
Somalia,1,$,2025,0
South Africa,1,$,1990,0
South Sudan,1,$,1989,0
South Sudan,1,$,1990,0
South Sudan,1,$,1991,0
South Sudan,1,$,1992,0
South Sudan,1,$,1993,0
South Sudan,1,$,1994,0
South Sudan,1,$,1995,0
South Sudan,1,$,1996,0
South Sudan,1,$,1997,0
South Sudan,1,$,1998,0
South Sudan,1,$,1999,0
South Sudan,1,$,2000,0
South Sudan,1,$,2001,0
South Sudan,1,$,2002,0
South Sudan,1,$,2003,0
South Sudan,1,$,2004,0
South Sudan,1,$,2005,0
South Sudan,1,$,2006,0
South Sudan,1,$,2007,0
South Sudan,1,$,2008,0
South Sudan,1,$,2009,0
South Sudan,1,$,2010,0
South Sudan,1,$,2011,0
South Sudan,1,$,2014,0
South Sudan,1,$,2015,0
South Sudan,1,$,2016,0
South Sudan,1,$,2017,0
South Sudan,1,$,2018,0
South Sudan,1,$,2019,0
South Sudan,1,$,2020,0
South Sudan,1,$,2021,0
South Sudan,1,$,2022,0
South Sudan,1,$,2023,0
South Sudan,1,$,2024,0
South Sudan,1,$,2025,0
St Helena,1,$,1989,0
St Helena,1,$,1990,0
St Helena,1,$,1991,0
St Helena,1,$,1992,0
St Helena,1,$,1993,0
St Helena,1,$,1994,0
St Helena,1,$,1995,0
St Helena,1,$,1997,0
St Helena,1,$,1999,0
St Helena,1,$,2000,0
St Helena,1,$,2001,0
St Helena,1,$,2002,0
St Helena,1,$,2006,0
St Helena,1,$,2008,0
St Helena,1,$,2009,0
St Helena,1,$,2012,0
St Helena,1,$,2013,0
St Helena,1,$,2014,0
St Helena,1,$,2015,0
St Helena,1,$,2017,0
St Helena,1,$,2018,0
St Helena,1,$,2019,0
St Helena,1,$,2020,0
St Helena,1,$,2021,0
St Helena,1,$,2022,0
St Helena,1,$,2023,0
St Helena,1,$,2024,0
St Helena,1,$,2025,0
St Kitts and Nevis,1,$,2021,0
St Lucia,1,$,2009,0
St Lucia,1,$,2018,0
St Lucia,1,$,2020,0
St Lucia,1,$,2021,0
St Lucia,1,$,2023,0
St Lucia,1,$,2024,0
St Pierre / Miquelon,1,$,1989,0
St Pierre / Miquelon,1,$,1990,0
St Pierre / Miquelon,1,$,1991,0
St Pierre / Miquelon,1,$,1992,0
St Pierre / Miquelon,1,$,1994,0
St Pierre / Miquelon,1,$,1995,0
St Pierre / Miquelon,1,$,1996,0
St Pierre / Miquelon,1,$,1997,0
St Pierre / Miquelon,1,$,1998,0
St Pierre / Miquelon,1,$,1999,0
St Pierre / Miquelon,1,$,2000,0
St Pierre / Miquelon,1,$,2001,0
St Pierre / Miquelon,1,$,2003,0
St Pierre / Miquelon,1,$,2004,0
St Pierre / Miquelon,1,$,2005,0
St Pierre / Miquelon,1,$,2006,0
St Pierre / Miquelon,1,$,2008,0
St Pierre / Miquelon,1,$,2009,0
St Pierre / Miquelon,1,$,2010,0
St Pierre / Miquelon,1,$,2011,0
St Pierre / Miquelon,1,$,2013,0
St Pierre / Miquelon,1,$,2014,0
St Pierre / Miquelon,1,$,2015,0
St Pierre / Miquelon,1,$,2016,0
St Pierre / Miquelon,1,$,2017,0
St Pierre / Miquelon,1,$,2018,0
St Pierre / Miquelon,1,$,2019,0
St Pierre / Miquelon,1,$,2020,0
St Pierre / Miquelon,1,$,2021,0
St Pierre / Miquelon,1,$,2022,0
St Pierre / Miquelon,1,$,2023,0
St Pierre / Miquelon,1,$,2024,0
St Pierre / Miquelon,1,$,2025,0
St Vincent/Grenadines,1,$,2006,0
St Vincent/Grenadines,1,$,2007,0
St Vincent/Grenadines,1,$,2011,0
St Vincent/Grenadines,1,$,2014,0
St Vincent/Grenadines,1,$,2016,0
St Vincent/Grenadines,1,$,2019,0
Sudan,1,$,1989,0
Sudan,1,$,1992,0
Sudan,1,$,1994,0
Sudan,1,$,1998,0
Sudan,1,$,1999,0
Sudan,1,$,2001,0
Sudan,1,$,2002,0
Sudan,1,$,2003,0
Sudan,1,$,2004,0
Sudan,1,$,2005,0
Sudan,1,$,2006,0
Sudan,1,$,2007,0
Sudan,1,$,2008,0
Sudan,1,$,2009,0
Sudan,1,$,2010,0
Sudan,1,$,2011,0
Sudan,1,$,2012,0
Sudan,1,$,2013,0
Sudan,1,$,2014,0
Sudan,1,$,2015,0
Sudan,1,$,2016,0
Sudan,1,$,2017,0
Sudan,1,$,2018,0
Sudan,1,$,2019,0
Sudan,1,$,2020,0
Sudan,1,$,2021,0
Sudan,1,$,2022,0
Sudan,1,$,2023,0
Sudan,1,$,2024,0
Sudan,1,$,2025,0
Suriname,1,$,1993,0
Suriname,1,$,1995,0
Suriname,1,$,1996,0
Suriname,1,$,1997,0
Suriname,1,$,1998,0
Suriname,1,$,2003,0
Suriname,1,$,2023,0
Suriname,1,$,2024,0
Tajikistan,1,$,1989,0
Tajikistan,1,$,1990,0
Tajikistan,1,$,1991,0
Tajikistan,1,$,1992,0
Tajikistan,1,$,1993,0
Tajikistan,1,$,1994,0
Tajikistan,1,$,1997,0
Tajikistan,1,$,2001,0
Tajikistan,1,$,2008,0
Tajikistan,1,$,2010,0
Tajikistan,1,$,2011,0
Tajikistan,1,$,2013,0
Tokelau Islands,1,$,2022,0
Tokelau Islands,1,$,2023,0
Tokelau Islands,1,$,2024,0
Tokelau Islands,1,$,2025,0
Tonga,1,$,1990,0
Tonga,1,$,1992,0
Tonga,1,$,1993,0
Tonga,1,$,1994,0
Tonga,1,$,1997,0
Tonga,1,$,1999,0
Tonga,1,$,2000,0
Tonga,1,$,2001,0
Tonga,1,$,2002,0
Tonga,1,$,2007,0
Tonga,1,$,2019,0
Turkmenistan,1,$,1989,0
Turkmenistan,1,$,1990,0
Turkmenistan,1,$,1991,0
Turkmenistan,1,$,1992,0
Turkmenistan,1,$,1993,0
Turkmenistan,1,$,1994,0
Turkmenistan,1,$,1995,0
Turkmenistan,1,$,1996,0
Turkmenistan,1,$,1997,0
"Turks, Caicos Isls.",1,$,1990,0
"Turks, Caicos Isls.",1,$,1991,0
"Turks, Caicos Isls.",1,$,1992,0
"Turks, Caicos Isls.",1,$,1993,0
"Turks, Caicos Isls.",1,$,1994,0
"Turks, Caicos Isls.",1,$,1995,0
"Turks, Caicos Isls.",1,$,1997,0
"Turks, Caicos Isls.",1,$,1998,0
"Turks, Caicos Isls.",1,$,1999,0
"Turks, Caicos Isls.",1,$,2001,0
"Turks, Caicos Isls.",1,$,2002,0
"Turks, Caicos Isls.",1,$,2006,0
"Turks, Caicos Isls.",1,$,2008,0
"Turks, Caicos Isls.",1,$,2012,0
"Turks, Caicos Isls.",1,$,2014,0
Tuvalu,1,$,1989,0
Tuvalu,1,$,1990,0
Tuvalu,1,$,1991,0
Tuvalu,1,$,1992,0
Tuvalu,1,$,1994,0
Tuvalu,1,$,1995,0
Tuvalu,1,$,1996,0
Tuvalu,1,$,1997,0
Tuvalu,1,$,1998,0
Tuvalu,1,$,1999,0
Tuvalu,1,$,2000,0
Tuvalu,1,$,2001,0
Tuvalu,1,$,2002,0
Tuvalu,1,$,2003,0
Tuvalu,1,$,2004,0
Tuvalu,1,$,2005,0
Tuvalu,1,$,2006,0
Tuvalu,1,$,2007,0
Tuvalu,1,$,2008,0
Tuvalu,1,$,2009,0
Tuvalu,1,$,2010,0
Tuvalu,1,$,2011,0
Tuvalu,1,$,2012,0
Tuvalu,1,$,2013,0
Tuvalu,1,$,2014,0
Tuvalu,1,$,2015,0
Tuvalu,1,$,2016,0
Tuvalu,1,$,2018,0
Tuvalu,1,$,2019,0
Tuvalu,1,$,2020,0
Tuvalu,1,$,2021,0
Tuvalu,1,$,2023,0
Tuvalu,1,$,2024,0
Tuvalu,1,$,2025,0
Uganda,1,$,1990,0
Uganda,1,$,1992,0
Uganda,1,$,1993,0
Uganda,1,$,1994,0
Uganda,1,$,1995,0
Uganda,1,$,1996,0
Uganda,1,$,1997,0
Uganda,1,$,1999,0
Uganda,1,$,2000,0
Uganda,1,$,2002,0
Ukraine,1,$,1989,0
Ukraine,1,$,1990,0
Ukraine,1,$,1991,0
USSR,1,$,1993,0
USSR,1,$,1994,0
USSR,1,$,1995,0
USSR,1,$,1996,0
USSR,1,$,1997,0
USSR,1,$,1998,0
USSR,1,$,1999,0
USSR,1,$,2000,0
USSR,1,$,2001,0
USSR,1,$,2002,0
USSR,1,$,2003,0
USSR,1,$,2004,0
USSR,1,$,2005,0
USSR,1,$,2006,0
USSR,1,$,2007,0
USSR,1,$,2008,0
USSR,1,$,2009,0
USSR,1,$,2010,0
USSR,1,$,2011,0
USSR,1,$,2012,0
USSR,1,$,2013,0
USSR,1,$,2014,0
USSR,1,$,2015,0
USSR,1,$,2016,0
USSR,1,$,2017,0
USSR,1,$,2018,0
USSR,1,$,2019,0
USSR,1,$,2020,0
USSR,1,$,2021,0
USSR,1,$,2022,0
USSR,1,$,2023,0
USSR,1,$,2024,0
USSR,1,$,2025,0
Uzbekistan,1,$,1989,0
Uzbekistan,1,$,1990,0
Uzbekistan,1,$,1991,0
Vanuatu,1,$,1989,0
Vanuatu,1,$,1990,0
Vanuatu,1,$,1991,0
Vanuatu,1,$,1992,0
Vanuatu,1,$,1993,0
Vanuatu,1,$,1994,0
Vanuatu,1,$,1995,0
Vanuatu,1,$,1996,0
Vanuatu,1,$,1997,0
Vanuatu,1,$,1998,0
Vanuatu,1,$,1999,0
Vanuatu,1,$,2000,0
Vanuatu,1,$,2001,0
Vanuatu,1,$,2003,0
Vanuatu,1,$,2004,0
Vanuatu,1,$,2006,0
Vanuatu,1,$,2007,0
Vanuatu,1,$,2008,0
Vanuatu,1,$,2009,0
Vanuatu,1,$,2011,0
Vanuatu,1,$,2012,0
Vanuatu,1,$,2013,0
Vanuatu,1,$,2014,0
Vanuatu,1,$,2015,0
Vanuatu,1,$,2018,0
Vanuatu,1,$,2020,0
Vanuatu,1,$,2022,0
Vietnam,1,$,1989,0
Vietnam,1,$,1990,0
Vietnam,1,$,1991,0
Vietnam,1,$,1992,0
Vietnam,1,$,1993,0
Wallis and Futuna,1,$,1989,0
Wallis and Futuna,1,$,1990,0
Wallis and Futuna,1,$,1991,0
Wallis and Futuna,1,$,1992,0
Wallis and Futuna,1,$,1993,0
Wallis and Futuna,1,$,1994,0
Wallis and Futuna,1,$,1995,0
Wallis and Futuna,1,$,1996,0
Wallis and Futuna,1,$,1997,0
Wallis and Futuna,1,$,1998,0
Wallis and Futuna,1,$,1999,0
Wallis and Futuna,1,$,2000,0
Wallis and Futuna,1,$,2001,0
Wallis and Futuna,1,$,2002,0
Wallis and Futuna,1,$,2003,0
Wallis and Futuna,1,$,2004,0
Wallis and Futuna,1,$,2005,0
Wallis and Futuna,1,$,2006,0
Wallis and Futuna,1,$,2007,0
Wallis and Futuna,1,$,2008,0
Wallis and Futuna,1,$,2009,0
Wallis and Futuna,1,$,2010,0
Wallis and Futuna,1,$,2011,0
Wallis and Futuna,1,$,2012,0
Wallis and Futuna,1,$,2013,0
Wallis and Futuna,1,$,2014,0
Wallis and Futuna,1,$,2015,0
Wallis and Futuna,1,$,2016,0
Wallis and Futuna,1,$,2020,0
Wallis and Futuna,1,$,2023,0
Wallis and Futuna,1,$,2024,0
Wallis and Futuna,1,$,2025,0
Western Sahara,1,$,1989,0
Western Sahara,1,$,1990,0
Western Sahara,1,$,1991,0
Western Sahara,1,$,1993,0
Western Sahara,1,$,1994,0
Western Sahara,1,$,1995,0
Western Sahara,1,$,1996,0
Western Sahara,1,$,1997,0
Western Sahara,1,$,1998,0
Western Sahara,1,$,1999,0
Western Sahara,1,$,2000,0
Western Sahara,1,$,2001,0
Western Sahara,1,$,2002,0
Western Sahara,1,$,2003,0
Western Sahara,1,$,2004,0
Western Sahara,1,$,2005,0
Western Sahara,1,$,2006,0
Western Sahara,1,$,2007,0
Western Sahara,1,$,2008,0
Western Sahara,1,$,2009,0
Western Sahara,1,$,2010,0
Western Sahara,1,$,2011,0
Western Sahara,1,$,2012,0
Western Sahara,1,$,2013,0
Western Sahara,1,$,2014,0
Western Sahara,1,$,2015,0
Western Sahara,1,$,2016,0
Western Sahara,1,$,2017,0
Western Sahara,1,$,2018,0
Western Sahara,1,$,2019,0
Western Sahara,1,$,2020,0
Western Sahara,1,$,2021,0
Western Sahara,1,$,2022,0
Western Sahara,1,$,2023,0
Western Sahara,1,$,2024,0
Western Sahara,1,$,2025,0
Western Samoa,1,$,1991,0
Western Samoa,1,$,1992,0
Western Samoa,1,$,1994,0
Western Samoa,1,$,1995,0
Western Samoa,1,$,1997,0
Western Samoa,1,$,1998,0
Western Samoa,1,$,2006,0
Western Samoa,1,$,2007,0
Yemen,1,$,1989,0
Yemen,1,$,1990,0
Yemen,1,$,1991,0
Yemen,1,$,1996,0
Yemen,1,$,1997,0
Yemen,1,$,2001,0
Yugoslavia,1,$,1989,0
Yugoslavia,1,$,1990,0
Yugoslavia,1,$,1991,0
Yugoslavia,1,$,1994,0
Yugoslavia,1,$,1995,0
Yugoslavia,1,$,2007,0
Yugoslavia,1,$,2008,0
Yugoslavia,1,$,2009,0
Yugoslavia,1,$,2010,0
Yugoslavia,1,$,2011,0
Yugoslavia,1,$,2012,0
Yugoslavia,1,$,2013,0
Yugoslavia,1,$,2014,0
Yugoslavia,1,$,2015,0
Yugoslavia,1,$,2016,0
Yugoslavia,1,$,2017,0
Yugoslavia,1,$,2018,0
Yugoslavia,1,$,2019,0
Yugoslavia,1,$,2020,0
Yugoslavia,1,$,2021,0
Yugoslavia,1,$,2022,0
Yugoslavia,1,$,2023,0
Yugoslavia,1,$,2024,0
Yugoslavia,1,$,2025,0
Yugoslavia [1],1,$,1993,0
Yugoslavia [1],1,$,1994,0
Yugoslavia [1],1,$,1995,0
Yugoslavia [1],1,$,1996,0
Yugoslavia [1],1,$,1997,0
Yugoslavia [1],1,$,1998,0
Yugoslavia [1],1,$,1999,0
Yugoslavia [1],1,$,2000,0
Yugoslavia [1],1,$,2001,0
Yugoslavia [1],1,$,2002,0
Yugoslavia [1],1,$,2003,0
Yugoslavia [1],1,$,2004,0
Yugoslavia [1],1,$,2005,0
Yugoslavia [1],1,$,2006,0
Yugoslavia [1],1,$,2007,0
Yugoslavia [1],1,$,2008,0
Yugoslavia [1],1,$,2009,0
Yugoslavia [1],1,$,2010,0
Yugoslavia [1],1,$,2011,0
Yugoslavia [1],1,$,2012,0
Yugoslavia [1],1,$,2013,0
Yugoslavia [1],1,$,2014,0
Yugoslavia [1],1,$,2015,0
Yugoslavia [1],1,$,2016,0
Yugoslavia [1],1,$,2017,0
Yugoslavia [1],1,$,2018,0
Yugoslavia [1],1,$,2019,0
Yugoslavia [1],1,$,2020,0
Yugoslavia [1],1,$,2021,0
Yugoslavia [1],1,$,2022,0
Yugoslavia [1],1,$,2023,0
Yugoslavia [1],1,$,2024,0
Yugoslavia [1],1,$,2025,0
Yugoslavia [2],1,$,1989,0
Yugoslavia [2],1,$,1990,0
Yugoslavia [2],1,$,1991,0
Yugoslavia [2],1,$,1994,0
Yugoslavia [2],1,$,1995,0
Yugoslavia [2],1,$,2007,0
Yugoslavia [2],1,$,2008,0
Yugoslavia [2],1,$,2009,0
Yugoslavia [2],1,$,2010,0
Yugoslavia [2],1,$,2011,0
Yugoslavia [2],1,$,2012,0
Yugoslavia [2],1,$,2013,0
Yugoslavia [2],1,$,2014,0
Yugoslavia [2],1,$,2015,0
Yugoslavia [2],1,$,2016,0
Yugoslavia [2],1,$,2017,0
Yugoslavia [2],1,$,2018,0
Yugoslavia [2],1,$,2019,0
Yugoslavia [2],1,$,2020,0
Yugoslavia [2],1,$,2021,0
Yugoslavia [2],1,$,2022,0
Yugoslavia [2],1,$,2023,0
Yugoslavia [2],1,$,2024,0
Yugoslavia [2],1,$,2025,0
Zambia,1,$,1990,0
Zambia,1,$,1992,0
Zambia,1,$,1994,0
Zambia,1,$,1995,0
Zambia,1,$,1998,0
Zambia,1,$,2002,0
Zambia,1,$,2003,0
Zambia,1,$,2009,0
