Country,Category ID,Units,Year,DATA_VALUE
World,1,M2,2022,31046443710
World,1,M2,2021,29425682240
World,1,M2,2018,27721751850
World,1,M2,2019,27647601651
World,1,M2,2015,27207675682
World,1,M2,2017,27080367871
World,1,M2,2016,26897106255
World,1,M2,2023,25744168377
World,1,M2,2024,25743845748
World,1,M2,2014,25645659505
World,1,M2,2013,24838480364
World,1,M2,2010,24743986749
World,1,M2,2025,24730006658
World,1,M2,2011,23864261051
World,1,M2,2012,23684452435
World,1,M2,2007,23332110801
World,1,M2,2020,23128730701
World,1,M2,2008,22694039730
World,1,M2,2006,22539239195
World,1,M2,2005,22009812085
World,1,M2,2009,21317221071
World,1,M2,2004,19950995982
World,1,M2,2003,18863746194
World,1,M2,2002,17255657433
World,1,M2,2001,16103471620
World,1,M2,2000,16035348460
World,1,M2,1999,14102856500
World,1,M2,1998,12885669450
China,1,M2,2018,11605790772
China,1,M2,2015,11383757739
China,1,M2,2017,11357828386
World,1,M2,1997,11349130157
China,1,M2,2016,11157003352
China,1,M2,2021,11117655861
China,1,M2,2019,11047566329
China,1,M2,2014,10780023080
China,1,M2,2022,10768719155
China,1,M2,2010,10386779443
China,1,M2,2013,10369441224
China,1,M2,2012,9884076625
China,1,M2,2011,9738200898
World,1,M2,1996,9658472153
China,1,M2,2024,9290781945
China,1,M2,2023,9290716801
World,1,M2,1995,9254889925
China,1,M2,2009,8623273230
China,1,M2,2020,8465904688
World,1,M2,1994,8421449791
_ASEAN,1,M2,2022,8361337027
China,1,M2,2007,8033594192
_ASEAN,1,M2,2025,7981351828
China,1,M2,2008,7788658096
World,1,M2,1993,7545848737
_ASEAN,1,M2,2021,7344899498
World,1,M2,1992,7078619983
_ASEAN,1,M2,2023,6884260137
_ASEAN,1,M2,2024,6884215071
_ASEAN,1,M2,2019,6797565487
China,1,M2,2025,6752006766
_W HEMI,1,M2,2000,6668020013
_ASEAN,1,M2,2018,6603729407
China,1,M2,2006,6506084528
_W HEMI,1,M2,2004,6455159446
_W HEMI,1,M2,2003,6414633614
_ASEAN,1,M2,2017,6409584973
_ASEAN,1,M2,2020,6397493518
_W HEMI,1,M2,2002,6355226261
_W HEMI,1,M2,2001,6316164084
_ASEAN,1,M2,2015,6255244747
_ASEAN,1,M2,2016,6245157508
_W HEMI,1,M2,2005,6208106045
_W HEMI,1,M2,1999,6152557174
World,1,M2,1991,6149178480
World,1,M2,1989,6048617321
World,1,M2,1990,6007084781
China,1,M2,2005,5883430984
_ASEAN,1,M2,2014,5790374025
_W HEMI,1,M2,2006,5578855011
_ASEAN,1,M2,2013,5542682879
_W HEMI,1,M2,1998,5415142317
_ASEAN,1,M2,2012,5229876089
_ASEAN,1,M2,2011,5227013698
_W HEMI,1,M2,2007,5152003117
_ASEAN,1,M2,2010,5090290607
Vietnam,1,M2,2022,4915308665
_W HEMI,1,M2,2008,4892781631
_W HEMI,1,M2,1997,4712713943
Vietnam,1,M2,2025,4681177500
_ASEAN,1,M2,2008,4680973710
_W HEMI,1,M2,2010,4485496001
_ASEAN,1,M2,2007,4471553912
_W HEMI,1,M2,2016,4448979027
_W HEMI,1,M2,2015,4423044673
_W HEMI,1,M2,2011,4393484703
_W HEMI,1,M2,2014,4374864706
Vietnam,1,M2,2021,4370422870
_ASEAN,1,M2,2009,4341535493
_W HEMI,1,M2,2018,4310384749
_W HEMI,1,M2,2013,4291635023
_W HEMI,1,M2,2019,4290373364
_ASEAN,1,M2,2006,4256005342
_W HEMI,1,M2,2017,4254536961
_W HEMI,1,M2,2012,4230545591
_W HEMI,1,M2,2021,4203339145
Vietnam,1,M2,2023,4166681352
Vietnam,1,M2,2024,4166643049
_W HEMI,1,M2,2022,4155669361
Vietnam,1,M2,2019,3942682571
_W HEMI,1,M2,2009,3893037368
_CAFTA-DR,1,M2,2004,3790833977
_CAFTA-DR,1,M2,2005,3787313907
Vietnam,1,M2,2020,3787158543
Vietnam,1,M2,2018,3724811921
_CAFTA-DR,1,M2,2003,3685156302
_ASEAN,1,M2,2005,3668415272
_W HEMI,1,M2,1996,3610677714
Vietnam,1,M2,2017,3599478002
_CAFTA-DR,1,M2,2002,3494430213
_ASEAN,1,M2,2004,3468490230
_CAFTA-DR,1,M2,2006,3406982921
_CAFTA-DR,1,M2,2008,3379437580
_CAFTA-DR,1,M2,2000,3376666866
Vietnam,1,M2,2016,3350069786
_CAFTA-DR,1,M2,2007,3341825773
_CAFTA-DR,1,M2,2001,3331243515
_ASEAN,1,M2,2003,3315998713
_W HEMI,1,M2,2023,3248250082
_W HEMI,1,M2,2024,3248146632
_W HEMI,1,M2,2020,3228697122
Vietnam,1,M2,2015,3135289663
Bangladesh,1,M2,2022,3135082866
_CAFTA-DR,1,M2,1999,3118904823
_CAFTA-DR,1,M2,2016,3094341666
_CAFTA-DR,1,M2,2010,3088404755
_W HEMI,1,M2,2025,3052057533
_W HEMI,1,M2,1995,3043935694
_CAFTA-DR,1,M2,2015,3041310191
_CAFTA-DR,1,M2,2011,2996681706
_CAFTA-DR,1,M2,2014,2992821521
China,1,M2,2004,2972522846
_CAFTA-DR,1,M2,2017,2953284240
_CAFTA-DR,1,M2,2018,2948246719
_CAFTA-DR,1,M2,2019,2940543096
_CAFTA-DR,1,M2,2013,2920579573
_CAFTA-DR,1,M2,2012,2902816876
_USMCA,1,M2,2000,2826886719
_ASEAN,1,M2,2002,2823666504
_CAFTA-DR,1,M2,2022,2815463614
_CAFTA-DR,1,M2,2021,2761567025
_CAFTA-DR,1,M2,1998,2756356451
Vietnam,1,M2,2014,2751065137
Bangladesh,1,M2,2025,2656149007
Bangladesh,1,M2,2021,2609410170
_CAFTA-DR,1,M2,2009,2593236897
_USMCA,1,M2,1999,2575377165
_USMCA,1,M2,2001,2571337126
_CAFTA-DR,1,M2,1997,2542499063
Mexico,1,M2,2000,2526814253
_ASEAN,1,M2,2001,2451132615
_USMCA,1,M2,2002,2448852433
Vietnam,1,M2,2013,2430355022
Bangladesh,1,M2,2023,2368634442
Bangladesh,1,M2,2024,2368597793
_W HEMI,1,M2,1994,2337440104
Mexico,1,M2,1999,2306887791
_CAFTA-DR,1,M2,2023,2303924832
_CAFTA-DR,1,M2,2024,2303833061
Mexico,1,M2,2001,2290141584
China,1,M2,2003,2289847415
_ASEAN,1,M2,2000,2280214489
_USMCA,1,M2,2003,2239367516
_USMCA,1,M2,1998,2217353242
Mexico,1,M2,2002,2157195994
Vietnam,1,M2,2012,2145041195
_USMCA,1,M2,2004,2140763626
_CAFTA-DR,1,M2,2020,2106874134
_CAFTA-DR,1,M2,2025,2106468252
Bangladesh,1,M2,2019,2008753341
Vietnam,1,M2,2011,1998370685
Mexico,1,M2,1998,1984577189
Mexico,1,M2,2003,1977284850
_CAFTA-DR,1,M2,1996,1973593442
Bangladesh,1,M2,2018,1933174641
_W HEMI,1,M2,1993,1919928361
Vietnam,1,M2,2010,1910502973
Mexico,1,M2,2004,1896210937
_USMCA,1,M2,2005,1893051854
Bangladesh,1,M2,2020,1889092133
Bangladesh,1,M2,2015,1871422258
_ASEAN,1,M2,1999,1863529326
Bangladesh,1,M2,2016,1861117456
Bangladesh,1,M2,2017,1851102704
_USMCA,1,M2,1997,1741200114
Mexico,1,M2,2005,1703425351
_CAFTA-DR,1,M2,1995,1702619629
Bangladesh,1,M2,2013,1692446586
_ASEAN,1,M2,1998,1646904302
_USMCA,1,M2,2006,1635924535
Vietnam,1,M2,2009,1612176927
Bangladesh,1,M2,2014,1609705350
Bangladesh,1,M2,2010,1606062881
_W HEMI,1,M2,1992,1598993603
Cambodia,1,M2,2025,1573999196
China,1,M2,2002,1564963032
Mexico,1,M2,1997,1555103373
Bangladesh,1,M2,2011,1539526666
Vietnam,1,M2,2008,1527740086
Bangladesh,1,M2,2012,1521916171
India,1,M2,2022,1497409258
_OECD,1,M2,2002,1490496395
Mexico,1,M2,2006,1477174058
Bangladesh,1,M2,2008,1436236868
_OECD,1,M2,2001,1435341665
India,1,M2,2025,1427540776
_OECD,1,M2,2003,1414099952
_OECD,1,M2,2000,1407309582
_ASEAN,1,M2,1997,1400943311
Bangladesh,1,M2,2009,1383832929
Indonesia,1,M2,2022,1382282968
India,1,M2,2024,1372139489
India,1,M2,2023,1372052517
_OECD,1,M2,2004,1362492038
Cambodia,1,M2,2022,1359650328
_CAFTA-DR,1,M2,1994,1354885032
Bangladesh,1,M2,2007,1351828298
Honduras,1,M2,2008,1331117773
_USMCA,1,M2,2007,1327244377
Indonesia,1,M2,2011,1307407502
Bangladesh,1,M2,2006,1306918705
_ASEAN,1,M2,1995,1295959893
_W HEMI,1,M2,1991,1282186615
India,1,M2,2021,1280948540
Vietnam,1,M2,2007,1273670148
Honduras,1,M2,2010,1271899800
_ASEAN,1,M2,1996,1268156277
Indonesia,1,M2,2016,1265653770
Indonesia,1,M2,2015,1264630380
Indonesia,1,M2,2012,1262662539
Indonesia,1,M2,2013,1261802280
Indonesia,1,M2,2010,1261775269
Honduras,1,M2,2005,1246809494
Indonesia,1,M2,2014,1246390701
Cambodia,1,M2,2021,1242531436
_USMCA,1,M2,1996,1239029520
Indonesia,1,M2,2017,1227242618
Honduras,1,M2,2007,1222851240
Mexico,1,M2,2007,1210459669
_OECD,1,M2,1999,1208753304
Honduras,1,M2,2004,1198533425
_ASEAN,1,M2,1994,1191288347
Honduras,1,M2,2011,1182790894
Indonesia,1,M2,2018,1173422564
Cambodia,1,M2,2023,1164470818
Cambodia,1,M2,2024,1164466288
_ASEAN,1,M2,1993,1152926562
Indonesia,1,M2,2025,1152430499
Honduras,1,M2,2003,1151897618
_CAFTA-DR,1,M2,1993,1139473042
Honduras,1,M2,2006,1136133232
Indonesia,1,M2,2019,1128464194
Cambodia,1,M2,2020,1127383153
Bangladesh,1,M2,2005,1124829783
Honduras,1,M2,2012,1118705422
India,1,M2,2019,1118448511
Honduras,1,M2,2015,1114370630
_USMCA,1,M2,2008,1110203066
Indonesia,1,M2,2021,1106831130
Indonesia,1,M2,2008,1099226738
Mexico,1,M2,1996,1099223878
_ASEAN,1,M2,1992,1099087259
Honduras,1,M2,2002,1090164635
Honduras,1,M2,2014,1084782159
India,1,M2,2018,1084739376
Honduras,1,M2,2016,1081162497
Honduras,1,M2,2013,1073321571
Indonesia,1,M2,2009,1069647199
Cambodia,1,M2,2013,1065048971
Indonesia,1,M2,2007,1064246091
India,1,M2,2017,1063519579
_W HEMI,1,M2,1990,1061913999
_OECD,1,M2,1998,1054968540
Cambodia,1,M2,2015,1051265707
India,1,M2,2016,1043992634
Cambodia,1,M2,2019,1041728121
Cambodia,1,M2,2012,1039162122
Cambodia,1,M2,2011,1037365799
Mexico,1,M2,2008,1035166051
Honduras,1,M2,2000,1028083905
Honduras,1,M2,2017,1027916188
India,1,M2,2015,1022966801
Cambodia,1,M2,2014,1020707795
Honduras,1,M2,2001,1020660968
Indonesia,1,M2,2023,1013982232
Indonesia,1,M2,2024,1013980480
Indonesia,1,M2,2006,1013154780
_W HEMI,1,M2,1989,1012483552
Cambodia,1,M2,2018,1007924926
Honduras,1,M2,2009,1005794434
_USMCA,1,M2,2010,1005716073
Honduras,1,M2,2019,1003729083
_USMCA,1,M2,2011,1000895634
Honduras,1,M2,2018,981539152
China,1,M2,2001,975979534
India,1,M2,2010,971113158
_USMCA,1,M2,2014,968114462
Bangladesh,1,M2,2000,966611942
Bangladesh,1,M2,2001,965941956
_USMCA,1,M2,2013,957994063
_ASEAN,1,M2,1990,957252777
India,1,M2,2014,956681593
Mexico,1,M2,2010,952341664
_USMCA,1,M2,2012,949272496
_USMCA,1,M2,2015,948346173
China,1,M2,1992,948251384
China,1,M2,1997,947375680
Vietnam,1,M2,2006,947367649
Cambodia,1,M2,2010,947107591
Mexico,1,M2,2011,946167774
Honduras,1,M2,1999,942795094
Bangladesh,1,M2,2004,941684939
_USMCA,1,M2,2009,937181691
_OECD,1,M2,2005,935563551
China,1,M2,1993,935535304
China,1,M2,1994,934151012
_CAFTA-DR,1,M2,1992,931824160
_OECD,1,M2,1989,931166546
China,1,M2,2000,929159283
Cambodia,1,M2,2017,928990387
Bangladesh,1,M2,2002,927717083
Honduras,1,M2,2022,923798432
_USMCA,1,M2,2016,923342704
Indonesia,1,M2,2020,922122119
_ASEAN,1,M2,1991,920576149
Hong Kong,1,M2,2001,916931192
Mexico,1,M2,2014,916850470
Hong Kong,1,M2,2000,916305779
Bangladesh,1,M2,2003,913029078
China,1,M2,1999,910406523
China,1,M2,1998,910255799
Mexico,1,M2,2013,908502502
India,1,M2,2009,907213606
Pakistan,1,M2,2022,904617004
India,1,M2,2020,904558698
Cambodia,1,M2,2016,902736617
India,1,M2,2011,899513354
Mexico,1,M2,2015,899052737
_USMCA,1,M2,1995,897174707
Mexico,1,M2,2012,897016085
_USMCA,1,M2,2018,891183459
_ASEAN,1,M2,1989,890424989
Cambodia,1,M2,2008,888360495
Pakistan,1,M2,2021,885962927
India,1,M2,2013,885228878
Mexico,1,M2,2009,882903337
India,1,M2,2008,882750056
_USMCA,1,M2,2017,879695338
Mexico,1,M2,2016,879369966
_USMCA,1,M2,2021,869056741
India,1,M2,2007,867891395
Honduras,1,M2,2021,866923465
Cambodia,1,M2,2007,866622509
El Salvador,1,M2,2005,865968921
Hong Kong,1,M2,1994,864443264
Hong Kong,1,M2,1998,862468676
China,1,M2,1995,862089584
China,1,M2,1996,862062184
Dominican Republic,1,M2,1999,857517165
El Salvador,1,M2,2003,856333590
_OECD,1,M2,1997,854299784
El Salvador,1,M2,2004,852624499
China,1,M2,1991,850739548
Mexico,1,M2,2018,843835576
Cambodia,1,M2,2006,842722557
Hong Kong,1,M2,1999,840948392
India,1,M2,2006,840297501
Pakistan,1,M2,2025,839992956
China,1,M2,1990,839744957
_USMCA,1,M2,2019,836815561
Dominican Republic,1,M2,2000,836581704
El Salvador,1,M2,2008,835966760
India,1,M2,2012,834971891
Mexico,1,M2,2017,834967819
Dominican Republic,1,M2,1998,831569516
El Salvador,1,M2,2016,824478407
Mexico,1,M2,2021,823593546
Indonesia,1,M2,2005,823451411
Hong Kong,1,M2,2002,821260564
Hong Kong,1,M2,1995,820869343
Hong Kong,1,M2,1992,819986116
China,1,M2,1989,819843639
El Salvador,1,M2,2010,819839124
El Salvador,1,M2,2015,813118566
_USMCA,1,M2,2022,812372260
El Salvador,1,M2,2007,809960353
Hong Kong,1,M2,1991,804987377
_OECD,1,M2,1994,802612315
Vietnam,1,M2,2005,801367936
Taiwan,1,M2,1989,799642144
Honduras,1,M2,1998,798962416
Dominican Republic,1,M2,1997,796923546
El Salvador,1,M2,2013,796811816
_OECD,1,M2,1995,795834885
Hong Kong,1,M2,1990,793615528
India,1,M2,2005,790197924
El Salvador,1,M2,2012,789751483
Mexico,1,M2,2019,788934630
El Salvador,1,M2,2014,788692078
Hong Kong,1,M2,2003,785439971
El Salvador,1,M2,2011,782192442
Taiwan,1,M2,1991,779487674
Hong Kong,1,M2,1989,778968866
El Salvador,1,M2,2002,777179609
Vietnam,1,M2,2004,777054816
_OECD,1,M2,1990,776986956
Mexico,1,M2,1995,774219724
El Salvador,1,M2,2017,773185049
Bangladesh,1,M2,1999,773077067
Hong Kong,1,M2,1993,771859705
Mexico,1,M2,2022,767815241
_OECD,1,M2,2006,767173449
El Salvador,1,M2,2018,762841906
Dominican Republic,1,M2,2004,761412771
Hong Kong,1,M2,1996,759678873
Dominican Republic,1,M2,2001,753006400
Cambodia,1,M2,2009,750679348
Dominican Republic,1,M2,2003,750160921
El Salvador,1,M2,2019,745104237
Bangladesh,1,M2,1998,743515540
Vietnam,1,M2,2003,739175252
Hong Kong,1,M2,2004,738962752
Hong Kong,1,M2,1997,736450343
Dominican Republic,1,M2,2002,730029554
Pakistan,1,M2,2024,728470113
Pakistan,1,M2,2023,728465521
_OECD,1,M2,1996,728283494
Honduras,1,M2,1997,725982195
_OECD,1,M2,1993,723968851
El Salvador,1,M2,2001,723830548
El Salvador,1,M2,2006,721653173
El Salvador,1,M2,2000,719248492
_USMCA,1,M2,2020,718624323
Dominican Republic,1,M2,2005,715453370
Cambodia,1,M2,2005,709992680
Taiwan,1,M2,1990,707182870
Indonesia,1,M2,2004,703399436
Pakistan,1,M2,2010,697922363
Pakistan,1,M2,2007,695542834
Honduras,1,M2,2023,694935915
Honduras,1,M2,2024,694922902
Pakistan,1,M2,2008,692929633
Taiwan,1,M2,1992,686531620
Honduras,1,M2,2020,680544080
Mexico,1,M2,2020,679784727
_OECD,1,M2,1992,679348488
_CAFTA-DR,1,M2,1991,674814314
Pakistan,1,M2,2006,672741372
Bangladesh,1,M2,1997,671762868
Taiwan,1,M2,2000,670736694
Nicaragua,1,M2,2022,658203924
El Salvador,1,M2,2021,655016697
Dominican Republic,1,M2,1996,653117434
Taiwan,1,M2,1993,652340967
Taiwan,1,M2,1994,650646955
South Korea,1,M2,2002,649953607
El Salvador,1,M2,2009,646917828
_USMCA,1,M2,2025,644137582
Pakistan,1,M2,2009,638083508
Taiwan,1,M2,1999,637434528
Cambodia,1,M2,2004,634682820
South Korea,1,M2,2001,631956831
Dominican Republic,1,M2,1995,631614376
Pakistan,1,M2,2020,630912538
South Korea,1,M2,1989,630474788
_OECD,1,M2,1991,630388237
Pakistan,1,M2,2011,625904837
South Korea,1,M2,2004,624399744
Taiwan,1,M2,1998,620651651
Nicaragua,1,M2,2023,618102158
Nicaragua,1,M2,2024,618052251
Indonesia,1,M2,2003,617983872
Taiwan,1,M2,2001,614130293
India,1,M2,2004,609338476
_USMCA,1,M2,2024,605496724
_USMCA,1,M2,2023,605496371
Nicaragua,1,M2,2021,605091511
Mexico,1,M2,2025,601823269
El Salvador,1,M2,1999,601720003
Pakistan,1,M2,2019,598407005
Taiwan,1,M2,1995,598337759
Hong Kong,1,M2,2005,596581581
Indonesia,1,M2,2002,594644591
Indonesia,1,M2,2001,593735961
Pakistan,1,M2,2015,591714080
Nicaragua,1,M2,2025,591451617
Taiwan,1,M2,2003,590776687
Taiwan,1,M2,1997,589585981
Philippines,1,M2,2006,589011275
South Korea,1,M2,2000,587193235
Pakistan,1,M2,2014,586271465
El Salvador,1,M2,2022,586077730
Pakistan,1,M2,2013,584172589
Dominican Republic,1,M2,2006,583909322
_USMCA,1,M2,1994,583266678
Pakistan,1,M2,2012,582000457
Pakistan,1,M2,2005,577841672
Honduras,1,M2,2025,577812356
Taiwan,1,M2,2002,575759273
South Korea,1,M2,2003,575584376
Taiwan,1,M2,1996,573742526
Taiwan,1,M2,2004,571980560
Mexico,1,M2,2024,569189568
Mexico,1,M2,2023,569188869
Thailand,1,M2,2006,566392692
Nicaragua,1,M2,2019,559740980
Pakistan,1,M2,2018,557529079
Philippines,1,M2,2001,553268591
Philippines,1,M2,2002,550532151
_OECD,1,M2,2007,545827966
Philippines,1,M2,2003,545572036
Dominican Republic,1,M2,1994,545536839
South Korea,1,M2,1999,537369866
Thailand,1,M2,2005,536764972
Nicaragua,1,M2,2018,533899474
Pakistan,1,M2,2016,533764193
Thailand,1,M2,2004,533100230
India,1,M2,2003,532069010
Nicaragua,1,M2,2017,531172509
Nicaragua,1,M2,2016,530822496
Philippines,1,M2,2000,529911730
Bangladesh,1,M2,1996,529422311
Pakistan,1,M2,2017,528973535
Cambodia,1,M2,2003,527682909
Honduras,1,M2,1996,526507029
Hong Kong,1,M2,2006,523340607
Thailand,1,M2,2007,522969702
Indonesia,1,M2,2000,522025689
Pakistan,1,M2,2004,519282124
Bangladesh,1,M2,1995,519233625
Philippines,1,M2,2005,518712943
Philippines,1,M2,2004,513572368
India,1,M2,2002,508714904
_CAFTA-DR,1,M2,1990,507083502
Philippines,1,M2,1999,505892007
Sri Lanka,1,M2,2022,505464634
Guatemala,1,M2,2004,499368901
South Korea,1,M2,1990,496252733
Thailand,1,M2,2003,496144796
El Salvador,1,M2,2020,492010406
Thailand,1,M2,2008,490753697
Thailand,1,M2,2002,490258180
_SUB-SAHARA,1,M2,2025,488852477
Dominican Republic,1,M2,1993,488216872
Nicaragua,1,M2,2015,485175393
Sri Lanka,1,M2,2015,484011008
El Salvador,1,M2,1998,482602557
Nicaragua,1,M2,2014,482453769
Mexico,1,M2,1994,481912006
Philippines,1,M2,1998,474931509
Sri Lanka,1,M2,2016,471008769
Thailand,1,M2,2000,469685674
Guatemala,1,M2,2005,466515855
_SUB-SAHARA,1,M2,2022,465883011
Philippines,1,M2,1995,464872826
Thailand,1,M2,2010,461613653
Sri Lanka,1,M2,2017,461171260
South Korea,1,M2,1998,460074548
Philippines,1,M2,2007,457899403
El Salvador,1,M2,2023,456346884
El Salvador,1,M2,2024,456340178
Sri Lanka,1,M2,2005,453750896
Thailand,1,M2,2001,452593892
Sri Lanka,1,M2,2006,450522302
Macau,1,M2,2004,447111996
Philippines,1,M2,1997,445408293
Guatemala,1,M2,2003,444536405
Pakistan,1,M2,2003,443627117
Sri Lanka,1,M2,2021,441622864
Philippines,1,M2,1996,440960670
Indonesia,1,M2,1999,440891787
Nicaragua,1,M2,2013,440380468
_SUB-SAHARA,1,M2,2004,440300460
Nicaragua,1,M2,2020,439941896
Cambodia,1,M2,2002,439861528
Indonesia,1,M2,1998,433681795
El Salvador,1,M2,1997,433193314
_CAFTA-DR,1,M2,1989,432605705
Bangladesh,1,M2,1994,430309902
South Korea,1,M2,1993,427547429
Guatemala,1,M2,2006,424937765
El Salvador,1,M2,2025,421705441
South Korea,1,M2,1992,419050473
Dominican Republic,1,M2,1992,418849768
_CBI,1,M2,2021,418140440
Haiti,1,M2,2021,417976183
Guatemala,1,M2,2002,415324088
Sri Lanka,1,M2,2025,415231957
Sri Lanka,1,M2,2004,415047998
Sri Lanka,1,M2,2014,413068805
Philippines,1,M2,1994,410784205
South Korea,1,M2,1991,410624964
_OECD,1,M2,2008,410523630
South Korea,1,M2,1994,409981149
Nicaragua,1,M2,2011,409524028
Sri Lanka,1,M2,2007,408941383
Nicaragua,1,M2,2012,408884849
Sri Lanka,1,M2,2000,408625293
_CBI,1,M2,2019,405690138
Haiti,1,M2,2019,405667479
Thailand,1,M2,2009,404904414
Sri Lanka,1,M2,2001,403391776
India,1,M2,2001,402810945
Guatemala,1,M2,2022,400392681
India,1,M2,2000,399231728
_SUB-SAHARA,1,M2,2003,398786978
_USMCA,1,M2,1993,398619861
Sri Lanka,1,M2,2023,398181760
Sri Lanka,1,M2,2024,397932490
_SUB-SAHARA,1,M2,2021,397696297
_SUB-SAHARA,1,M2,2024,397461270
_SUB-SAHARA,1,M2,2023,397449155
Sri Lanka,1,M2,2019,395363088
Sri Lanka,1,M2,2003,395020706
Sri Lanka,1,M2,2013,394639337
Sri Lanka,1,M2,2002,393888473
Indonesia,1,M2,1997,393553857
Guatemala,1,M2,2021,393507303
Philippines,1,M2,1993,393025385
Taiwan,1,M2,2005,391478281
Philippines,1,M2,2011,388139926
Guatemala,1,M2,2001,388103227
Egypt,1,M2,2022,387037104
Philippines,1,M2,2008,386513640
Thailand,1,M2,1999,385769444
Guatemala,1,M2,2018,384373587
Dominican Republic,1,M2,2007,382313301
Pakistan,1,M2,2002,382066741
Philippines,1,M2,1992,380620777
Sri Lanka,1,M2,2008,379491417
Sri Lanka,1,M2,2018,377767060
_OECD,1,M2,2022,376866859
_SUB-SAHARA,1,M2,2005,376768698
India,1,M2,1999,376091235
Guatemala,1,M2,2007,376063300
Macau,1,M2,2003,375773193
Turkey,1,M2,2003,373931698
_SUB-SAHARA,1,M2,2019,372868894
Sri Lanka,1,M2,2020,370628095
Jordan,1,M2,2025,370427846
_CBI,1,M2,2022,367882281
Haiti,1,M2,2022,367810154
_CBI,1,M2,2018,365560130
Haiti,1,M2,2018,365198758
Guatemala,1,M2,2016,364694847
India,1,M2,1998,364260332
Philippines,1,M2,2012,364129787
Nicaragua,1,M2,2010,362389469
Costa Rica,1,M2,2002,361595178
Guatemala,1,M2,2000,359769363
Guatemala,1,M2,2019,359687628
Dominican Republic,1,M2,2008,359566311
South Korea,1,M2,2005,359384504
Taiwan,1,M2,2006,359186101
Cambodia,1,M2,2001,358609486
Hong Kong,1,M2,2007,358196785
Philippines,1,M2,1990,358185228
Egypt,1,M2,2021,356432064
Bangladesh,1,M2,1993,355447570
_OECD,1,M2,2021,353939553
Philippines,1,M2,2015,353771563
Egypt,1,M2,2025,350961185
Guatemala,1,M2,2017,350406687
Costa Rica,1,M2,2000,350387476
Philippines,1,M2,2010,350100960
Costa Rica,1,M2,2001,349965650
Guatemala,1,M2,2015,349929695
Thailand,1,M2,2011,348809779
Philippines,1,M2,2013,348434097
Pakistan,1,M2,2001,347009367
Turkey,1,M2,2002,346880694
Costa Rica,1,M2,1999,345713288
Jordan,1,M2,2022,343830406
South Korea,1,M2,1995,342905692
Guatemala,1,M2,2008,341126570
Jordan,1,M2,2024,341120000
Jordan,1,M2,2023,341120000
Bangladesh,1,M2,1992,340510760
Philippines,1,M2,2014,338973568
Guatemala,1,M2,2014,338176971
Sri Lanka,1,M2,2012,337963315
_CBI,1,M2,2015,337666070
Philippines,1,M2,1991,337268670
Sri Lanka,1,M2,1999,337096614
Haiti,1,M2,2015,336264913
_CBI,1,M2,2016,336005230
Philippines,1,M2,2009,334987351
Thailand,1,M2,1998,334889778
Haiti,1,M2,2016,334387577
Guatemala,1,M2,2011,332882535
Sri Lanka,1,M2,1998,332451126
_SUB-SAHARA,1,M2,2007,332304164
Costa Rica,1,M2,2003,331993075
Jordan,1,M2,2019,331723405
_SUB-SAHARA,1,M2,2020,330759829
Sri Lanka,1,M2,2011,330607255
Nicaragua,1,M2,2008,330395018
_USMCA,1,M2,1992,330212646
Pakistan,1,M2,2000,330205868
Indonesia,1,M2,1996,329938476
Honduras,1,M2,1995,329378882
_SUB-SAHARA,1,M2,2006,325964642
_CBI,1,M2,2017,323538613
Haiti,1,M2,2017,323343464
Guatemala,1,M2,2013,322766169
Thailand,1,M2,2015,322460561
Sri Lanka,1,M2,1997,322045993
Mexico,1,M2,1993,321579422
_SUB-SAHARA,1,M2,2018,320935936
South Korea,1,M2,1997,320484363
Egypt,1,M2,2023,319238488
Egypt,1,M2,2024,319238488
Macau,1,M2,2002,318918659
Sri Lanka,1,M2,2010,317223676
_OECD,1,M2,2025,317123533
India,1,M2,1997,315583772
Vietnam,1,M2,2002,315377465
_CBI,1,M2,2014,315279972
Sri Lanka,1,M2,2009,315120567
Thailand,1,M2,2014,315097448
_CBI,1,M2,2020,313965758
Haiti,1,M2,2014,313870886
Haiti,1,M2,2020,313808815
Jordan,1,M2,2021,312279608
Thailand,1,M2,2013,312276586
Guatemala,1,M2,2010,312138146
Dominican Republic,1,M2,1991,311334882
Thailand,1,M2,2018,310944275
Thailand,1,M2,2022,310826454
Thailand,1,M2,2016,310219368
Indonesia,1,M2,1995,310156435
South Korea,1,M2,2006,309434470
_OECD,1,M2,2023,308470057
_OECD,1,M2,2024,308416344
_CBI,1,M2,2013,308019016
Nicaragua,1,M2,2009,307450760
Turkey,1,M2,2004,307402614
Guatemala,1,M2,2020,307318459
Costa Rica,1,M2,1998,306986346
Guatemala,1,M2,2023,306482540
Guatemala,1,M2,2024,306460395
Haiti,1,M2,2013,306433603
_SUB-SAHARA,1,M2,2008,305963666
_CBI,1,M2,1998,305892126
Turkey,1,M2,2001,305709082
Guatemala,1,M2,1999,305030075
_OECD,1,M2,2019,304231939
Philippines,1,M2,2016,304226332
Costa Rica,1,M2,2004,303657275
Taiwan,1,M2,2007,302807994
Costa Rica,1,M2,1997,301939014
India,1,M2,1996,301013580
Canada,1,M2,2000,300072466
Philippines,1,M2,1989,299266090
Thailand,1,M2,2012,298975902
Turkey,1,M2,2000,297708150
Costa Rica,1,M2,1995,297488392
Guatemala,1,M2,2012,297342113
Jordan,1,M2,2020,296679027
_CBI,1,M2,1995,296131946
_CBI,1,M2,1999,294218171
_CBI,1,M2,1997,293070114
Jordan,1,M2,2006,292527338
Macau,1,M2,2005,291849466
Canada,1,M2,2002,291656439
_CBI,1,M2,2006,291508780
Guatemala,1,M2,2009,290932315
Thailand,1,M2,2019,290930189
Dominican Republic,1,M2,2016,290154100
Costa Rica,1,M2,2005,288708818
Costa Rica,1,M2,2006,288042636
El Salvador,1,M2,1996,287314233
South Korea,1,M2,1996,287221794
Thailand,1,M2,2021,285926087
Nicaragua,1,M2,2007,285243391
Thailand,1,M2,2025,285055375
Sri Lanka,1,M2,1996,284514444
Thailand,1,M2,1997,283767148
Dominican Republic,1,M2,2018,283741018
Guatemala,1,M2,2025,282032718
_OECD,1,M2,2018,281358672
Canada,1,M2,2001,281195542
Sri Lanka,1,M2,1995,280705346
Indonesia,1,M2,1994,280682563
Guatemala,1,M2,1998,280453927
_OECD,1,M2,2015,279894614
_CBI,1,M2,2011,278721077
_CBI,1,M2,2007,277329022
_SUB-SAHARA,1,M2,2002,277231630
Macau,1,M2,2006,277129374
_OECD,1,M2,2017,276475946
_CBI,1,M2,1996,276152905
Haiti,1,M2,2011,275584473
Egypt,1,M2,2019,274988068
Dominican Republic,1,M2,2015,274888324
Thailand,1,M2,2017,273662066
_OECD,1,M2,2016,272791745
_CBI,1,M2,2012,272677284
_CBI,1,M2,2000,272461198
Thailand,1,M2,2023,271169680
Thailand,1,M2,2024,271169556
_SUB-SAHARA,1,M2,2017,270368729
Haiti,1,M2,2012,270353258
Dominican Republic,1,M2,2019,269918987
Dominican Republic,1,M2,2017,268508832
Canada,1,M2,1999,268489374
Macau,1,M2,2001,267863014
Mexico,1,M2,1992,266619099
Costa Rica,1,M2,1996,266287534
_OECD,1,M2,2014,265857275
Costa Rica,1,M2,2007,265394189
Costa Rica,1,M2,1994,265341890
_EU28 (2013-2019),1,M2,2001,265037815
_EU27 (2007-2012),1,M2,2001,264896636
Dominican Republic,1,M2,2014,264000087
_USMCA,1,M2,1991,263685890
_OECD,1,M2,2010,263068846
Canada,1,M2,2003,262082666
_SUB-SAHARA,1,M2,2016,261602102
_EU28 (2013-2019),1,M2,2000,261102988
_EU27 (2007-2012),1,M2,2000,260968501
Philippines,1,M2,2018,260960563
Jordan,1,M2,2005,260932483
Indonesia,1,M2,1993,260393670
_SUB-SAHARA,1,M2,2014,260163941
_OECD,1,M2,2009,259998298
_SUB-SAHARA,1,M2,2009,259022425
India,1,M2,1995,258380259
Hong Kong,1,M2,2008,258157648
_OECD,1,M2,2020,257069468
Jordan,1,M2,2018,256816200
India,1,M2,1994,256768506
Macau,1,M2,2000,256474685
Thailand,1,M2,2020,256059762
Philippines,1,M2,2017,255248018
_OECD,1,M2,2011,255010131
_CBI,1,M2,2010,254706300
_OECD,1,M2,2013,254437248
_SUB-SAHARA,1,M2,2015,254405814
Sri Lanka,1,M2,1994,254139697
Cambodia,1,M2,2000,253681573
_CBI,1,M2,2005,253627621
_OECD,1,M2,2012,253053089
Haiti,1,M2,2010,252879810
Nicaragua,1,M2,2006,252306793
Haiti,1,M2,2006,251576045
Egypt,1,M2,2020,251520191
Jordan,1,M2,2007,250453401
Dominican Republic,1,M2,1990,249493508
Haiti,1,M2,2007,247099548
_EU28 (2013-2019),1,M2,2002,247056218
_EU27 (2007-2012),1,M2,2002,246880344
Egypt,1,M2,2018,246701118
Philippines,1,M2,2019,245642587
Dominican Republic,1,M2,2022,245066395
Canada,1,M2,2004,244552689
Thailand,1,M2,1995,244529263
_EU28 (2013-2019),1,M2,2003,244433361
Taiwan,1,M2,2008,244273747
_EU27 (2007-2012),1,M2,2003,244172218
Dominican Republic,1,M2,2013,243941555
Malaysia,1,M2,2006,243089921
_SUB-SAHARA,1,M2,2013,242481429
_CBI,1,M2,1994,241261267
Costa Rica,1,M2,1993,240588126
Dominican Republic,1,M2,2021,239657286
_CBI,1,M2,2009,239655590
Dominican Republic,1,M2,2009,239631961
Turkey,1,M2,2005,239339532
Thailand,1,M2,1996,239080058
El Salvador,1,M2,1995,239001032
Malaysia,1,M2,2008,238803682
Haiti,1,M2,2009,237715671
Macau,1,M2,2007,237575068
_CBI,1,M2,2001,237375507
Guatemala,1,M2,1997,237119961
Pakistan,1,M2,1999,237014117
Sri Lanka,1,M2,1993,236976271
_CBI,1,M2,1993,236711489
Dominican Republic,1,M2,2010,236022572
Malaysia,1,M2,2007,235958825
Jordan,1,M2,2017,235632009
_CBI,1,M2,2008,234546946
Thailand,1,M2,1994,234063882
_CBI,1,M2,2003,234010094
Dominican Republic,1,M2,1989,233883547
_CBI,1,M2,1989,232953341
Canada,1,M2,1998,232776052
India,1,M2,1993,232124087
Dominican Republic,1,M2,2025,231732757
Turkey,1,M2,1999,229945127
Egypt,1,M2,2010,229613782
Egypt,1,M2,2011,229286711
Jordan,1,M2,2008,227891925
Thailand,1,M2,1993,227650993
Jordan,1,M2,2004,227373671
_CBI,1,M2,2004,227099872
Indonesia,1,M2,1992,226666620
Dominican Republic,1,M2,2023,226272158
Dominican Republic,1,M2,2024,226272158
Jamaica,1,M2,1995,225178958
Dominican Republic,1,M2,2012,224100851
Egypt,1,M2,2015,223444531
Jordan,1,M2,2016,222833988
Dominican Republic,1,M2,2011,222667780
Haiti,1,M2,2008,222379434
_SUB-SAHARA,1,M2,2011,221937321
_CBI,1,M2,1991,220927180
_SUB-SAHARA,1,M2,2010,220352820
Russia,1,M2,2003,219307999
_SUB-SAHARA,1,M2,2001,218417191
_CBI,1,M2,2023,218383977
_CBI,1,M2,2024,218372385
Haiti,1,M2,2023,218292642
Haiti,1,M2,2024,218281051
_CBI,1,M2,2002,218250359
India,1,M2,1992,218217353
Jordan,1,M2,2015,217808016
Mexico,1,M2,1991,216703958
Egypt,1,M2,2008,215111212
Egypt,1,M2,2009,215021742
_USMCA,1,M2,1990,214856098
Pakistan,1,M2,1998,214782978
_SUB-SAHARA,1,M2,2012,213420878
Honduras,1,M2,1994,213328680
_EU28 (2013-2019),1,M2,2004,212723533
_USMCA,1,M2,1989,212438593
_EU27 (2007-2012),1,M2,2004,212350515
Malaysia,1,M2,2005,211343190
Macau,1,M2,1999,210897963
Malaysia,1,M2,2004,210578653
_CBI,1,M2,1990,210573141
Kenya,1,M2,2025,210193780
Egypt,1,M2,2012,209706863
Bangladesh,1,M2,1991,208791614
Egypt,1,M2,2007,208494461
Egypt,1,M2,2014,207406562
Egypt,1,M2,2017,207381639
Macau,1,M2,1998,207231572
_EU28 (2013-2019),1,M2,1999,207028964
Costa Rica,1,M2,1992,206829746
_EU27 (2007-2012),1,M2,1999,206713773
South Korea,1,M2,2007,205258018
Jordan,1,M2,2014,205131181
Haiti,1,M2,2005,204959884
_EU28 (2013-2019),1,M2,1997,203960373
Nicaragua,1,M2,2005,203857449
_EU27 (2007-2012),1,M2,1997,203794134
Guatemala,1,M2,1996,203101382
Turkey,1,M2,1998,202582071
Bangladesh,1,M2,1990,202565164
Egypt,1,M2,2006,202042789
Malaysia,1,M2,2000,201347035
_EU28 (2013-2019),1,M2,1998,201207320
Jamaica,1,M2,1996,201159807
_EU27 (2007-2012),1,M2,1998,200783740
Indonesia,1,M2,1989,200250184
Jamaica,1,M2,1994,198717731
Indonesia,1,M2,1990,198038094
Egypt,1,M2,2013,197263485
_CBI,1,M2,1992,195673419
Egypt,1,M2,2016,194582624
Jamaica,1,M2,1997,193737105
Pakistan,1,M2,1997,193655681
Malaysia,1,M2,2001,192838245
Malaysia,1,M2,2002,192574845
Sri Lanka,1,M2,1992,192204426
_CBI,1,M2,2025,191899381
Haiti,1,M2,2025,191827864
Jordan,1,M2,2010,191789172
Malaysia,1,M2,2003,191285046
Canada,1,M2,2005,189626502
Philippines,1,M2,2022,188986048
Thailand,1,M2,1992,186196553
Canada,1,M2,1997,186096742
Jordan,1,M2,2013,185973114
Dominican Republic,1,M2,2020,185740558
Macau,1,M2,2008,184842420
Guatemala,1,M2,1995,184562027
Turkey,1,M2,2006,182697594
Costa Rica,1,M2,2008,181265149
_EU27 (2007-2012),1,M2,1989,180877591
_EU28 (2013-2019),1,M2,1989,180877591
_EU28 (2013-2019),1,M2,2005,179129732
_EU27 (2007-2012),1,M2,2005,178507670
Malaysia,1,M2,1999,178261257
Philippines,1,M2,2021,177902255
Turkey,1,M2,1995,177816359
_EU28 (2013-2019),1,M2,1995,177435057
_EU27 (2007-2012),1,M2,1995,177097482
Macau,1,M2,1997,176401466
Mexico,1,M2,1989,176348377
Jordan,1,M2,2012,176334454
Jordan,1,M2,2011,176252159
_EU28 (2013-2019),1,M2,1996,175774636
_EU27 (2007-2012),1,M2,1996,175600695
Nicaragua,1,M2,2004,175237105
Bangladesh,1,M2,1989,174885662
South Korea,1,M2,2008,174872158
Turkey,1,M2,1997,174149010
Mexico,1,M2,1990,174098079
Cambodia,1,M2,1999,172696135
Taiwan,1,M2,2010,171862049
Jamaica,1,M2,1998,170971930
India,1,M2,1991,170792464
Jordan,1,M2,2009,170256409
Taiwan,1,M2,2009,166393392
Indonesia,1,M2,1991,166112939
Burma (Myanmar),1,M2,2001,164919580
Egypt,1,M2,2005,164687894
_SUB-SAHARA,1,M2,2000,164161071
Malaysia,1,M2,1998,162380814
Singapore,1,M2,1989,162017446
El Salvador,1,M2,1994,161689190
_EU27 (2007-2012),1,M2,1990,161519196
_EU28 (2013-2019),1,M2,1990,161519196
Pakistan,1,M2,1996,161257484
Guatemala,1,M2,1994,160767127
Sri Lanka,1,M2,1991,160665907
_EU28 (2013-2019),1,M2,1994,158884900
Canada,1,M2,2006,158750478
_EU27 (2007-2012),1,M2,1994,158066319
Jamaica,1,M2,1993,158023041
Costa Rica,1,M2,1991,157029999
India,1,M2,1989,156961186
_EU28 (2013-2019),1,M2,2022,156715143
Guatemala,1,M2,1993,156606188
_EU27 (2007-2012),1,M2,2022,156161414
Egypt,1,M2,2004,156028635
Burma (Myanmar),1,M2,2000,155740648
Macau,1,M2,1996,154798889
Macau,1,M2,1995,154598676
Pakistan,1,M2,1995,154476100
Haiti,1,M2,2004,153573062
Honduras,1,M2,1993,152774182
Malaysia,1,M2,1995,151908002
Burma (Myanmar),1,M2,2022,151492263
Turkey,1,M2,1994,151424396
Singapore,1,M2,1990,150772099
Nicaragua,1,M2,2003,150234693
Kenya,1,M2,2024,150101384
Kenya,1,M2,2023,150101384
Turkey,1,M2,1996,149916208
Singapore,1,M2,1992,149483304
Jamaica,1,M2,1999,148299524
_EU28 (2013-2019),1,M2,2025,148113161
_EU27 (2007-2012),1,M2,2025,147785264
Malaysia,1,M2,1994,147319144
Philippines,1,M2,2020,147212922
_EU28 (2013-2019),1,M2,2021,147115119
_EU27 (2007-2012),1,M2,2021,146688538
Pakistan,1,M2,1994,145214077
India,1,M2,1990,145163821
Malaysia,1,M2,1992,144124470
Russia,1,M2,2004,143887284
Sri Lanka,1,M2,1990,143064617
Taiwan,1,M2,2011,142761080
Singapore,1,M2,1991,142718307
_EU28 (2013-2019),1,M2,2006,141343465
_EU27 (2007-2012),1,M2,2006,140730155
Kenya,1,M2,2022,140536285
Canada,1,M2,1996,139805642
Malaysia,1,M2,1993,139730610
Turkey,1,M2,2022,138849951
Egypt,1,M2,2003,138546251
Colombia,1,M2,2004,138453741
_EU (2020-present),1,M2,2025,138408679
Malaysia,1,M2,2009,138400529
Malaysia,1,M2,1996,137147434
_EU28 (2013-2019),1,M2,2023,136724332
_EU28 (2013-2019),1,M2,2024,136671452
Haiti,1,M2,2003,136659018
_EU27 (2007-2012),1,M2,2023,136224261
_EU27 (2007-2012),1,M2,2024,136171381
Malaysia,1,M2,1991,136008786
Burma (Myanmar),1,M2,2002,135973478
Jordan,1,M2,2003,135645195
Malaysia,1,M2,1997,134983744
Egypt,1,M2,2000,132402734
Thailand,1,M2,1991,132251439
Taiwan,1,M2,2012,132199639
_EU (2020-present),1,M2,2024,130587043
Jamaica,1,M2,1992,129982003
Russia,1,M2,2002,129792856
_EU28 (2013-2019),1,M2,1993,129566952
Egypt,1,M2,2002,129070490
_EU27 (2007-2012),1,M2,1993,128924698
Guatemala,1,M2,1992,128313605
_SUB-SAHARA,1,M2,1999,128203251
Malaysia,1,M2,2010,127948912
Haiti,1,M2,1999,126737353
Egypt,1,M2,2001,126367224
_EU28 (2013-2019),1,M2,2019,125845379
Jamaica,1,M2,2000,125724319
Malaysia,1,M2,1990,125706325
Costa Rica,1,M2,1990,125578028
_EU27 (2007-2012),1,M2,2019,125435020
Colombia,1,M2,2005,125289346
Turkey,1,M2,2021,125109402
Pakistan,1,M2,1992,124845679
Haiti,1,M2,2000,124783683
Pakistan,1,M2,1993,124231419
_EU28 (2013-2019),1,M2,1992,123726727
Malaysia,1,M2,2011,123405425
Ethiopia,1,M2,2022,123258421
_EU27 (2007-2012),1,M2,1992,123216767
Turkey,1,M2,2007,122975636
Canada,1,M2,1995,122954983
_EU28 (2013-2019),1,M2,2007,121797895
Italy,1,M2,2000,121709003
_EU27 (2007-2012),1,M2,2007,121119838
Taiwan,1,M2,2013,121000234
Colombia,1,M2,2003,120993830
Burma (Myanmar),1,M2,2025,120727732
Philippines,1,M2,2023,120357668
Philippines,1,M2,2024,120357311
Nicaragua,1,M2,2002,120137149
Sri Lanka,1,M2,1989,119848379
Israel,1,M2,2003,119446794
United Arab Emirates,1,M2,2000,119322083
Israel,1,M2,2002,118874182
Malaysia,1,M2,1989,118527655
Taiwan,1,M2,2014,118399794
Thailand,1,M2,1990,118236084
Kenya,1,M2,2021,117768512
Malaysia,1,M2,2013,117703935
United Arab Emirates,1,M2,2001,117361691
Honduras,1,M2,1992,117328693
_SUB-SAHARA,1,M2,1998,117091023
Canada,1,M2,2007,116784707
Singapore,1,M2,1993,115743737
_EU28 (2013-2019),1,M2,2015,114773757
Kenya,1,M2,2019,114669716
Egypt,1,M2,1999,114364444
_EU27 (2007-2012),1,M2,2015,114185336
Taiwan,1,M2,2015,113364332
_EU27 (2007-2012),1,M2,1991,113269273
_EU28 (2013-2019),1,M2,1991,113269273
Haiti,1,M2,1998,112876689
_EU28 (2013-2019),1,M2,2018,112836061
_EU27 (2007-2012),1,M2,2018,112383112
Philippines,1,M2,2025,112320391
Peru,1,M2,2022,112291112
Israel,1,M2,2001,112286173
_SUB-SAHARA,1,M2,1995,112211087
Israel,1,M2,2000,112146311
Malaysia,1,M2,2012,111839655
Ethiopia,1,M2,2021,111640029
_EU28 (2013-2019),1,M2,2016,111568854
Lesotho,1,M2,2004,111162852
Burma (Myanmar),1,M2,2021,111140995
_EU27 (2007-2012),1,M2,2016,111051480
_EU28 (2013-2019),1,M2,2017,111032752
Macau,1,M2,1994,110673260
_EU27 (2007-2012),1,M2,2017,110491606
_EU28 (2013-2019),1,M2,2014,110033386
Malaysia,1,M2,2015,109912442
Burma (Myanmar),1,M2,2020,109687107
_EU27 (2007-2012),1,M2,2014,109466655
Turkey,1,M2,2023,109296365
Turkey,1,M2,2024,109295535
Haiti,1,M2,2001,109001436
Haiti,1,M2,2002,108984497
_SUB-SAHARA,1,M2,1994,108940810
Egypt,1,M2,1998,108716449
_SUB-SAHARA,1,M2,1997,107985655
Kenya,1,M2,2014,107905692
Kenya,1,M2,2018,107356701
Colombia,1,M2,2006,107186919
Malaysia,1,M2,2014,106529779
Thailand,1,M2,1989,106374484
Turkey,1,M2,1993,105541581
_EU28 (2013-2019),1,M2,2008,105121261
Kenya,1,M2,2015,104839816
Haiti,1,M2,1989,104697238
_EU28 (2013-2019),1,M2,2020,104690130
Cambodia,1,M2,1998,104579770
_EU27 (2007-2012),1,M2,2008,104496303
Turkey,1,M2,2025,104471825
_EU27 (2007-2012),1,M2,2020,104427672
Lesotho,1,M2,2003,103864872
Kenya,1,M2,2020,102843047
Israel,1,M2,2004,102823700
Costa Rica,1,M2,2009,102509599
Italy,1,M2,2001,102326421
Jamaica,1,M2,2001,102217757
Russia,1,M2,2001,101981557
Canada,1,M2,1994,101354672
Peru,1,M2,2021,101248563
Madagascar,1,M2,2025,101047257
Costa Rica,1,M2,1989,100201427
Jamaica,1,M2,1991,100039466
Burma (Myanmar),1,M2,2024,98642577
Burma (Myanmar),1,M2,2023,98642577
Jamaica,1,M2,1989,98393956
Guatemala,1,M2,1991,98030859
El Salvador,1,M2,1993,97956933
_EU28 (2013-2019),1,M2,2013,96597747
Madagascar,1,M2,2022,96541432
Haiti,1,M2,1990,96415779
South Korea,1,M2,2009,96284083
Italy,1,M2,2002,96189636
Singapore,1,M2,1994,96187714
_EU27 (2007-2012),1,M2,2013,96144598
Kenya,1,M2,2016,96126709
United Arab Emirates,1,M2,2002,95753062
Nicaragua,1,M2,2001,95676722
Burma (Myanmar),1,M2,2003,95494176
United Arab Emirates,1,M2,1999,95453094
Lesotho,1,M2,2005,95260964
Peru,1,M2,2006,95217170
Lesotho,1,M2,2006,95163634
Lesotho,1,M2,2007,95143283
Italy,1,M2,2003,94791784
_SUB-SAHARA,1,M2,1996,94604892
Peru,1,M2,2005,94551993
Colombia,1,M2,1999,94217378
Turkey,1,M2,1989,93759373
Egypt,1,M2,1997,93144957
Colombia,1,M2,2000,92804316
Kenya,1,M2,2017,92758652
Peru,1,M2,2007,92732512
Kenya,1,M2,2013,92628512
United Arab Emirates,1,M2,2005,91948267
South Korea,1,M2,2010,91897824
Taiwan,1,M2,2016,91862556
Turkey,1,M2,2019,91545869
Haiti,1,M2,1991,91509518
United Arab Emirates,1,M2,1998,91478704
Jamaica,1,M2,1990,90942001
Israel,1,M2,1999,90892445
Macau,1,M2,1992,90830031
_EU28 (2013-2019),1,M2,2012,90627645
United Arab Emirates,1,M2,2004,90448077
Peru,1,M2,2023,90358474
Peru,1,M2,2024,90358474
United Arab Emirates,1,M2,2003,90108137
_EU27 (2007-2012),1,M2,2012,90025513
Colombia,1,M2,1995,89055341
Pakistan,1,M2,1990,88877316
Peru,1,M2,2004,88179918
Pakistan,1,M2,1989,88143142
Jordan,1,M2,2002,87677668
Ethiopia,1,M2,2020,87453574
Pakistan,1,M2,1991,86819654
Egypt,1,M2,1996,86749603
Malaysia,1,M2,2016,86726370
Lesotho,1,M2,2008,86656789
Costa Rica,1,M2,2010,86115643
Italy,1,M2,1999,85209434
Macau,1,M2,1993,85102878
_SUB-SAHARA,1,M2,1993,85083032
Egypt,1,M2,1995,84949604
Singapore,1,M2,2000,84844338
Madagascar,1,M2,2024,84811601
Madagascar,1,M2,2023,84799486
Colombia,1,M2,1994,84652274
Turkey,1,M2,1992,84593054
Jamaica,1,M2,2002,84485093
Colombia,1,M2,1997,84314550
Turkey,1,M2,1990,84201061
Lesotho,1,M2,2002,84147017
Italy,1,M2,2004,84011322
Singapore,1,M2,1995,83771090
_EU28 (2013-2019),1,M2,2011,83607960
Peru,1,M2,2025,83546407
Colombia,1,M2,1998,83068649
Italy,1,M2,2022,82974195
Colombia,1,M2,2002,82909903
_EU27 (2007-2012),1,M2,2011,82855452
Nicaragua,1,M2,2000,82595926
Ethiopia,1,M2,2019,81993260
Taiwan,1,M2,2017,80396895
Israel,1,M2,2005,80318150
Turkey,1,M2,2020,80140546
Malaysia,1,M2,2017,80002267
Peru,1,M2,2008,79692660
United Arab Emirates,1,M2,1997,79464984
South Korea,1,M2,2011,78801470
Italy,1,M2,2025,78464714
Haiti,1,M2,1997,77640322
Turkey,1,M2,2018,77569885
Madagascar,1,M2,2008,77493397
Italy,1,M2,2021,77417896
Madagascar,1,M2,2021,77196355
Canada,1,M2,1993,77040439
Colombia,1,M2,2001,75972753
Colombia,1,M2,2007,75919257
Turkey,1,M2,2008,75722463
Russia,1,M2,2000,75382712
Canada,1,M2,2008,75037015
Kenya,1,M2,2011,74940626
_EU28 (2013-2019),1,M2,2010,74875154
Burma (Myanmar),1,M2,2019,74598030
Turkey,1,M2,2017,74558893
Madagascar,1,M2,2007,74286255
_EU27 (2007-2012),1,M2,2010,74283337
Italy,1,M2,1998,74244522
Ethiopia,1,M2,2025,74114227
Kenya,1,M2,2005,73898577
Israel,1,M2,1998,73504060
Lesotho,1,M2,2009,73358680
Kenya,1,M2,2004,73313118
Peru,1,M2,2010,72974704
Lesotho,1,M2,2010,72740511
Egypt,1,M2,1994,72732930
South Korea,1,M2,2013,72686949
Kenya,1,M2,2012,72521893
Singapore,1,M2,1999,72502626
Italy,1,M2,2023,72421112
Italy,1,M2,2024,72369390
Jamaica,1,M2,2003,71663342
Lesotho,1,M2,2013,71405706
Honduras,1,M2,1991,71177498
Colombia,1,M2,1993,70860365
Singapore,1,M2,1996,70753038
Lesotho,1,M2,2018,70488978
South Africa,1,M2,2003,70251459
Malaysia,1,M2,2019,69846525
United Arab Emirates,1,M2,1996,69632283
Colombia,1,M2,1996,69511805
South Korea,1,M2,2014,69436199
Madagascar,1,M2,2004,69407905
Macau,1,M2,1990,69370846
Kenya,1,M2,2008,69077658
Macau,1,M2,1991,68822023
Kenya,1,M2,2007,68790580
South Korea,1,M2,2015,68747336
Peru,1,M2,2011,68726437
_EU28 (2013-2019),1,M2,2009,68710688
Kenya,1,M2,2010,68639012
Peru,1,M2,2018,68503370
Macau,1,M2,1989,68465862
Lesotho,1,M2,2015,68401220
Singapore,1,M2,2001,68261862
_EU27 (2007-2012),1,M2,2009,68161079
Italy,1,M2,2005,68019444
Turkey,1,M2,2016,68000628
Taiwan,1,M2,2022,67939479
Lesotho,1,M2,2011,67697682
South Korea,1,M2,2012,67594971
Malaysia,1,M2,2018,67513050
Lesotho,1,M2,2016,67503424
Peru,1,M2,2019,67487894
United Arab Emirates,1,M2,1995,67288020
Israel,1,M2,2006,67247530
Lesotho,1,M2,2012,67130840
United Arab Emirates,1,M2,2006,67060898
Ethiopia,1,M2,2023,67017259
Ethiopia,1,M2,2024,67017259
South Korea,1,M2,2016,66804319
Singapore,1,M2,2002,66779311
Costa Rica,1,M2,2011,66624027
Italy,1,M2,1997,66245004
Nicaragua,1,M2,1999,66129199
Burma (Myanmar),1,M2,1999,66049161
Kenya,1,M2,2006,65461003
Taiwan,1,M2,2018,65439890
Lesotho,1,M2,2019,65376565
Lesotho,1,M2,2014,65362034
Lesotho,1,M2,2017,65195600
Peru,1,M2,2003,65180346
Peru,1,M2,2009,64689181
Peru,1,M2,2017,64370927
Madagascar,1,M2,2019,64255994
Costa Rica,1,M2,2012,64032158
Kenya,1,M2,2009,63796019
Guatemala,1,M2,1990,63766107
Canada,1,M2,1992,63593547
Lesotho,1,M2,2021,63395312
Turkey,1,M2,2015,63315599
Colombia,1,M2,2008,63255703
Nepal,1,M2,2000,63254001
Colombia,1,M2,1992,62917687
Singapore,1,M2,1998,62837356
Madagascar,1,M2,2005,62565044
Madagascar,1,M2,2009,62138086
_SUB-SAHARA,1,M2,1990,61765615
Mongolia,1,M2,2004,61493626
Eswatini (formerly Swaziland),1,M2,2004,61466382
Peru,1,M2,2012,61132037
Peru,1,M2,2014,61074291
Singapore,1,M2,1997,60728199
South Korea,1,M2,2017,60659696
Peru,1,M2,2013,60410031
Peru,1,M2,2016,60178829
El Salvador,1,M2,1992,59606755
Taiwan,1,M2,2019,58478772
South Korea,1,M2,2018,57962126
United Arab Emirates,1,M2,1994,57880260
Singapore,1,M2,2003,57758911
Italy,1,M2,1996,57733424
Italy,1,M2,2019,57634558
Turkey,1,M2,1991,57433221
Taiwan,1,M2,2021,57424532
_SUB-SAHARA,1,M2,1989,57369542
Italy,1,M2,1989,57226765
_SUB-SAHARA,1,M2,1992,56891094
Turkey,1,M2,2012,56846622
Peru,1,M2,2002,56648058
Israel,1,M2,1997,56644256
Haiti,1,M2,1996,56247313
Peru,1,M2,2015,56121071
Italy,1,M2,2006,55829479
Nicaragua,1,M2,1998,55781690
Israel,1,M2,1995,55202075
Madagascar,1,M2,2006,55199868
Oman,1,M2,2004,55182245
Lesotho,1,M2,2022,55051028
Eswatini (formerly Swaziland),1,M2,2005,54985687
Burma (Myanmar),1,M2,2018,54893545
Peru,1,M2,2020,54876778
South Korea,1,M2,2019,54855739
Mongolia,1,M2,2003,54851732
Lesotho,1,M2,2020,54842832
Israel,1,M2,2007,54796891
Canada,1,M2,2011,54727860
Italy,1,M2,2007,54554751
Canada,1,M2,2009,54278355
Israel,1,M2,1996,54011827
Madagascar,1,M2,2020,53987224
Nepal,1,M2,2001,53399002
Canada,1,M2,2010,53374409
Italy,1,M2,1995,53238444
Peru,1,M2,2000,53141716
South Korea,1,M2,2022,53072043
Mongolia,1,M2,2002,53041739
Jamaica,1,M2,2004,52496086
Italy,1,M2,1994,52390529
Canada,1,M2,2012,52256411
Kenya,1,M2,2003,52213612
Madagascar,1,M2,2018,51857239
Turkey,1,M2,2010,51815897
Hong Kong,1,M2,2017,51797722
Colombia,1,M2,2010,51783339
Italy,1,M2,2020,51721560
South Korea,1,M2,2021,51494753
Oman,1,M2,2000,51434982
Italy,1,M2,2014,51363750
Canada,1,M2,2014,51263992
Israel,1,M2,1994,51103991
Italy,1,M2,2018,50961981
Lesotho,1,M2,2001,50899933
Egypt,1,M2,1993,50558254
Turkey,1,M2,2014,50548101
Peru,1,M2,2001,50529391
South Africa,1,M2,2002,50461129
Italy,1,M2,2015,50433620
United Arab Emirates,1,M2,2007,50417210
Hong Kong,1,M2,2016,50133955
United Arab Emirates,1,M2,1992,50096363
Turkey,1,M2,2013,50016948
Colombia,1,M2,1991,49999623
Turkey,1,M2,2009,49909817
Israel,1,M2,2008,49584294
Guatemala,1,M2,1989,49578393
Mauritius,1,M2,1994,49562008
Canada,1,M2,2013,49491561
Haiti,1,M2,1993,49443817
Taiwan,1,M2,2020,49433438
Oman,1,M2,2001,49370724
United Arab Emirates,1,M2,1993,49306256
Canada,1,M2,2015,49293436
Nepal,1,M2,1999,49238788
Eswatini (formerly Swaziland),1,M2,2003,49164487
Brunei,1,M2,2004,49096330
Turkey,1,M2,2011,48929222
Hong Kong,1,M2,2009,48764394
_SUB-SAHARA,1,M2,1991,47887004
Canada,1,M2,2019,47880932
Italy,1,M2,2017,47617977
South Africa,1,M2,2001,47601631
Italy,1,M2,2008,47489764
Canada,1,M2,2018,47347882
Nicaragua,1,M2,1997,47341033
Hong Kong,1,M2,2018,47334531
Oman,1,M2,1999,47083969
Canada,1,M2,1991,46981931
Mauritius,1,M2,2002,46900533
Haiti,1,M2,1995,46880039
Italy,1,M2,2016,46729843
Singapore,1,M2,2004,46726372
Mauritius,1,M2,1989,46401065
Mauritius,1,M2,1995,46162156
Ethiopia,1,M2,2018,45775501
Mauritius,1,M2,1993,45665409
Madagascar,1,M2,2003,45634852
South Korea,1,M2,2020,45598394
Canada,1,M2,2021,45463195
Mauritius,1,M2,1990,45392394
Brazil,1,M2,2003,45364276
Mauritius,1,M2,2003,45123676
Oman,1,M2,1998,45044146
Colombia,1,M2,2021,45020989
Italy,1,M2,2013,44902225
Canada,1,M2,2017,44727520
Canada,1,M2,2022,44557019
Malaysia,1,M2,2020,44489214
Madagascar,1,M2,2017,44425840
Oman,1,M2,1995,44075472
Malaysia,1,M2,2022,44034704
Peru,1,M2,1999,43972812
Canada,1,M2,2016,43972739
Hong Kong,1,M2,2015,43921103
Brazil,1,M2,1989,43822720
Nepal,1,M2,1994,43750673
Jordan,1,M2,2001,43712722
Brunei,1,M2,2003,43671021
Mongolia,1,M2,2001,43371949
Costa Rica,1,M2,2013,43357993
Tanzania,1,M2,2025,43017899
Colombia,1,M2,2009,42993098
Canada,1,M2,2025,42314313
Israel,1,M2,1993,42018373
Macau,1,M2,2009,41976616
Malaysia,1,M2,2021,41698756
Oman,1,M2,2003,41582713
Italy,1,M2,2012,41566644
Eswatini (formerly Swaziland),1,M2,2006,41478162
Burma (Myanmar),1,M2,2017,41091954
Mauritius,1,M2,2001,41071613
Maldive Islands,1,M2,2002,40868647
Italy,1,M2,1990,40760447
Canada,1,M2,1990,40758019
Burma (Myanmar),1,M2,1998,40711712
Colombia,1,M2,2022,40578841
Japan,1,M2,2004,40469055
Italy,1,M2,1993,40409460
Maldive Islands,1,M2,2003,40373851
Honduras,1,M2,1990,40239393
Eswatini (formerly Swaziland),1,M2,2007,39841391
Eswatini (formerly Swaziland),1,M2,2008,39811379
Mauritius,1,M2,2000,39770708
Oman,1,M2,2002,39766757
Mongolia,1,M2,2005,39645839
Italy,1,M2,2011,39447702
Qatar,1,M2,2001,39317850
Nepal,1,M2,2003,39239505
Bulgaria,1,M2,2002,39237609
South Africa,1,M2,2004,38853374
Canada,1,M2,2020,38839595
Bulgaria,1,M2,2003,38649520
Qatar,1,M2,2000,38617642
Taiwan,1,M2,2025,38417662
Colombia,1,M2,2011,38412087
Mauritius,1,M2,1999,38387222
Brunei,1,M2,2001,38271525
Oman,1,M2,1997,38248486
Nepal,1,M2,1998,38104353
Egypt,1,M2,1992,38009482
South Africa,1,M2,2000,37925362
Nepal,1,M2,2002,37909742
Maldive Islands,1,M2,2004,37898506
Italy,1,M2,1991,37883685
Hong Kong,1,M2,2010,37850604
South Korea,1,M2,2023,37799263
South Korea,1,M2,2024,37798997
Brunei,1,M2,2005,37645927
Madagascar,1,M2,2001,37479216
Bahrain,1,M2,2002,37432151
Brunei,1,M2,2002,37349281
Mauritius,1,M2,2004,37322297
Brazil,1,M2,2004,37297685
Mauritius,1,M2,1998,37271020
Nicaragua,1,M2,1996,37265830
Lesotho,1,M2,2024,37082091
Lesotho,1,M2,2023,37082091
Oman,1,M2,1996,37004669
El Salvador,1,M2,1991,36937508
Italy,1,M2,1992,36810282
Colombia,1,M2,2013,36763133
Italy,1,M2,2010,36745078
Colombia,1,M2,2012,36694916
Tanzania,1,M2,2023,36479771
Tanzania,1,M2,2024,36479771
Israel,1,M2,1992,36467105
Canada,1,M2,2023,36307502
Canada,1,M2,2024,36307156
Morocco,1,M2,2022,36300615
Canada,1,M2,1989,36090216
Morocco,1,M2,2023,35959935
Morocco,1,M2,2024,35959921
Haiti,1,M2,1992,35521025
Germany,1,M2,1997,35478225
Japan,1,M2,1989,35302779
Kenya,1,M2,2002,35184223
Qatar,1,M2,1999,35122144
Brazil,1,M2,2002,34891392
Qatar,1,M2,1998,34860456
Russia,1,M2,1999,34842430
Bahrain,1,M2,2001,34824706
Nepal,1,M2,2004,34818959
Costa Rica,1,M2,2014,34716457
Colombia,1,M2,1990,34708459
Bulgaria,1,M2,2001,34703004
South Korea,1,M2,2025,34655995
Nepal,1,M2,1996,34627524
Hong Kong,1,M2,2013,34599676
Japan,1,M2,2003,34598296
Australia,1,M2,2002,34554024
Lesotho,1,M2,2025,34482859
Taiwan,1,M2,2024,34380892
Taiwan,1,M2,2023,34380892
Lesotho,1,M2,2000,34365207
Mauritius,1,M2,1997,34208556
Hong Kong,1,M2,2020,34186770
Mauritius,1,M2,1996,34186697
Oman,1,M2,1994,34169986
Bulgaria,1,M2,2004,33986766
Nepal,1,M2,1995,33814112
Israel,1,M2,2009,33561917
Mauritius,1,M2,1992,33380148
Hong Kong,1,M2,2014,33280913
Romania,1,M2,2001,33214007
Australia,1,M2,2003,33178045
Brazil,1,M2,1994,33172395
Colombia,1,M2,2015,32992616
Hong Kong,1,M2,2012,32909165
Brazil,1,M2,1992,32906293
Malaysia,1,M2,2023,32785468
Malaysia,1,M2,2024,32785468
Australia,1,M2,2004,32784370
Jamaica,1,M2,2005,32777442
Brazil,1,M2,1990,32754583
Hong Kong,1,M2,2011,32725065
Mauritius,1,M2,2014,32666653
Colombia,1,M2,1989,32138507
Italy,1,M2,2009,32065334
United Arab Emirates,1,M2,1989,32035735
Bahrain,1,M2,2003,31942640
United Arab Emirates,1,M2,1990,31621356
Brazil,1,M2,1993,31616510
Bulgaria,1,M2,2005,31452372
Mauritius,1,M2,2015,31377419
Colombia,1,M2,2019,31132356
Mauritius,1,M2,1991,31106288
Brunei,1,M2,2000,30858338
Nepal,1,M2,1997,30779566
Australia,1,M2,2001,30736244
Morocco,1,M2,2021,30699633
Brazil,1,M2,2005,30621771
Ukraine,1,M2,2001,30578015
Madagascar,1,M2,2016,30565241
Brazil,1,M2,2001,30559768
Honduras,1,M2,1989,30465225
Colombia,1,M2,2018,30424379
Bahrain,1,M2,2004,30412932
Malaysia,1,M2,2025,30280055
Colombia,1,M2,2014,30176108
Syria,1,M2,2002,30169027
Cambodia,1,M2,1997,30155251
Vietnam,1,M2,2000,29991310
Mongolia,1,M2,2000,29901000
Portugal,1,M2,1989,29868802
Israel,1,M2,1990,29537670
Eswatini (formerly Swaziland),1,M2,2009,29487355
Maldive Islands,1,M2,2001,29448859
Mauritius,1,M2,2005,29210251
Tanzania,1,M2,2022,29204138
Mongolia,1,M2,2006,29153326
Syria,1,M2,2001,29148182
Nepal,1,M2,1993,29146993
Colombia,1,M2,2016,29054316
Syria,1,M2,2003,28872087
Singapore,1,M2,2005,28726552
Mauritius,1,M2,2013,28629802
United Arab Emirates,1,M2,2008,28559468
Colombia,1,M2,2017,28427733
Colombia,1,M2,2020,28334746
Brazil,1,M2,2000,28311504
Mauritius,1,M2,2016,28311384
Romania,1,M2,2000,28243349
Romania,1,M2,2002,28188419
Peru,1,M2,1998,28124735
Vietnam,1,M2,2001,28099535
Qatar,1,M2,1997,28038660
El Salvador,1,M2,1990,28006466
United Arab Emirates,1,M2,1991,27922846
Egypt,1,M2,1991,27811123
Bahrain,1,M2,2000,27769483
Oman,1,M2,1992,27760718
Israel,1,M2,2010,27759804
Singapore,1,M2,2006,27730433
Maldive Islands,1,M2,2000,27709283
Russia,1,M2,2005,27508714
Morocco,1,M2,2025,27248896
Oman,1,M2,1993,27145930
Eswatini (formerly Swaziland),1,M2,2010,27097176
Qatar,1,M2,2002,27071348
Burma (Myanmar),1,M2,1997,26870509
Egypt,1,M2,1990,26754351
Japan,1,M2,2002,26743674
Russia,1,M2,1998,26644574
Israel,1,M2,2011,26489126
Nepal,1,M2,1992,26449433
Hong Kong,1,M2,2019,26345418
Germany,1,M2,1995,26320443
Israel,1,M2,1991,26285419
Lesotho,1,M2,1999,25803509
South Africa,1,M2,1999,25737374
Bahrain,1,M2,1995,25697618
Bahrain,1,M2,1994,25422257
Germany,1,M2,1996,25357961
Syria,1,M2,2000,25265569
Eswatini (formerly Swaziland),1,M2,2002,25265190
Jamaica,1,M2,2006,25120440
Morocco,1,M2,2001,24654772
Portugal,1,M2,1990,24616551
Colombia,1,M2,2023,24433559
Colombia,1,M2,2024,24433118
Israel,1,M2,1989,24408515
Romania,1,M2,1998,24397075
Laos,1,M2,2025,24276421
Ethiopia,1,M2,2017,24187759
Singapore,1,M2,2007,24130047
Ukraine,1,M2,2002,24010987
Lesotho,1,M2,1998,23954569
Mauritius,1,M2,2012,23924346
Romania,1,M2,1999,23879040
Fiji,1,M2,2001,23629173
Burma (Myanmar),1,M2,1996,23567851
Qatar,1,M2,1996,23510909
Mauritius,1,M2,2011,23506143
South Africa,1,M2,1997,23208611
Brunei,1,M2,2006,22962223
Qatar,1,M2,2003,22889456
United Kingdom,1,M2,2001,22853345
Syria,1,M2,2004,22845506
Fiji,1,M2,2000,22844762
Bahrain,1,M2,1996,22696664
Peru,1,M2,1997,22529085
Turkmenistan,1,M2,2003,22527490
Bahrain,1,M2,2005,22495698
South Africa,1,M2,1998,22185004
Madagascar,1,M2,2002,22161428
Macau,1,M2,2010,22140714
Egypt,1,M2,1989,22026420
Mauritius,1,M2,2006,21892183
Mauritius,1,M2,2017,21842952
Turkmenistan,1,M2,2004,21833510
Burma (Myanmar),1,M2,2016,21800889
Israel,1,M2,2012,21592362
Laos,1,M2,2010,21570547
Ukraine,1,M2,2000,21567931
Morocco,1,M2,1998,21481845
Portugal,1,M2,2022,21376178
Lesotho,1,M2,1997,21311661
Fiji,1,M2,2004,21282907
Brazil,1,M2,2006,21244707
Colombia,1,M2,2025,21159701
Brazil,1,M2,1995,21079326
Vietnam,1,M2,1999,21065084
Bahrain,1,M2,1993,20858607
Japan,1,M2,2001,20840892
Australia,1,M2,2000,20705780
Morocco,1,M2,2019,20678214
Qatar,1,M2,1992,20617881
Nicaragua,1,M2,1995,20574920
Madagascar,1,M2,2000,20495114
Israel,1,M2,2013,20465360
Turkmenistan,1,M2,2005,20412858
Mauritius,1,M2,2018,20393293
Israel,1,M2,2014,20375360
Qatar,1,M2,1995,20337805
Portugal,1,M2,2025,20328762
Fiji,1,M2,2002,20315555
Morocco,1,M2,2000,20293921
Portugal,1,M2,2021,20243166
Eswatini (formerly Swaziland),1,M2,2011,20118917
Brunei,1,M2,2007,20092041
North Macedonia,1,M2,2000,20085833
United Kingdom,1,M2,2003,20068188
Japan,1,M2,1990,19990569
Russia,1,M2,2006,19940078
Maldive Islands,1,M2,1999,19921248
Romania,1,M2,2003,19902110
South Africa,1,M2,1995,19730862
Panama,1,M2,1990,19693722
United Kingdom,1,M2,2002,19625355
Brazil,1,M2,1991,19535178
South Africa,1,M2,1996,19514873
Mauritius,1,M2,2010,19433549
Mongolia,1,M2,2007,19336869
Bulgaria,1,M2,2000,19262407
Nepal,1,M2,2005,19201189
Tanzania,1,M2,2019,19190791
Mauritius,1,M2,2007,19186275
North Macedonia,1,M2,1998,19157443
United Kingdom,1,M2,2000,19110307
Jamaica,1,M2,2007,19083574
Ukraine,1,M2,1995,18814841
Macau,1,M2,2022,18785645
Bahrain,1,M2,1999,18729835
Singapore,1,M2,2008,18678934
Bulgaria,1,M2,2006,18665093
Morocco,1,M2,2016,18661288
Burma (Myanmar),1,M2,1995,18608438
United Arab Emirates,1,M2,2009,18530091
Kenya,1,M2,2001,18520906
Russia,1,M2,1995,18499529
El Salvador,1,M2,1989,18477113
Morocco,1,M2,2018,18474319
Portugal,1,M2,2019,18413276
Portugal,1,M2,2023,18400076
Portugal,1,M2,2024,18399708
Hong Kong,1,M2,2021,18380371
United Kingdom,1,M2,2004,18349893
Namibia,1,M2,2004,18344024
Moldova,1,M2,2003,18290397
Greece,1,M2,1990,18286416
Bahrain,1,M2,1997,18231315
Saudi Arabia,1,M2,2000,18195354
Bahrain,1,M2,2014,18163461
Bahrain,1,M2,1998,17995343
Brunei,1,M2,1999,17988854
Mauritius,1,M2,2019,17969260
Lesotho,1,M2,1994,17905692
Panama,1,M2,1991,17879279
Ukraine,1,M2,1998,17825861
Bahrain,1,M2,2008,17804946
Morocco,1,M2,2017,17791451
Portugal,1,M2,2018,17783720
Morocco,1,M2,1999,17750197
Fiji,1,M2,2003,17629066
Qatar,1,M2,1994,17578205
Ghana,1,M2,2025,17527757
Bahrain,1,M2,2015,17452889
Morocco,1,M2,2002,17445456
Madagascar,1,M2,2010,17428278
Australia,1,M2,2005,17296720
Nepal,1,M2,1990,17133599
Saudi Arabia,1,M2,2001,17095704
Russia,1,M2,1994,17039849
Lesotho,1,M2,1995,17008622
_ANDEAN (ATPA),1,M2,2004,16990017
Ecuador,1,M2,2004,16990017
Vietnam,1,M2,1998,16970607
Laos,1,M2,2008,16865019
South Africa,1,M2,2005,16837113
Oman,1,M2,2018,16793205
Nepal,1,M2,1991,16771580
Kuwait,1,M2,2003,16752548
Ethiopia,1,M2,2016,16644785
United Arab Emirates,1,M2,2010,16570579
Bahrain,1,M2,2006,16492451
Mongolia,1,M2,1999,16465250
Laos,1,M2,2011,16434286
Portugal,1,M2,2017,16415890
Tanzania,1,M2,2018,16381554
Romania,1,M2,1997,16360348
United Kingdom,1,M2,1998,16347173
Oman,1,M2,2005,16311383
Ukraine,1,M2,1996,16247449
Haiti,1,M2,1994,16161410
North Macedonia,1,M2,2001,16146582
Russia,1,M2,1996,16095257
Namibia,1,M2,2005,16091296
Kuwait,1,M2,2004,16011210
Peru,1,M2,1996,15985132
Tanzania,1,M2,2016,15974081
Morocco,1,M2,2003,15919246
Macau,1,M2,2021,15912081
Tanzania,1,M2,2017,15900150
Kuwait,1,M2,1993,15802073
Ukraine,1,M2,2003,15770170
Madagascar,1,M2,2015,15769429
Nepal,1,M2,1989,15672689
Mauritius,1,M2,2009,15660041
Nepal,1,M2,2006,15639335
Mauritius,1,M2,2008,15622904
Belize,1,M2,2004,15620244
Turkmenistan,1,M2,2002,15569793
Russia,1,M2,1997,15565349
Tanzania,1,M2,2014,15533397
Fiji,1,M2,1999,15526328
United Kingdom,1,M2,1990,15484784
Oman,1,M2,2017,15471508
Lesotho,1,M2,1993,15462175
Brazil,1,M2,2007,15329961
Qatar,1,M2,2004,15319239
Portugal,1,M2,2016,15293619
Belize,1,M2,2003,15252171
Lesotho,1,M2,1996,15248719
North Macedonia,1,M2,1999,15211034
Turkmenistan,1,M2,2001,15190362
United Kingdom,1,M2,1989,15183530
Morocco,1,M2,2015,15179466
United Kingdom,1,M2,1994,15173768
Morocco,1,M2,2020,15173136
Bahrain,1,M2,2007,15171812
Laos,1,M2,2024,15145513
Laos,1,M2,2023,15145513
Panama,1,M2,1993,15094718
Greece,1,M2,1989,14916072
Morocco,1,M2,1997,14909994
Eswatini (formerly Swaziland),1,M2,2014,14862263
Qatar,1,M2,1993,14808985
Syria,1,M2,2005,14773470
_ANDEAN (ATPA),1,M2,2007,14740164
Ecuador,1,M2,2007,14740164
United Kingdom,1,M2,1996,14721558
Kazakhstan,1,M2,2004,14673409
Panama,1,M2,1989,14638935
United Kingdom,1,M2,1997,14607828
Fiji,1,M2,1995,14563011
Vietnam,1,M2,1997,14550789
Ukraine,1,M2,2004,14508042
Eswatini (formerly Swaziland),1,M2,2012,14456687
Peru,1,M2,1995,14442837
Tanzania,1,M2,2020,14417851
Turkmenistan,1,M2,2006,14367862
Madagascar,1,M2,2012,14358392
Panama,1,M2,1992,14239388
Australia,1,M2,1999,14155921
Ukraine,1,M2,1999,14068569
Brunei,1,M2,2008,14031418
Bahrain,1,M2,2013,14009554
United Kingdom,1,M2,1999,14002216
Belize,1,M2,1991,13998740
Brazil,1,M2,1996,13937122
Hong Kong,1,M2,2022,13926230
Ukraine,1,M2,1997,13919618
Portugal,1,M2,2020,13895728
Panama,1,M2,1994,13844036
Tanzania,1,M2,2015,13829103
Morocco,1,M2,2014,13782287
Bahrain,1,M2,2010,13774932
Morocco,1,M2,2004,13771816
Kenya,1,M2,1994,13750494
United Kingdom,1,M2,2005,13643274
South Africa,1,M2,1994,13627553
_ANDEAN (ATPA),1,M2,2005,13619056
Ecuador,1,M2,2005,13619056
Belize,1,M2,2001,13578176
Romania,1,M2,2004,13536270
Portugal,1,M2,2015,13437315
Moldova,1,M2,2002,13402018
Ghana,1,M2,2023,13360449
Ghana,1,M2,2024,13360449
Uzbekistan,1,M2,2003,13323521
Oman,1,M2,1991,13265750
Fiji,1,M2,1994,13232039
Portugal,1,M2,2000,13226132
Belize,1,M2,2002,13225055
Eswatini (formerly Swaziland),1,M2,2013,13156255
Vietnam,1,M2,1996,13052264
Germany,1,M2,1994,13037098
Belize,1,M2,2005,12940051
Moldova,1,M2,2004,12938274
Romania,1,M2,1995,12930129
Burma (Myanmar),1,M2,2015,12895327
Uzbekistan,1,M2,2002,12894831
Bulgaria,1,M2,1999,12850327
Kenya,1,M2,1995,12814662
Bahrain,1,M2,2016,12813978
Bahrain,1,M2,2009,12805900
Bulgaria,1,M2,1998,12794138
Fiji,1,M2,1993,12788244
Moldova,1,M2,2001,12739221
_ANDEAN (ATPA),1,M2,2003,12700587
Ecuador,1,M2,2003,12700587
Peru,1,M2,1994,12698986
United Kingdom,1,M2,1995,12675145
Poland,1,M2,1990,12598600
North Macedonia,1,M2,2002,12594698
Kenya,1,M2,2000,12555644
Japan,1,M2,1991,12554815
Vietnam,1,M2,1995,12546817
Fiji,1,M2,1991,12544099
Lesotho,1,M2,1992,12536557
Belize,1,M2,2006,12491488
Kenya,1,M2,1999,12467190
Ukraine,1,M2,1994,12404712
Bulgaria,1,M2,2007,12370554
Syria,1,M2,2006,12268004
Morocco,1,M2,2013,12267397
Peru,1,M2,1991,12195135
United Kingdom,1,M2,1991,12192084
Belize,1,M2,2000,12183076
Romania,1,M2,1989,12180658
Macau,1,M2,2011,12178454
Belize,1,M2,1992,12134117
France,1,M2,2023,12087436
France,1,M2,2024,12087357
North Macedonia,1,M2,1997,12084125
Laos,1,M2,2009,12055574
Fiji,1,M2,1992,12026264
_ANDEAN (ATPA),1,M2,2001,11971651
Ecuador,1,M2,2001,11971651
France,1,M2,2002,11945547
Portugal,1,M2,1991,11941726
Hungary,1,M2,1996,11931037
Kuwait,1,M2,2002,11901504
Ghana,1,M2,2022,11882312
Syria,1,M2,2007,11849465
_ANDEAN (ATPA),1,M2,2008,11849230
Ecuador,1,M2,2008,11849230
Bahrain,1,M2,2012,11812954
Bahrain,1,M2,1992,11795786
Syria,1,M2,1999,11787695
Saudi Arabia,1,M2,1999,11762349
France,1,M2,2001,11719164
Hungary,1,M2,1995,11716456
United Kingdom,1,M2,1993,11680748
Germany,1,M2,1999,11605331
United Kingdom,1,M2,1992,11581722
Romania,1,M2,1996,11560396
Fiji,1,M2,1998,11500466
Bulgaria,1,M2,1997,11471092
United Arab Emirates,1,M2,2011,11461612
Peru,1,M2,1990,11459863
Madagascar,1,M2,2013,11436245
Eswatini (formerly Swaziland),1,M2,2001,11432854
Belize,1,M2,1998,11399448
Hungary,1,M2,1994,11399351
North Macedonia,1,M2,2003,11387327
_ANDEAN (ATPA),1,M2,2006,11383886
Ecuador,1,M2,2006,11383886
Bahrain,1,M2,2011,11338900
Singapore,1,M2,2009,11322616
Portugal,1,M2,2001,11307542
Belize,1,M2,1993,11285377
Madagascar,1,M2,2011,11264029
Mauritius,1,M2,2020,11246649
Burma (Myanmar),1,M2,1994,11244849
Portugal,1,M2,1998,11181382
Kazakhstan,1,M2,2003,11173808
Macau,1,M2,2020,11157409
South Africa,1,M2,2006,11148131
Israel,1,M2,2015,11100105
Panama,1,M2,1995,11081825
Argentina,1,M2,1989,11016004
France,1,M2,1989,11009502
Portugal,1,M2,2014,10994272
Hungary,1,M2,1993,10922102
Tanzania,1,M2,2021,10918249
Morocco,1,M2,1995,10885783
Brunei,1,M2,1998,10881611
Fiji,1,M2,1997,10822015
Maldive Islands,1,M2,1998,10690755
Hungary,1,M2,1989,10687888
Brazil,1,M2,1999,10649747
Mongolia,1,M2,1998,10646949
Portugal,1,M2,1994,10626037
Australia,1,M2,1991,10593214
Kenya,1,M2,1996,10586780
Tanzania,1,M2,2013,10578173
Romania,1,M2,1994,10572362
Namibia,1,M2,2003,10543032
Belize,1,M2,1997,10538148
Morocco,1,M2,1996,10536830
France,1,M2,1990,10483758
France,1,M2,2003,10480447
Kenya,1,M2,1997,10466595
Romania,1,M2,2022,10440504
France,1,M2,2000,10421340
Morocco,1,M2,2006,10382857
Japan,1,M2,1992,10375878
Portugal,1,M2,1992,10361567
Turkmenistan,1,M2,2000,10313734
Namibia,1,M2,2006,10301177
France,1,M2,2025,10270673
Morocco,1,M2,1994,10242218
North Macedonia,1,M2,2004,10219640
Kenya,1,M2,1998,10200562
Jamaica,1,M2,2008,10161619
United Kingdom,1,M2,2022,10110073
Belize,1,M2,1989,10100855
Fiji,1,M2,1996,10048658
Hungary,1,M2,1998,10028994
United Kingdom,1,M2,2021,10013466
Romania,1,M2,2005,9908236
_ANDEAN (ATPA),1,M2,2000,9880636
Ecuador,1,M2,2000,9880636
Portugal,1,M2,2003,9879376
Madagascar,1,M2,2014,9856902
_ANDEAN (ATPA),1,M2,2002,9838498
Ecuador,1,M2,2002,9838498
Turkmenistan,1,M2,2008,9760196
Peru,1,M2,1993,9736963
Ukraine,1,M2,2005,9728239
Bulgaria,1,M2,1995,9714053
Hong Kong,1,M2,2023,9705272
Portugal,1,M2,1999,9705139
United Kingdom,1,M2,2025,9704481
Hong Kong,1,M2,2024,9702377
Panama,1,M2,1996,9630716
Hungary,1,M2,1997,9613981
Brazil,1,M2,1997,9550980
Turkmenistan,1,M2,2009,9533089
Morocco,1,M2,2012,9520253
Romania,1,M2,2019,9519096
Peru,1,M2,1992,9476870
Belize,1,M2,1999,9461843
France,1,M2,2008,9446495
Romania,1,M2,2006,9438974
Bulgaria,1,M2,1994,9429919
Mongolia,1,M2,1997,9415852
France,1,M2,2007,9413216
Poland,1,M2,1993,9396284
Poland,1,M2,1989,9396125
Qatar,1,M2,2005,9395245
Portugal,1,M2,2004,9346888
Jordan,1,M2,2000,9340484
France,1,M2,1999,9281610
Ghana,1,M2,2004,9280600
Belize,1,M2,1994,9255838
France,1,M2,1998,9248902
Madagascar,1,M2,1999,9244099
Mongolia,1,M2,2008,9234646
Chile,1,M2,1990,9219681
Turkmenistan,1,M2,2007,9165873
France,1,M2,2004,9148096
Bolivia,1,M2,2004,9121189
Hungary,1,M2,1992,9119469
Morocco,1,M2,1993,9023822
Portugal,1,M2,2013,9021910
Brazil,1,M2,2008,9016382
Portugal,1,M2,2005,9000559
Moldova,1,M2,2000,8973655
Macau,1,M2,2012,8965471
Namibia,1,M2,2007,8954541
Japan,1,M2,2000,8944600
Tanzania,1,M2,2012,8927100
Ethiopia,1,M2,2015,8925162
Nepal,1,M2,2007,8918510
United Kingdom,1,M2,2006,8914955
Romania,1,M2,2007,8833676
Bulgaria,1,M2,2008,8833404
Portugal,1,M2,1993,8827141
Romania,1,M2,2021,8792662
Portugal,1,M2,1995,8748098
France,1,M2,1997,8719812
Hungary,1,M2,1990,8700096
Japan,1,M2,1993,8677992
Chile,1,M2,1989,8677202
Mongolia,1,M2,1994,8664547
Poland,1,M2,1992,8602840
Kuwait,1,M2,1994,8601139
Belize,1,M2,2007,8600416
North Macedonia,1,M2,1996,8598053
France,1,M2,2005,8596974
St Lucia,1,M2,1989,8565233
Romania,1,M2,2016,8489745
Bulgaria,1,M2,1993,8436283
France,1,M2,2019,8429750
Estonia,1,M2,2004,8417934
Romania,1,M2,1990,8417372
_ANDEAN (ATPA),1,M2,2009,8398490
Ecuador,1,M2,2009,8398490
Greece,1,M2,1991,8391417
St Lucia,1,M2,1990,8384992
Australia,1,M2,1997,8378610
Kenya,1,M2,1993,8347184
Belarus,1,M2,2001,8312339
Poland,1,M2,1995,8277024
Romania,1,M2,2025,8231352
Nicaragua,1,M2,1994,8221305
Romania,1,M2,2017,8184062
Belize,1,M2,1995,8176683
United Kingdom,1,M2,2015,8147278
Belarus,1,M2,1997,8082971
Belarus,1,M2,2004,8081473
France,1,M2,2022,8080828
United Arab Emirates,1,M2,2012,8077781
_ANDEAN (ATPA),1,M2,1998,8074729
Ecuador,1,M2,1998,8074729
Romania,1,M2,2014,8067917
Kuwait,1,M2,2001,8066634
Greece,1,M2,1992,8063924
Tunisia,1,M2,2002,8042919
North Macedonia,1,M2,1995,8034308
Australia,1,M2,1998,8027781
St Lucia,1,M2,1993,8025729
Peru,1,M2,1989,8025031
Burma (Myanmar),1,M2,1993,8019907
Singapore,1,M2,2010,8012145
Qatar,1,M2,1991,7987835
Romania,1,M2,2015,7981742
Oman,1,M2,1990,7943054
Romania,1,M2,2008,7894075
St Lucia,1,M2,1994,7890407
Bulgaria,1,M2,1996,7847737
Romania,1,M2,2018,7800252
Malawi,1,M2,2004,7795421
Uzbekistan,1,M2,2005,7781273
Morocco,1,M2,2011,7772477
Israel,1,M2,2016,7771334
Portugal,1,M2,2012,7725618
Portugal,1,M2,2002,7701880
Botswana,1,M2,2005,7686504
_ANDEAN (ATPA),1,M2,1999,7686455
Ecuador,1,M2,1999,7686455
Japan,1,M2,2005,7680245
Morocco,1,M2,2007,7650073
Brunei,1,M2,1997,7624049
Belize,1,M2,1996,7618091
Estonia,1,M2,2003,7617213
Poland,1,M2,1994,7600812
Maldive Islands,1,M2,1992,7588360
North Macedonia,1,M2,1993,7566245
Laos,1,M2,2021,7565558
Brazil,1,M2,1998,7553381
Mauritius,1,M2,2021,7542960
St Lucia,1,M2,1992,7519502
Brunei,1,M2,1996,7514511
Chile,1,M2,1991,7509670
France,1,M2,2006,7488707
Tunisia,1,M2,2022,7485427
Portugal,1,M2,2006,7482198
Uruguay,1,M2,1992,7473474
Fiji,1,M2,1990,7458719
Estonia,1,M2,2001,7445694
Moldova,1,M2,2005,7401222
Estonia,1,M2,2002,7387876
Germany,1,M2,1990,7387170
Morocco,1,M2,2008,7363903
Brunei,1,M2,2009,7361536
Guyana,1,M2,2002,7355114
Mauritius,1,M2,2022,7351667
Belarus,1,M2,1998,7349324
Ethiopia,1,M2,2013,7315778
Australia,1,M2,2006,7298215
Botswana,1,M2,2006,7289586
Guyana,1,M2,2003,7273262
Ghana,1,M2,2006,7266942
Laos,1,M2,2022,7246644
Belarus,1,M2,2000,7241582
Romania,1,M2,2020,7233338
Bulgaria,1,M2,2016,7231225
Romania,1,M2,2012,7217610
Turkmenistan,1,M2,2010,7216689
Bahrain,1,M2,1990,7209162
France,1,M2,1996,7204092
United Kingdom,1,M2,2014,7197219
Germany,1,M2,1998,7176858
Eswatini (formerly Swaziland),1,M2,2000,7165564
Panama,1,M2,1997,7164781
Greece,1,M2,1995,7164257
France,1,M2,1991,7152829
Poland,1,M2,1991,7148036
Macau,1,M2,2019,7107102
Uruguay,1,M2,1989,7099233
United Kingdom,1,M2,2019,7071263
Lebanon,1,M2,2004,7064854
France,1,M2,2017,7053517
Malawi,1,M2,2003,7049439
Tanzania,1,M2,2011,7029409
Hungary,1,M2,1999,7028718
Macau,1,M2,2024,7000231
Macau,1,M2,2023,7000230
Morocco,1,M2,1992,6992189
Mongolia,1,M2,1996,6976639
Romania,1,M2,2023,6972509
Romania,1,M2,2024,6972331
Malawi,1,M2,2005,6965033
Ethiopia,1,M2,2014,6934581
Romania,1,M2,2013,6931942
Poland,1,M2,1996,6913332
Germany,1,M2,1989,6898888
Burma (Myanmar),1,M2,1992,6896257
Portugal,1,M2,2007,6874210
Estonia,1,M2,2000,6862516
Lesotho,1,M2,1991,6838587
Argentina,1,M2,1990,6832323
Guyana,1,M2,2001,6809136
Portugal,1,M2,1997,6808541
Russia,1,M2,1993,6772893
_ANDEAN (ATPA),1,M2,1997,6731268
Ecuador,1,M2,1997,6731268
Maldive Islands,1,M2,1993,6722711
Jordan,1,M2,1994,6712444
Morocco,1,M2,2005,6692049
Czech Republic,1,M2,2006,6689740
Japan,1,M2,1994,6687208
Belarus,1,M2,2003,6637957
United Kingdom,1,M2,2020,6635125
Belarus,1,M2,2005,6598455
France,1,M2,2018,6587129
Lebanon,1,M2,2003,6567339
France,1,M2,1995,6550301
France,1,M2,1994,6549545
Hong Kong,1,M2,2025,6537655
Morocco,1,M2,1990,6530680
Hungary,1,M2,2000,6520167
Japan,1,M2,2007,6508313
Brunei,1,M2,1995,6482555
St Lucia,1,M2,1995,6454764
Portugal,1,M2,2008,6452900
France,1,M2,2015,6444893
France,1,M2,2021,6425712
Ghana,1,M2,2005,6409683
Estonia,1,M2,1998,6408127
Ghana,1,M2,2019,6386469
Lesotho,1,M2,1990,6375498
Belarus,1,M2,1996,6369726
Mongolia,1,M2,1993,6368515
Jordan,1,M2,1995,6354155
Kuwait,1,M2,2000,6338016
St Lucia,1,M2,1991,6308809
Romania,1,M2,1993,6301712
United Kingdom,1,M2,2016,6299484
Greece,1,M2,1994,6295900
Portugal,1,M2,1996,6290975
Federated States of Mic,1,M2,2002,6286098
Germany,1,M2,2000,6284215
Bolivia,1,M2,2003,6262486
Belarus,1,M2,2002,6250986
Chile,1,M2,1992,6247998
Brunei,1,M2,1994,6228965
Mongolia,1,M2,1995,6228009
Ethiopia,1,M2,2011,6210098
Hungary,1,M2,1991,6202580
Ghana,1,M2,2003,6176331
Germany,1,M2,2003,6166887
Uzbekistan,1,M2,2004,6161563
Germany,1,M2,2005,6131550
Ghana,1,M2,2021,6118077
Germany,1,M2,2002,6116796
Poland,1,M2,1997,6097847
Malta,1,M2,2003,6096867
United Kingdom,1,M2,2023,6084441
United Kingdom,1,M2,2024,6084409
Eswatini (formerly Swaziland),1,M2,1994,6053218
Qatar,1,M2,1990,6049966
North Macedonia,1,M2,2005,6040182
Oman,1,M2,2006,6033910
Chile,1,M2,1993,6020052
Bahrain,1,M2,1991,6011821
Japan,1,M2,2006,5997660
Germany,1,M2,2001,5984623
Laos,1,M2,2007,5965144
Czech Republic,1,M2,2001,5932209
France,1,M2,2014,5919156
Singapore,1,M2,2011,5908236
France,1,M2,1992,5893334
Portugal,1,M2,2011,5875234
Japan,1,M2,1998,5869186
Malawi,1,M2,2007,5867845
Maldive Islands,1,M2,1997,5864063
Morocco,1,M2,2010,5841403
Botswana,1,M2,2004,5833911
Bulgaria,1,M2,2015,5820820
Chile,1,M2,1994,5818550
Poland,1,M2,2003,5810517
Japan,1,M2,1999,5810316
Bulgaria,1,M2,2021,5801884
United Kingdom,1,M2,2011,5788073
_ANDEAN (ATPA),1,M2,2010,5787226
Ecuador,1,M2,2010,5787226
Australia,1,M2,1995,5761674
Kyrgyzstan,1,M2,2003,5740308
Estonia,1,M2,1999,5740168
France,1,M2,2016,5669747
Estonia,1,M2,2005,5661785
Macau,1,M2,2013,5625689
United Kingdom,1,M2,2013,5625499
Greece,1,M2,1993,5620888
Tunisia,1,M2,2021,5595099
Uruguay,1,M2,1991,5578201
Federated States of Mic,1,M2,2003,5566642
Japan,1,M2,1997,5546613
Ghana,1,M2,2007,5530020
Burma (Myanmar),1,M2,2014,5528008
United Kingdom,1,M2,2017,5521462
Australia,1,M2,1994,5488064
Federated States of Mic,1,M2,2001,5473907
Tunisia,1,M2,2001,5471373
United Kingdom,1,M2,2018,5470869
Malawi,1,M2,2006,5458080
Botswana,1,M2,2007,5451312
Oman,1,M2,2016,5451016
Chile,1,M2,1995,5438058
North Macedonia,1,M2,1994,5436100
United Kingdom,1,M2,2012,5429737
Poland,1,M2,2000,5423922
Bulgaria,1,M2,2022,5417907
Romania,1,M2,2011,5407259
Germany,1,M2,2004,5355590
_ANDEAN (ATPA),1,M2,2011,5354203
Ecuador,1,M2,2011,5354203
Portugal,1,M2,2010,5350979
France,1,M2,2013,5336335
France,1,M2,2012,5303599
Uruguay,1,M2,1993,5293411
Uruguay,1,M2,1990,5291246
Venezuela,1,M2,1990,5288418
Ethiopia,1,M2,2012,5281703
Madagascar,1,M2,1998,5279554
Syria,1,M2,1998,5279403
France,1,M2,2011,5258296
Belize,1,M2,1990,5252569
Ethiopia,1,M2,2008,5249274
Turkmenistan,1,M2,2011,5234016
France,1,M2,1993,5229321
Saudi Arabia,1,M2,1998,5220943
Morocco,1,M2,2009,5209179
Poland,1,M2,2002,5201027
Japan,1,M2,1995,5190234
Bulgaria,1,M2,2013,5177067
Greece,1,M2,1997,5168313
Spain,1,M2,2019,5149588
Uzbekistan,1,M2,2001,5138439
Guyana,1,M2,1997,5132984
Hungary,1,M2,2001,5124208
Bulgaria,1,M2,2017,5093051
Morocco,1,M2,1991,5087255
Portugal,1,M2,2009,5082469
Zimbabwe,1,M2,2000,5080645
Spain,1,M2,2014,5066486
Kuwait,1,M2,2005,5062129
Uzbekistan,1,M2,2006,5062031
Estonia,1,M2,1997,5056286
Laos,1,M2,1998,5039350
Morocco,1,M2,1989,5037009
Czech Republic,1,M2,2005,5033161
Australia,1,M2,1996,5014704
Zimbabwe,1,M2,1995,5013649
Federated States of Mic,1,M2,1993,5006323
Maldive Islands,1,M2,1991,5001138
United Arab Emirates,1,M2,2013,5000015
Bulgaria,1,M2,2014,4990014
Spain,1,M2,2020,4943237
Ukraine,1,M2,2006,4938697
Federated States of Mic,1,M2,1994,4935912
South Africa,1,M2,2007,4933871
Tunisia,1,M2,2003,4929478
Tunisia,1,M2,2005,4927753
France,1,M2,2020,4916760
Tunisia,1,M2,2024,4914400
Tunisia,1,M2,2023,4914400
Australia,1,M2,1992,4912877
Ghana,1,M2,2015,4906149
Eswatini (formerly Swaziland),1,M2,1999,4900929
Tajikistan,1,M2,2003,4892066
Tunisia,1,M2,2025,4889519
_ANDEAN (ATPA),1,M2,2019,4878889
Ecuador,1,M2,2019,4878889
Eswatini (formerly Swaziland),1,M2,1993,4874191
Bulgaria,1,M2,2012,4859293
Maldive Islands,1,M2,1990,4858824
Bulgaria,1,M2,2018,4858276
Nepal,1,M2,2008,4836106
Tunisia,1,M2,2004,4829115
Greece,1,M2,1996,4828223
Federated States of Mic,1,M2,1995,4821812
Kyrgyzstan,1,M2,2004,4819407
Zimbabwe,1,M2,1999,4817977
Spain,1,M2,2017,4817026
Estonia,1,M2,1996,4814224
Nepal,1,M2,2011,4806542
Ghana,1,M2,2018,4804866
Romania,1,M2,1991,4797536
Denmark,1,M2,1992,4793026
Germany,1,M2,1991,4783242
Belarus,1,M2,1999,4781206
Bulgaria,1,M2,2019,4776613
Poland,1,M2,2016,4767841
Poland,1,M2,2017,4766143
Guyana,1,M2,1994,4744591
Bolivia,1,M2,2005,4713428
Federated States of Mic,1,M2,2004,4705723
Japan,1,M2,1996,4704852
Poland,1,M2,2004,4704025
Germany,1,M2,2006,4692370
South Africa,1,M2,1993,4692342
Malawi,1,M2,2011,4690270
Romania,1,M2,1992,4689675
Saudi Arabia,1,M2,2002,4689369
Chile,1,M2,1996,4671919
Venezuela,1,M2,1991,4657445
Spain,1,M2,2016,4656967
Bulgaria,1,M2,1992,4652627
_ANDEAN (ATPA),1,M2,2013,4644770
Ecuador,1,M2,2013,4644770
Nepal,1,M2,2014,4637898
Australia,1,M2,1990,4634183
Japan,1,M2,2022,4631151
Madagascar,1,M2,1997,4625302
Germany,1,M2,2013,4623795
Hungary,1,M2,2003,4616858
Ireland,1,M2,1989,4610820
Nepal,1,M2,2010,4591894
Moldova,1,M2,1998,4589532
Syria,1,M2,2008,4587961
Guyana,1,M2,1995,4573181
Japan,1,M2,2025,4570665
Lithuania,1,M2,1999,4568627
Japan,1,M2,2018,4565933
Federated States of Mic,1,M2,1998,4559498
Brunei,1,M2,1993,4559055
Tunisia,1,M2,2012,4553532
United Kingdom,1,M2,2007,4549228
St Lucia,1,M2,1996,4544585
Federated States of Mic,1,M2,2000,4543885
Lebanon,1,M2,2005,4541001
Germany,1,M2,2008,4539888
Syria,1,M2,1995,4537901
Bolivia,1,M2,2006,4536783
Spain,1,M2,2003,4533008
Syria,1,M2,2009,4532368
Spain,1,M2,2018,4522584
_ANDEAN (ATPA),1,M2,2014,4508352
Ecuador,1,M2,2014,4508352
Romania,1,M2,2010,4502292
France,1,M2,2009,4490878
Armenia,1,M2,2001,4480258
France,1,M2,2010,4472728
Czech Republic,1,M2,1998,4468441
Tunisia,1,M2,2019,4460298
Malawi,1,M2,2008,4457089
Lebanon,1,M2,2002,4451000
Tanzania,1,M2,1997,4436897
Poland,1,M2,2001,4424229
Guyana,1,M2,1998,4422001
Bulgaria,1,M2,2025,4398683
Spain,1,M2,2015,4374401
Guyana,1,M2,1999,4372192
Venezuela,1,M2,1992,4370351
Malawi,1,M2,2001,4368352
Germany,1,M2,2009,4367201
Guyana,1,M2,2000,4362314
_ANDEAN (ATPA),1,M2,2012,4360864
Ecuador,1,M2,2012,4360864
Kuwait,1,M2,1999,4356790
Macau,1,M2,2015,4349544
Nepal,1,M2,2015,4343255
Germany,1,M2,2007,4333986
Eswatini (formerly Swaziland),1,M2,1995,4322255
Germany,1,M2,1993,4315553
Romania,1,M2,2009,4310698
Qatar,1,M2,2006,4305838
Japan,1,M2,2019,4273005
Bulgaria,1,M2,2020,4262190
Lesotho,1,M2,1989,4252705
Bulgaria,1,M2,2023,4249480
Bulgaria,1,M2,2024,4249408
Tanzania,1,M2,1998,4233994
Germany,1,M2,2014,4229872
Japan,1,M2,2017,4225112
Ethiopia,1,M2,2009,4219027
Greece,1,M2,1998,4207226
_ANDEAN (ATPA),1,M2,2018,4192553
Ecuador,1,M2,2018,4192553
Moldova,1,M2,1999,4191705
Fiji,1,M2,1989,4187872
Spain,1,M2,2004,4177004
Fiji,1,M2,2005,4158247
Malawi,1,M2,2010,4151602
Federated States of Mic,1,M2,1996,4149115
Poland,1,M2,2006,4138080
Poland,1,M2,1998,4119610
Spain,1,M2,2013,4115119
Ukraine,1,M2,2022,4110711
Eswatini (formerly Swaziland),1,M2,1998,4092789
Germany,1,M2,2015,4084132
_ANDEAN (ATPA),1,M2,1996,4074085
Ecuador,1,M2,1996,4074085
Mongolia,1,M2,2010,4064414
Germany,1,M2,2011,4058649
Belarus,1,M2,1995,4055741
Kazakhstan,1,M2,2002,4039465
United Kingdom,1,M2,2010,4038392
Denmark,1,M2,1993,4032297
Bulgaria,1,M2,2011,3998493
Germany,1,M2,2025,3997062
Lithuania,1,M2,1998,3989200
Czech Republic,1,M2,1993,3986514
Germany,1,M2,1992,3980793
Botswana,1,M2,1998,3978592
Estonia,1,M2,1995,3975861
United Arab Emirates,1,M2,2025,3974529
Belarus,1,M2,2006,3959284
Armenia,1,M2,1999,3958278
Nepal,1,M2,2013,3953698
Federated States of Mic,1,M2,1997,3948375
Czech Republic,1,M2,2000,3939946
Australia,1,M2,1993,3930105
Jordan,1,M2,1996,3926636
Mauritius,1,M2,2025,3925609
Saudi Arabia,1,M2,1995,3911420
Germany,1,M2,2019,3894480
Nepal,1,M2,2012,3893713
Czech Republic,1,M2,1995,3876739
Israel,1,M2,2021,3863516
Germany,1,M2,2022,3851087
Germany,1,M2,2010,3850711
Tunisia,1,M2,2011,3846827
Brazil,1,M2,2009,3838247
Ireland,1,M2,1990,3836874
Costa Rica,1,M2,2015,3827584
Tunisia,1,M2,2013,3827403
Oman,1,M2,2015,3815296
Bolivia,1,M2,2007,3802826
Japan,1,M2,2008,3798213
Poland,1,M2,2018,3795565
Laos,1,M2,2012,3791833
Spain,1,M2,2022,3788969
Germany,1,M2,2017,3773408
Germany,1,M2,2023,3764564
Germany,1,M2,2024,3764557
Israel,1,M2,2017,3762965
Japan,1,M2,2021,3758417
Laos,1,M2,1996,3739807
_ANDEAN (ATPA),1,M2,1995,3738220
Ecuador,1,M2,1995,3738220
United Arab Emirates,1,M2,2014,3724383
Syria,1,M2,1996,3721198
Guyana,1,M2,1996,3721098
Macau,1,M2,2014,3720147
Spain,1,M2,2021,3719234
Moldova,1,M2,2006,3712658
_ANDEAN (ATPA),1,M2,2021,3712607
Ecuador,1,M2,2021,3712607
Maldive Islands,1,M2,1989,3712567
Ukraine,1,M2,1993,3703261
Eswatini (formerly Swaziland),1,M2,1992,3696849
Lithuania,1,M2,2000,3692483
Tunisia,1,M2,2018,3678441
Armenia,1,M2,2002,3655196
Tunisia,1,M2,2020,3650974
Armenia,1,M2,1998,3650712
Saudi Arabia,1,M2,1997,3649463
Zimbabwe,1,M2,2001,3648887
Spain,1,M2,2012,3648744
Poland,1,M2,2007,3647398
Hungary,1,M2,2004,3646274
Germany,1,M2,2012,3643369
United Arab Emirates,1,M2,2022,3641100
Czech Republic,1,M2,1994,3630608
Greece,1,M2,1999,3607298
Tunisia,1,M2,2014,3574143
Laos,1,M2,2006,3573812
Czech Republic,1,M2,1999,3566254
Burma (Myanmar),1,M2,1990,3552803
Belarus,1,M2,1994,3543797
Guyana,1,M2,1992,3541338
Paraguay,1,M2,1989,3540132
Brazil,1,M2,2010,3528861
St Lucia,1,M2,2001,3527432
Poland,1,M2,2015,3519986
United Kingdom,1,M2,2009,3498108
Guyana,1,M2,1993,3490590
Germany,1,M2,2016,3482687
Czech Republic,1,M2,2004,3480679
_ANDEAN (ATPA),1,M2,1994,3479566
Ecuador,1,M2,1994,3479566
Tunisia,1,M2,2006,3478675
Eswatini (formerly Swaziland),1,M2,1990,3474145
South Africa,1,M2,2008,3473820
Tunisia,1,M2,2010,3472190
Mauritius,1,M2,2023,3471170
Mauritius,1,M2,2024,3471170
Tunisia,1,M2,2015,3468924
Hungary,1,M2,2002,3467446
Eswatini (formerly Swaziland),1,M2,1997,3465677
Tunisia,1,M2,1995,3463156
St Lucia,1,M2,1998,3462616
Bolivia,1,M2,2002,3454284
St Lucia,1,M2,1997,3443938
Japan,1,M2,2023,3439446
Japan,1,M2,2024,3439431
Tunisia,1,M2,2000,3436821
_ANDEAN (ATPA),1,M2,2015,3436319
Ecuador,1,M2,2015,3436319
Kazakhstan,1,M2,2006,3435282
North Macedonia,1,M2,1992,3433139
Czech Republic,1,M2,1996,3430649
Panama,1,M2,1998,3427651
Spain,1,M2,2011,3425335
Lebanon,1,M2,2006,3419258
Tunisia,1,M2,1996,3410978
Japan,1,M2,2016,3405685
Laos,1,M2,1993,3401495
Tunisia,1,M2,2008,3400897
Spain,1,M2,2002,3400521
Tanzania,1,M2,2010,3397592
Ghana,1,M2,2017,3389479
Ireland,1,M2,1992,3383573
Poland,1,M2,1999,3378709
Bolivia,1,M2,2000,3372223
Ghana,1,M2,2020,3369730
Malawi,1,M2,2002,3362192
Germany,1,M2,2021,3361866
Singapore,1,M2,2012,3355588
Greece,1,M2,2001,3355234
Armenia,1,M2,2004,3351268
United Kingdom,1,M2,2008,3344859
Guyana,1,M2,2004,3334445
Nicaragua,1,M2,1993,3330740
Spain,1,M2,2005,3326080
Tunisia,1,M2,1997,3314246
Malawi,1,M2,2000,3311359
Laos,1,M2,1997,3301471
_ANDEAN (ATPA),1,M2,1991,3299773
Ecuador,1,M2,1991,3299773
Botswana,1,M2,2011,3291670
Nepal,1,M2,2016,3285892
Singapore,1,M2,2013,3280147
Bulgaria,1,M2,2009,3279728
Tunisia,1,M2,2017,3275325
Germany,1,M2,2018,3265549
Poland,1,M2,2005,3264344
Federated States of Mic,1,M2,1999,3254995
Spain,1,M2,2008,3248698
Saudi Arabia,1,M2,1996,3246873
Maldive Islands,1,M2,1996,3245632
Jordan,1,M2,1993,3240876
Malawi,1,M2,2009,3232561
United Arab Emirates,1,M2,2015,3226684
Botswana,1,M2,1996,3224519
Venezuela,1,M2,1989,3221041
Tunisia,1,M2,2016,3216902
Spain,1,M2,2006,3216714
Slovakia,1,M2,1997,3213228
Czech Republic,1,M2,2002,3211619
Kenya,1,M2,1992,3210748
Israel,1,M2,2019,3199588
Spain,1,M2,2025,3190088
Kyrgyzstan,1,M2,2005,3184465
Syria,1,M2,2010,3159662
Brunei,1,M2,1992,3142632
Ethiopia,1,M2,2006,3139613
United Arab Emirates,1,M2,2021,3138918
Japan,1,M2,2015,3130339
Israel,1,M2,2022,3105427
Germany,1,M2,2020,3103698
Bulgaria,1,M2,2010,3098650
Bolivia,1,M2,2001,3092204
Estonia,1,M2,2006,3066492
Lebanon,1,M2,2007,3050895
Botswana,1,M2,2003,3050718
_ANDEAN (ATPA),1,M2,2022,3050638
Ecuador,1,M2,2022,3050638
Bahrain,1,M2,1989,3048907
Maldive Islands,1,M2,1994,3047316
North Macedonia,1,M2,2006,3041727
Costa Rica,1,M2,2016,3029319
Tunisia,1,M2,2007,3024640
Maldive Islands,1,M2,1995,3022389
Botswana,1,M2,2002,3005665
Ethiopia,1,M2,2010,2991509
_ANDEAN (ATPA),1,M2,2016,2977155
Ecuador,1,M2,2016,2977155
Macau,1,M2,2017,2970261
Ghana,1,M2,2016,2964073
Lebanon,1,M2,2001,2963629
Malawi,1,M2,2013,2962507
Botswana,1,M2,2012,2962413
Botswana,1,M2,2008,2962015
Greece,1,M2,2000,2960172
Japan,1,M2,2020,2951636
St Lucia,1,M2,2000,2950194
_ANDEAN (ATPA),1,M2,1993,2949776
Ecuador,1,M2,1993,2949776
Syria,1,M2,1997,2947205
Nepal,1,M2,2009,2946689
Moldova,1,M2,2007,2939073
Netherlands,1,M2,2005,2934646
Czech Republic,1,M2,2007,2926237
Czech Republic,1,M2,1997,2913743
Israel,1,M2,2020,2895163
Ethiopia,1,M2,2007,2892420
Georgia,1,M2,2004,2873475
Ukraine,1,M2,2007,2873269
Burma (Myanmar),1,M2,1991,2861378
Zimbabwe,1,M2,1998,2858622
Brunei,1,M2,1991,2857716
Federated States of Mic,1,M2,1992,2844974
Botswana,1,M2,1997,2839513
Botswana,1,M2,1999,2837409
Spain,1,M2,2023,2837143
Spain,1,M2,2024,2837143
Eswatini (formerly Swaziland),1,M2,1991,2826395
Poland,1,M2,2019,2823646
Laos,1,M2,1995,2815731
Australia,1,M2,1989,2810108
Tunisia,1,M2,1998,2808306
Ukraine,1,M2,2008,2800518
St Lucia,1,M2,2002,2800471
Madagascar,1,M2,1996,2793520
Eswatini (formerly Swaziland),1,M2,1996,2786145
Bolivia,1,M2,2008,2785277
Brazil,1,M2,2021,2784775
Spain,1,M2,2001,2784287
Botswana,1,M2,2009,2781631
Spain,1,M2,2007,2775795
Spain,1,M2,2010,2774631
Brunei,1,M2,1990,2755347
Burma (Myanmar),1,M2,1989,2752874
Tajikistan,1,M2,2004,2752756
St Lucia,1,M2,1999,2752580
Barbados,1,M2,1989,2750024
Czech Republic,1,M2,2003,2745939
Armenia,1,M2,2003,2745184
Tunisia,1,M2,2009,2742079
Laos,1,M2,1994,2734144
Guyana,1,M2,2011,2733465
Slovakia,1,M2,1995,2731125
Israel,1,M2,2018,2723563
Macau,1,M2,2016,2709689
Greece,1,M2,2002,2701702
Spain,1,M2,1999,2694184
Panama,1,M2,1999,2675555
United Arab Emirates,1,M2,2019,2675407
Syria,1,M2,2011,2675199
Poland,1,M2,2008,2670365
United Arab Emirates,1,M2,2023,2669555
United Arab Emirates,1,M2,2024,2669555
Singapore,1,M2,2014,2639344
_ANDEAN (ATPA),1,M2,2020,2634307
Ecuador,1,M2,2020,2634307
United Arab Emirates,1,M2,2017,2631781
Slovakia,1,M2,1996,2625848
United Arab Emirates,1,M2,2018,2614258
Malta,1,M2,2004,2606184
Ethiopia,1,M2,2004,2601693
Slovakia,1,M2,1993,2589075
Nepal,1,M2,2017,2588601
Japan,1,M2,2013,2583048
Spain,1,M2,2000,2569338
Poland,1,M2,2014,2540752
Oman,1,M2,2007,2531877
Zimbabwe,1,M2,1997,2529398
Nepal,1,M2,2025,2527120
Laos,1,M2,2020,2524735
Brazil,1,M2,2022,2520367
Slovakia,1,M2,2008,2508705
Lithuania,1,M2,1997,2504193
Tunisia,1,M2,1999,2482723
_ANDEAN (ATPA),1,M2,2017,2479375
Ecuador,1,M2,2017,2479375
Israel,1,M2,2025,2476733
Ukraine,1,M2,2021,2464722
Greece,1,M2,2003,2460014
Armenia,1,M2,2000,2458828
Japan,1,M2,2012,2458606
Laos,1,M2,2014,2458335
Botswana,1,M2,2014,2449818
Moldova,1,M2,1997,2443990
Chile,1,M2,2005,2443371
Spain,1,M2,2009,2442150
Macau,1,M2,2025,2432329
Botswana,1,M2,2010,2431316
Macau,1,M2,2018,2426307
Chile,1,M2,2004,2417857
St Kitts and Nevis,1,M2,1992,2417286
Slovakia,1,M2,1998,2415054
United Arab Emirates,1,M2,2016,2414509
Kazakhstan,1,M2,2001,2413241
Laos,1,M2,1999,2412969
Denmark,1,M2,1991,2405713
Chile,1,M2,2006,2402538
Cambodia,1,M2,1996,2402168
_ANDEAN (ATPA),1,M2,1992,2398413
Ecuador,1,M2,1992,2398413
Kyrgyzstan,1,M2,2002,2398172
Maldive Islands,1,M2,2005,2371087
Hungary,1,M2,2007,2368321
Costa Rica,1,M2,2019,2362181
Japan,1,M2,2014,2356817
Kuwait,1,M2,1998,2350882
Nepal,1,M2,2018,2346257
Poland,1,M2,2022,2343085
Israel,1,M2,2023,2342755
Israel,1,M2,2024,2342755
Hungary,1,M2,2015,2341459
Hungary,1,M2,2006,2333368
Bolivia,1,M2,1999,2333051
Brazil,1,M2,2011,2312890
St Lucia,1,M2,2003,2302688
Bolivia,1,M2,1998,2297738
Oman,1,M2,2014,2293426
Poland,1,M2,2025,2283781
Jordan,1,M2,1992,2279695
Hungary,1,M2,2016,2279026
Nepal,1,M2,2022,2267300
Nepal,1,M2,2023,2263655
Nepal,1,M2,2024,2263655
Ukraine,1,M2,2015,2249293
Lithuania,1,M2,2001,2244439
Malta,1,M2,2002,2241976
Moldova,1,M2,1996,2236962
Eswatini (formerly Swaziland),1,M2,1989,2226903
Spain,1,M2,1990,2219545
Lithuania,1,M2,2003,2211527
Lebanon,1,M2,1992,2208716
Nepal,1,M2,2019,2207385
Tanzania,1,M2,1996,2203994
Guyana,1,M2,2007,2192451
Guyana,1,M2,2005,2185154
Hungary,1,M2,2014,2180033
Botswana,1,M2,2000,2166602
_ANDEAN (ATPA),1,M2,2024,2165515
Ecuador,1,M2,2024,2165515
_ANDEAN (ATPA),1,M2,2023,2165515
Ecuador,1,M2,2023,2165515
Poland,1,M2,2021,2160949
Palau,1,M2,2002,2157993
Paraguay,1,M2,1990,2150110
Trinidad and Tobago,1,M2,1995,2145750
Ethiopia,1,M2,2005,2135862
Hungary,1,M2,2021,2135401
Kenya,1,M2,1991,2133390
Brazil,1,M2,2013,2132116
Laos,1,M2,2000,2128154
Tunisia,1,M2,1994,2118862
Lithuania,1,M2,2002,2111728
Costa Rica,1,M2,2017,2094975
Brazil,1,M2,2024,2093897
Brazil,1,M2,2023,2093897
Turkmenistan,1,M2,1999,2086614
United Arab Emirates,1,M2,2020,2083126
Poland,1,M2,2023,2076223
Poland,1,M2,2024,2076223
Ukraine,1,M2,2019,2071415
Trinidad and Tobago,1,M2,1998,2060400
Uzbekistan,1,M2,2007,2055595
Guyana,1,M2,2012,2055022
St Kitts and Nevis,1,M2,1991,2040815
Vietnam,1,M2,1994,2040000
Brazil,1,M2,2015,2039674
St Kitts and Nevis,1,M2,1989,2039583
South Africa,1,M2,2009,2039439
Federated States of Mic,1,M2,1990,2038964
Tunisia,1,M2,1993,2038448
Malawi,1,M2,2012,2033293
Syria,1,M2,2012,2031877
Slovakia,1,M2,1994,2022522
Spain,1,M2,1998,2016228
Hungary,1,M2,2005,2013637
Hungary,1,M2,2017,2012019
Lithuania,1,M2,1996,2010181
Dominica,1,M2,1990,2008068
Brazil,1,M2,2016,1998145
Laos,1,M2,2015,1995229
St Kitts and Nevis,1,M2,1993,1987930
Brazil,1,M2,2012,1984335
Botswana,1,M2,1995,1975974
Federated States of Mic,1,M2,1991,1970239
Kuwait,1,M2,1996,1967979
Barbados,1,M2,1990,1961133
Dominica,1,M2,1989,1953205
Ghana,1,M2,2014,1950800
Lithuania,1,M2,2013,1950551
Ukraine,1,M2,2018,1950305
Poland,1,M2,2012,1950290
Laos,1,M2,1992,1949406
Laos,1,M2,2013,1949033
Brazil,1,M2,2025,1948873
Poland,1,M2,2013,1927794
Costa Rica,1,M2,2022,1924451
Guyana,1,M2,2006,1923725
Oman,1,M2,2013,1914117
Malawi,1,M2,2015,1904289
Botswana,1,M2,2015,1903733
Palau,1,M2,2001,1894663
Barbados,1,M2,1991,1892987
Ukraine,1,M2,2016,1891010
Lithuania,1,M2,2004,1890746
Hungary,1,M2,2018,1888857
Singapore,1,M2,2015,1888637
Brazil,1,M2,2014,1888189
Laos,1,M2,2019,1885265
Hungary,1,M2,2022,1884333
Zimbabwe,1,M2,2002,1883256
Oman,1,M2,1989,1879963
Ireland,1,M2,2005,1876573
Zimbabwe,1,M2,1994,1874138
Serbia,1,M2,2020,1872642
Chile,1,M2,1997,1871003
Trinidad and Tobago,1,M2,1994,1866012
Greece,1,M2,2004,1858058
Albania,1,M2,2025,1856951
St Kitts and Nevis,1,M2,1990,1856529
Spain,1,M2,1997,1855361
Ireland,1,M2,1991,1854448
Costa Rica,1,M2,2018,1851582
Cyprus,1,M2,1997,1838531
Palau,1,M2,1999,1833005
Turkmenistan,1,M2,2012,1832625
Switzerland,1,M2,1997,1828617
Netherlands,1,M2,2001,1827858
Ukraine,1,M2,2017,1827399
Japan,1,M2,2010,1815981
Trinidad and Tobago,1,M2,1996,1815478
Ireland,1,M2,1997,1815061
Poland,1,M2,2020,1814030
Cyprus,1,M2,1990,1793081
Guyana,1,M2,1990,1789486
Costa Rica,1,M2,2024,1785177
Costa Rica,1,M2,2023,1785177
Brazil,1,M2,2019,1780622
Uzbekistan,1,M2,2000,1779009
Tanzania,1,M2,1994,1772942
Panama,1,M2,2000,1771523
Guyana,1,M2,1991,1771100
Guyana,1,M2,2010,1768566
Brazil,1,M2,2020,1763489
Syria,1,M2,1994,1763024
Uganda,1,M2,2005,1761587
Japan,1,M2,2009,1754087
Ireland,1,M2,2001,1747213
Ghana,1,M2,2011,1745210
Guyana,1,M2,1989,1739917
Lebanon,1,M2,2000,1739351
Ghana,1,M2,1998,1738698
Serbia,1,M2,2025,1737475
Syria,1,M2,1993,1734286
Costa Rica,1,M2,2025,1733364
Zimbabwe,1,M2,1990,1731993
Switzerland,1,M2,2007,1717506
Trinidad and Tobago,1,M2,1997,1714709
Jordan,1,M2,1998,1708999
Ukraine,1,M2,2025,1708990
Hungary,1,M2,2008,1708639
Jordan,1,M2,1990,1702265
Zimbabwe,1,M2,1993,1699604
Laos,1,M2,2017,1695136
Slovakia,1,M2,1999,1692963
Hungary,1,M2,2019,1686873
Ukraine,1,M2,2014,1675339
Guyana,1,M2,2008,1674002
Tanzania,1,M2,1995,1670745
Trinidad and Tobago,1,M2,1999,1669857
Nepal,1,M2,2021,1663394
Brunei,1,M2,2010,1658558
_ANDEAN (ATPA),1,M2,1989,1653572
Ecuador,1,M2,1989,1653572
Brazil,1,M2,2017,1648807
Argentina,1,M2,2002,1641810
Kuwait,1,M2,1995,1632692
Switzerland,1,M2,2025,1607094
Japan,1,M2,2011,1604221
Hungary,1,M2,2011,1597189
Lithuania,1,M2,2005,1595115
Hungary,1,M2,2025,1592627
Lithuania,1,M2,2015,1587251
Hungary,1,M2,2012,1587224
Bolivia,1,M2,1993,1585825
Cyprus,1,M2,1989,1585764
Spain,1,M2,1996,1580904
Hungary,1,M2,2013,1578195
Georgia,1,M2,2025,1576371
Spain,1,M2,1989,1568474
Palau,1,M2,1997,1563152
Malta,1,M2,1991,1562790
Switzerland,1,M2,2024,1562786
Switzerland,1,M2,2023,1562786
_ANDEAN (ATPA),1,M2,2025,1560232
Ecuador,1,M2,2025,1560232
Hungary,1,M2,2024,1559416
Hungary,1,M2,2023,1559416
Sweden,1,M2,2003,1556725
Ireland,1,M2,2002,1556545
Tunisia,1,M2,1990,1554473
Bolivia,1,M2,1997,1551939
Austria,1,M2,2008,1550281
Azerbaijan,1,M2,1996,1546825
Poland,1,M2,2011,1546617
Switzerland,1,M2,1999,1540492
Lithuania,1,M2,2006,1539359
Cameroon,1,M2,2009,1535873
Malawi,1,M2,1992,1535318
Lithuania,1,M2,2012,1530524
Tunisia,1,M2,1992,1528570
Ireland,1,M2,1994,1527229
Sweden,1,M2,1999,1525041
Bolivia,1,M2,1996,1524989
Botswana,1,M2,2013,1524629
Lithuania,1,M2,2007,1522723
Panama,1,M2,2001,1520346
Switzerland,1,M2,1998,1513168
Netherlands,1,M2,2006,1503926
Switzerland,1,M2,2005,1502350
Denmark,1,M2,1990,1501805
Sweden,1,M2,2000,1500860
Guyana,1,M2,2013,1498361
St Lucia,1,M2,2004,1494245
Malawi,1,M2,1993,1493090
Argentina,1,M2,2003,1491760
Mozambique,1,M2,1990,1491170
Ireland,1,M2,1995,1490935
Singapore,1,M2,2016,1489483
Ireland,1,M2,1998,1486179
Lebanon,1,M2,2008,1477964
Lithuania,1,M2,1995,1477797
Uganda,1,M2,2004,1477445
Switzerland,1,M2,2001,1476421
Trinidad and Tobago,1,M2,1993,1471469
Guyana,1,M2,2009,1471308
Malta,1,M2,1992,1469300
Norway,1,M2,2007,1459357
Russia,1,M2,2007,1453032
Lithuania,1,M2,2014,1449146
Zimbabwe,1,M2,1996,1447896
Switzerland,1,M2,2000,1446985
Ukraine,1,M2,2020,1438406
Palau,1,M2,2000,1438318
Hungary,1,M2,2009,1435490
Trinidad and Tobago,1,M2,2000,1433974
Ireland,1,M2,2007,1433491
Venezuela,1,M2,1993,1424888
Netherlands,1,M2,1999,1423022
Lithuania,1,M2,2008,1414800
Zimbabwe,1,M2,1989,1414643
Palau,1,M2,1998,1412601
Austria,1,M2,2007,1402555
Switzerland,1,M2,2008,1400317
Ireland,1,M2,1999,1396833
Switzerland,1,M2,2006,1396282
Namibia,1,M2,2002,1393145
Ireland,1,M2,2000,1393135
Cyprus,1,M2,1996,1390963
Sweden,1,M2,2001,1389021
Benin,1,M2,2023,1388062
Benin,1,M2,2024,1388062
Bolivia,1,M2,1994,1387415
Laos,1,M2,2018,1384793
Poland,1,M2,2010,1381543
Lebanon,1,M2,2025,1380466
Spain,1,M2,1991,1374695
Argentina,1,M2,2004,1371420
Costa Rica,1,M2,2021,1370763
Guyana,1,M2,2014,1366762
Sweden,1,M2,1998,1366415
Guyana,1,M2,2015,1364155
Lebanon,1,M2,2011,1357345
Bolivia,1,M2,2011,1356643
Spain,1,M2,1994,1356402
Malawi,1,M2,2014,1353647
Switzerland,1,M2,2010,1352948
Albania,1,M2,2015,1349276
Malawi,1,M2,1996,1347996
Switzerland,1,M2,2004,1344996
Barbados,1,M2,1992,1344790
Hungary,1,M2,2020,1339540
Nepal,1,M2,2020,1338182
Sweden,1,M2,1990,1337507
Slovakia,1,M2,2000,1337142
Ireland,1,M2,1996,1332589
Hungary,1,M2,2010,1331827
Laos,1,M2,2016,1326238
Bolivia,1,M2,2009,1321925
Costa Rica,1,M2,2020,1318736
South Africa,1,M2,2021,1315082
Slovakia,1,M2,2015,1308537
Malawi,1,M2,1990,1306746
Ukraine,1,M2,2011,1306630
Dominica,1,M2,1991,1304761
Tanzania,1,M2,1999,1304576
Panama,1,M2,2007,1299362
Brazil,1,M2,2018,1290854
Barbados,1,M2,1993,1290797
Botswana,1,M2,2001,1286426
Lebanon,1,M2,1998,1283316
Ukraine,1,M2,2010,1283129
Ukraine,1,M2,2013,1282691
Ukraine,1,M2,2023,1278103
Ukraine,1,M2,2024,1278103
Bolivia,1,M2,1995,1271449
Cabo Verde,1,M2,2003,1271248
Kazakhstan,1,M2,2000,1270639
Malta,1,M2,1993,1268492
Panama,1,M2,2019,1268284
Syria,1,M2,1992,1267689
Slovakia,1,M2,2001,1267122
Bosnia-Hercegovina,1,M2,2007,1265394
Lebanon,1,M2,1991,1265291
Singapore,1,M2,2017,1265191
Lebanon,1,M2,2010,1262212
Australia,1,M2,2025,1255798
Chile,1,M2,2002,1250995
Spain,1,M2,1995,1248731
Trinidad and Tobago,1,M2,2001,1242790
Lebanon,1,M2,2012,1241322
Netherlands,1,M2,2021,1241286
Ukraine,1,M2,2012,1239152
Brunei,1,M2,1989,1234856
Kazakhstan,1,M2,2005,1234428
Switzerland,1,M2,2022,1232232
Laos,1,M2,2003,1230692
Chile,1,M2,2000,1230135
Madagascar,1,M2,1995,1222673
Slovakia,1,M2,2002,1220786
Sweden,1,M2,1989,1217586
Ethiopia,1,M2,2002,1215881
_ANDEAN (ATPA),1,M2,1990,1215494
Ecuador,1,M2,1990,1215494
Panama,1,M2,2002,1214482
Sweden,1,M2,2002,1207627
Switzerland,1,M2,2002,1200885
Lithuania,1,M2,2011,1200191
Sweden,1,M2,1995,1198678
Netherlands,1,M2,2000,1197870
Austria,1,M2,2009,1195140
Lithuania,1,M2,2019,1194580
Botswana,1,M2,1991,1193574
Moldova,1,M2,2022,1190602
Switzerland,1,M2,2009,1185839
Saudi Arabia,1,M2,1994,1185462
Palau,1,M2,1995,1183835
Austria,1,M2,2021,1183388
Singapore,1,M2,2018,1183056
Armenia,1,M2,1997,1177364
Australia,1,M2,2022,1175792
Palau,1,M2,1996,1173025
Brunei,1,M2,2011,1172059
Sweden,1,M2,2004,1168730
Ethiopia,1,M2,2003,1168217
South Africa,1,M2,2015,1162809
Greece,1,M2,2005,1161651
Switzerland,1,M2,1989,1159425
Azerbaijan,1,M2,2001,1155115
Switzerland,1,M2,1996,1154123
St Vincent/Grenadines,1,M2,1989,1149356
South Africa,1,M2,2019,1148458
Cabo Verde,1,M2,2004,1146423
Lebanon,1,M2,2009,1145464
Norway,1,M2,2004,1139613
Austria,1,M2,1998,1137210
Malawi,1,M2,1991,1136370
Brunei,1,M2,2015,1135238
New Zealand,1,M2,2004,1134458
Albania,1,M2,2014,1133222
Norway,1,M2,2006,1132793
Panama,1,M2,2003,1132775
Norway,1,M2,2001,1130978
Panama,1,M2,2004,1130926
Switzerland,1,M2,2012,1128983
Ukraine,1,M2,2009,1128519
Austria,1,M2,2014,1126431
Switzerland,1,M2,2011,1124180
Ireland,1,M2,2004,1123993
Cabo Verde,1,M2,2002,1123809
Albania,1,M2,2021,1120503
Chile,1,M2,1998,1120427
Moldova,1,M2,2025,1112876
South Africa,1,M2,2025,1111367
Austria,1,M2,1989,1107330
Norway,1,M2,2000,1106287
Lithuania,1,M2,2018,1103636
Ireland,1,M2,1993,1102915
Lithuania,1,M2,2016,1101950
Malawi,1,M2,1999,1099124
Lebanon,1,M2,1990,1099091
Panama,1,M2,2008,1098541
Netherlands,1,M2,2004,1092862
Chile,1,M2,2001,1092379
Moldova,1,M2,2018,1092230
Australia,1,M2,2021,1090185
Switzerland,1,M2,2013,1087687
Lebanon,1,M2,1989,1085729
Ireland,1,M2,2003,1084386
Trinidad and Tobago,1,M2,1989,1084152
Mongolia,1,M2,1992,1084118
Austria,1,M2,1997,1080056
Lebanon,1,M2,1999,1072906
Norway,1,M2,2005,1070907
Jordan,1,M2,1997,1064033
Brunei,1,M2,2013,1062785
Austria,1,M2,1996,1061197
Argentina,1,M2,1996,1058492
Latvia,1,M2,2000,1058204
Zimbabwe,1,M2,2003,1055626
Panama,1,M2,2005,1055539
Armenia,1,M2,2005,1054259
Netherlands,1,M2,2015,1053825
Sweden,1,M2,1997,1052928
Oman,1,M2,2012,1052141
Dominica,1,M2,1993,1051348
Lithuania,1,M2,2017,1045974
Australia,1,M2,2013,1043669
Georgia,1,M2,2003,1037375
Austria,1,M2,2010,1030224
Slovakia,1,M2,2014,1023638
Moldova,1,M2,2020,1020950
Paraguay,1,M2,2021,1019949
Kenya,1,M2,1990,1019554
Poland,1,M2,2009,1018087
Austria,1,M2,2000,1016815
Austria,1,M2,1995,1016572
Netherlands,1,M2,1998,1016548
Botswana,1,M2,2016,1011088
Argentina,1,M2,1997,1010142
Switzerland,1,M2,1995,1008602
Kuwait,1,M2,1997,1006689
Uruguay,1,M2,2004,1005961
Bosnia-Hercegovina,1,M2,2018,1004836
Rwanda,1,M2,2018,1004725
Sweden,1,M2,1994,1001809
Australia,1,M2,2016,999561
Austria,1,M2,2001,998449
Zimbabwe,1,M2,1991,995662
Eswatini (formerly Swaziland),1,M2,2025,993453
South Africa,1,M2,2020,993277
South Africa,1,M2,2018,992115
Latvia,1,M2,2001,989353
Denmark,1,M2,1994,986824
Latvia,1,M2,2003,985906
Ghana,1,M2,1999,985526
Kuwait,1,M2,1992,984451
Lebanon,1,M2,1993,984444
Bolivia,1,M2,2010,984245
Brunei,1,M2,2014,983910
Switzerland,1,M2,2003,983616
Slovakia,1,M2,2003,982376
Moldova,1,M2,2023,980479
Moldova,1,M2,2024,980479
Lithuania,1,M2,2020,979721
Lithuania,1,M2,2010,978247
South Africa,1,M2,2016,975139
Albania,1,M2,2010,974796
Slovakia,1,M2,2013,973940
Dominica,1,M2,1992,972294
Brunei,1,M2,2022,971470
Slovakia,1,M2,2009,971103
Australia,1,M2,2017,968622
Azerbaijan,1,M2,1997,966367
Panama,1,M2,2006,966186
Spain,1,M2,1992,966113
Qatar,1,M2,2007,963468
St Vincent/Grenadines,1,M2,1990,958613
Grenada,1,M2,1992,958554
Austria,1,M2,2006,957817
Austria,1,M2,2003,956720
Switzerland,1,M2,1991,952808
Moldova,1,M2,2021,950728
Estonia,1,M2,1994,949172
Paraguay,1,M2,1994,945436
St Vincent/Grenadines,1,M2,1991,942557
Albania,1,M2,2013,941565
Azerbaijan,1,M2,2000,941128
Ireland,1,M2,2006,940616
Moldova,1,M2,2019,939900
Kenya,1,M2,1989,938087
Austria,1,M2,2011,937111
Bolivia,1,M2,2012,937097
Norway,1,M2,2002,936210
Netherlands,1,M2,2016,931343
Bosnia-Hercegovina,1,M2,2019,931035
Greece,1,M2,2019,928321
Lithuania,1,M2,2022,926912
Slovenia,1,M2,2024,926695
Slovenia,1,M2,2023,926694
Switzerland,1,M2,2015,923799
Austria,1,M2,1990,918481
Malawi,1,M2,1989,917673
Brunei,1,M2,2012,917467
Cabo Verde,1,M2,2005,913966
Australia,1,M2,2023,913540
Australia,1,M2,2024,913540
Argentina,1,M2,1998,912099
Spain,1,M2,1993,911450
Albania,1,M2,2022,910404
Brunei,1,M2,2017,909334
Brunei,1,M2,2016,908655
Singapore,1,M2,2019,906985
Jordan,1,M2,1999,906479
Australia,1,M2,2014,905223
South Africa,1,M2,2010,904018
Greece,1,M2,2006,902808
Venezuela,1,M2,1994,901554
Austria,1,M2,2002,900160
Malta,1,M2,2005,899759
Austria,1,M2,2004,898165
Nicaragua,1,M2,1992,895592
Sweden,1,M2,1992,895146
Togo,1,M2,1994,891725
Lithuania,1,M2,2009,888926
Sweden,1,M2,1991,888916
Kyrgyzstan,1,M2,2006,888363
Australia,1,M2,2015,888042
Denmark,1,M2,2004,882894
Moldova,1,M2,1995,882179
Lithuania,1,M2,2021,881541
Brunei,1,M2,2019,881018
Albania,1,M2,2012,880347
Chile,1,M2,2007,879284
South Africa,1,M2,2023,878791
South Africa,1,M2,2024,878791
Togo,1,M2,2024,877117
Togo,1,M2,2023,877116
Lithuania,1,M2,2025,876628
Albania,1,M2,2018,872385
Bolivia,1,M2,1991,870169
Uruguay,1,M2,2020,869329
Slovakia,1,M2,2004,866621
Latvia,1,M2,2002,865541
Serbia,1,M2,2022,863221
Dominica,1,M2,1994,860710
Qatar,1,M2,1989,860233
Slovakia,1,M2,2019,860030
Trinidad and Tobago,1,M2,1992,859256
Georgia,1,M2,2022,857727
Ghana,1,M2,2013,853541
Albania,1,M2,1996,849669
Australia,1,M2,2019,848329
Denmark,1,M2,2000,845475
Venezuela,1,M2,2002,840414
Uganda,1,M2,2003,840367
Tanzania,1,M2,2005,839990
Chile,1,M2,2010,839873
Albania,1,M2,2016,838657
Zimbabwe,1,M2,1992,838527
New Zealand,1,M2,2003,837566
Dominica,1,M2,1995,833666
Sweden,1,M2,1996,833405
Malawi,1,M2,2019,830453
Switzerland,1,M2,1993,828907
North Macedonia,1,M2,2022,828496
Guyana,1,M2,2016,826692
Switzerland,1,M2,1994,826446
Cyprus,1,M2,1991,825629
Slovenia,1,M2,2000,825295
Kuwait,1,M2,1990,825270
Mongolia,1,M2,2009,821014
Finland,1,M2,1989,820908
Argentina,1,M2,2006,820804
Chile,1,M2,1999,820273
Oman,1,M2,2010,819561
Syria,1,M2,1991,819389
Croatia,1,M2,1994,818582
Switzerland,1,M2,1990,817552
Austria,1,M2,1999,817440
Uruguay,1,M2,2003,815542
Senegal,1,M2,2024,809597
Senegal,1,M2,2023,809597
Moldova,1,M2,2016,807742
South Africa,1,M2,2013,807267
Argentina,1,M2,2005,806158
St Vincent/Grenadines,1,M2,1992,805222
Benin,1,M2,2025,802701
Tanzania,1,M2,2004,802611
North Macedonia,1,M2,2007,802067
Panama,1,M2,2009,800143
Belgium,1,M2,2022,793239
Austria,1,M2,1994,792889
Chile,1,M2,2003,784134
Slovakia,1,M2,2016,781961
Australia,1,M2,2020,780015
South Africa,1,M2,2014,778648
South Africa,1,M2,2017,776319
Mozambique,1,M2,1993,773668
South Africa,1,M2,2011,773209
Cyprus,1,M2,1998,772396
Tokelau Islands,1,M2,1998,770660
Burma (Myanmar),1,M2,2013,770024
Cyprus,1,M2,2001,769764
Switzerland,1,M2,1992,768858
Slovakia,1,M2,2018,768059
Switzerland,1,M2,2021,766817
Moldova,1,M2,2015,757373
Switzerland,1,M2,2014,756494
Austria,1,M2,2012,754603
Croatia,1,M2,2011,752508
Lithuania,1,M2,1994,751982
Argentina,1,M2,1991,751600
Finland,1,M2,1990,749028
Ghana,1,M2,1995,748622
Uruguay,1,M2,1994,744840
Norway,1,M2,2003,744687
Serbia,1,M2,2023,742242
Serbia,1,M2,2024,742242
Paraguay,1,M2,2003,742036
Trinidad and Tobago,1,M2,1990,740893
South Africa,1,M2,2022,739142
Malta,1,M2,2001,739098
Lebanon,1,M2,1997,737615
Uruguay,1,M2,1996,737056
Tunisia,1,M2,1991,736566
Moldova,1,M2,2008,732884
Tunisia,1,M2,1989,732413
Australia,1,M2,2018,732179
Norway,1,M2,1999,731664
Austria,1,M2,2024,730709
Austria,1,M2,2023,730709
Slovakia,1,M2,2025,729828
Georgia,1,M2,2021,724189
Slovakia,1,M2,2005,720090
Eswatini (formerly Swaziland),1,M2,2021,718262
Venezuela,1,M2,1995,717648
Turkmenistan,1,M2,2016,717615
Albania,1,M2,2019,716751
Bolivia,1,M2,1990,716125
Slovakia,1,M2,2022,716019
Slovakia,1,M2,2012,711730
Malta,1,M2,1990,710293
Argentina,1,M2,2001,709837
Bosnia-Hercegovina,1,M2,2022,709659
Malawi,1,M2,2020,709625
Slovakia,1,M2,2024,709346
Slovakia,1,M2,2023,709346
Ghana,1,M2,2012,707218
Eswatini (formerly Swaziland),1,M2,2015,707125
South Africa,1,M2,2012,698602
Bosnia-Hercegovina,1,M2,2020,697899
Trinidad and Tobago,1,M2,2002,697737
Bolivia,1,M2,1992,693785
Sweden,1,M2,1993,693222
Netherlands,1,M2,2023,692776
Netherlands,1,M2,2024,692776
St Vincent/Grenadines,1,M2,1995,691327
Kuwait,1,M2,2006,690727
Brunei,1,M2,2018,690714
Togo,1,M2,1993,690491
Venezuela,1,M2,1999,690164
Greece,1,M2,2022,687122
South Africa,1,M2,1992,686698
Australia,1,M2,2007,686076
Slovakia,1,M2,2010,685888
Moldova,1,M2,2017,681078
Croatia,1,M2,2007,678057
Austria,1,M2,2005,677580
Cyprus,1,M2,2006,675963
Austria,1,M2,1992,675817
Brunei,1,M2,2021,672274
Tanzania,1,M2,2006,668127
Greece,1,M2,2007,667357
Oman,1,M2,2011,665164
Senegal,1,M2,2025,664273
Brunei,1,M2,2024,662354
Brunei,1,M2,2023,662354
Switzerland,1,M2,2019,661418
Paraguay,1,M2,2023,660852
Paraguay,1,M2,2024,660852
Uruguay,1,M2,2002,658402
Austria,1,M2,2015,656205
Lebanon,1,M2,2022,655501
Palau,1,M2,1994,652487
Ireland,1,M2,2009,652197
Uzbekistan,1,M2,1998,649172
St Kitts and Nevis,1,M2,2016,645661
Armenia,1,M2,2006,645442
Kazakhstan,1,M2,1998,645172
Brunei,1,M2,2020,643872
Croatia,1,M2,1993,642255
Zimbabwe,1,M2,2004,639685
Cameroon,1,M2,1998,637688
Cabo Verde,1,M2,2001,636174
Latvia,1,M2,2004,636057
Estonia,1,M2,1993,635685
Ghana,1,M2,2002,628137
Belgium,1,M2,2015,627863
Slovakia,1,M2,2011,627101
Croatia,1,M2,2008,624958
New Zealand,1,M2,1989,623443
Greece,1,M2,2020,622534
Croatia,1,M2,2005,622062
Albania,1,M2,2011,621410
Georgia,1,M2,2005,620838
Eswatini (formerly Swaziland),1,M2,2023,619468
Eswatini (formerly Swaziland),1,M2,2024,619468
Tanzania,1,M2,1989,619302
Belgium,1,M2,2000,618530
Switzerland,1,M2,2018,615738
Austria,1,M2,2016,615548
Croatia,1,M2,2006,613310
Cameroon,1,M2,2017,613159
Ireland,1,M2,2012,612382
Georgia,1,M2,2023,612093
Georgia,1,M2,2024,612093
Chile,1,M2,2009,610932
Trinidad and Tobago,1,M2,1991,608910
Slovakia,1,M2,2007,607960
Serbia,1,M2,2021,606601
Slovenia,1,M2,2001,604265
Austria,1,M2,2013,603909
Denmark,1,M2,2010,603401
Croatia,1,M2,2012,602132
St Kitts and Nevis,1,M2,1994,601066
Slovenia,1,M2,2016,599911
Venezuela,1,M2,1996,599443
St Vincent/Grenadines,1,M2,1993,598875
Belgium,1,M2,2005,597500
Madagascar,1,M2,1994,596169
Austria,1,M2,2017,594533
Australia,1,M2,2008,592793
Botswana,1,M2,1994,592578
Uruguay,1,M2,2005,592401
Croatia,1,M2,2010,591816
Slovenia,1,M2,1994,591761
Switzerland,1,M2,2016,589728
Barbados,1,M2,1995,589341
Croatia,1,M2,2015,588421
Australia,1,M2,2011,587951
Venezuela,1,M2,1997,586003
Barbados,1,M2,1994,583637
Lebanon,1,M2,2024,583451
Lebanon,1,M2,2023,583451
Singapore,1,M2,2025,581570
Netherlands,1,M2,2017,581313
Greece,1,M2,2025,580327
Georgia,1,M2,2017,578903
Ukraine,1,M2,1992,578901
St Kitts and Nevis,1,M2,2001,578639
Cyprus,1,M2,1995,576858
Netherlands,1,M2,2003,573891
Serbia,1,M2,2019,573175
Switzerland,1,M2,2020,571780
Netherlands,1,M2,2002,570369
Austria,1,M2,2019,570228
Lithuania,1,M2,2023,570075
Lithuania,1,M2,2024,569746
Slovenia,1,M2,2021,567811
Kazakhstan,1,M2,1999,566953
Croatia,1,M2,2014,566731
Bolivia,1,M2,1989,566169
Slovenia,1,M2,2013,566166
Tanzania,1,M2,2007,565014
Austria,1,M2,2018,563460
Jordan,1,M2,1989,561774
Cyprus,1,M2,2003,558408
Bosnia-Hercegovina,1,M2,2021,558033
Uruguay,1,M2,1995,556828
Austria,1,M2,1993,555205
North Macedonia,1,M2,2021,554149
Croatia,1,M2,2022,553729
Fiji,1,M2,2006,553509
Tanzania,1,M2,1993,552804
Austria,1,M2,2025,552216
Paraguay,1,M2,2022,550526
Croatia,1,M2,2009,549609
Ethiopia,1,M2,2001,548345
Belgium,1,M2,1996,546891
St Kitts and Nevis,1,M2,2000,545641
Cabo Verde,1,M2,2013,543707
Armenia,1,M2,2025,541609
Oman,1,M2,2008,541397
Croatia,1,M2,2017,541146
Venezuela,1,M2,2003,538818
Singapore,1,M2,2022,537485
Uzbekistan,1,M2,2022,536990
Netherlands,1,M2,2007,536888
Uruguay,1,M2,1997,536495
Slovenia,1,M2,2025,535711
Georgia,1,M2,2019,534708
Switzerland,1,M2,2017,534554
Cyprus,1,M2,1993,534062
Australia,1,M2,2010,534027
Laos,1,M2,2001,533938
Kyrgyzstan,1,M2,2000,533358
Belgium,1,M2,1998,533102
Ireland,1,M2,2010,532827
Slovakia,1,M2,2021,531312
Slovenia,1,M2,2012,527646
Uganda,1,M2,2006,526795
Bolivia,1,M2,2015,525567
Federated States of Mic,1,M2,2005,525361
Slovakia,1,M2,2017,525024
Cyprus,1,M2,1999,523467
Belarus,1,M2,1993,522213
Belgium,1,M2,2001,519925
Argentina,1,M2,1995,519745
Denmark,1,M2,1999,517958
Greece,1,M2,2023,517449
Greece,1,M2,2024,517449
Croatia,1,M2,2016,517374
St Vincent/Grenadines,1,M2,1994,517147
Ireland,1,M2,2013,517016
Slovenia,1,M2,2011,515974
Denmark,1,M2,2006,515490
Malta,1,M2,1999,515313
Australia,1,M2,2012,515116
Venezuela,1,M2,1998,515044
St Kitts and Nevis,1,M2,1995,512283
Bosnia-Hercegovina,1,M2,2025,511649
Denmark,1,M2,2001,511344
Denmark,1,M2,2003,510715
Croatia,1,M2,1992,509960
Albania,1,M2,1997,508169
Bolivia,1,M2,2013,507349
Norway,1,M2,1998,507308
Bosnia-Hercegovina,1,M2,2014,507095
Albania,1,M2,2017,506655
Denmark,1,M2,1995,505431
Albania,1,M2,2023,505360
Albania,1,M2,2024,505245
Tanzania,1,M2,2008,504148
Brunei,1,M2,2025,503088
Austria,1,M2,1991,501769
Serbia,1,M2,2017,501130
Croatia,1,M2,2024,500071
Croatia,1,M2,2023,500071
Kuwait,1,M2,1989,497732
Laos,1,M2,1991,496915
Cameroon,1,M2,2018,496300
Grenada,1,M2,1991,494618
Ireland,1,M2,2014,493497
Bolivia,1,M2,2014,490657
Moldova,1,M2,2009,488139
Zimbabwe,1,M2,2005,487956
Tokelau Islands,1,M2,2000,484553
Uruguay,1,M2,2000,484440
St Kitts and Nevis,1,M2,2002,480395
Slovenia,1,M2,2008,480318
Tanzania,1,M2,2009,480229
Armenia,1,M2,2019,479112
Turkmenistan,1,M2,2017,475842
Slovenia,1,M2,2002,475007
Cyprus,1,M2,1994,474721
Turkmenistan,1,M2,2015,474615
Lebanon,1,M2,2013,474213
Slovenia,1,M2,1998,473433
New Zealand,1,M2,1993,471632
Latvia,1,M2,2013,471585
Ethiopia,1,M2,1994,471528
Slovenia,1,M2,2022,470201
Netherlands Antilles,1,M2,2006,469505
Slovenia,1,M2,2004,468503
Ireland,1,M2,2015,467561
Ireland,1,M2,2008,466699
Ireland,1,M2,2011,465797
Netherlands Antilles,1,M2,2005,463442
Netherlands,1,M2,2019,460318
Belgium,1,M2,1997,460186
Albania,1,M2,2020,460142
Netherlands,1,M2,1996,460011
Czech Republic,1,M2,2012,458545
Argentina,1,M2,2007,457324
Uruguay,1,M2,2001,456732
Czech Republic,1,M2,2010,456504
Slovakia,1,M2,2006,456282
Belgium,1,M2,2002,456280
Nigeria,1,M2,1992,455933
Azerbaijan,1,M2,2002,455042
Turkmenistan,1,M2,2013,455037
Saudi Arabia,1,M2,2016,454622
Croatia,1,M2,2013,453149
Croatia,1,M2,2018,452948
Grenada,1,M2,1989,452882
Tanzania,1,M2,1990,451901
Netherlands,1,M2,2025,451832
Belgium,1,M2,1989,451015
Latvia,1,M2,2014,449042
Netherlands,1,M2,1997,447989
Venezuela,1,M2,2000,447763
Belgium,1,M2,1999,447723
Georgia,1,M2,1996,447514
Belarus,1,M2,2007,447287
Saudi Arabia,1,M2,2012,447189
Denmark,1,M2,2005,447185
Belgium,1,M2,1990,446931
Greece,1,M2,2010,445252
Slovenia,1,M2,2006,445096
Slovenia,1,M2,1995,444247
Barbados,1,M2,1996,443687
Serbia,1,M2,2018,442615
Paraguay,1,M2,1991,442064
Denmark,1,M2,1996,441511
Slovenia,1,M2,2014,440199
Netherlands,1,M2,2018,438161
Mozambique,1,M2,2005,438009
Cyprus,1,M2,2005,437983
Armenia,1,M2,2022,437396
Malta,1,M2,2000,437279
Slovenia,1,M2,1999,437174
Barbados,1,M2,2000,435009
Czech Republic,1,M2,2014,434795
Western Samoa,1,M2,2017,433380
Slovenia,1,M2,1996,433317
Cyprus,1,M2,2000,433115
Bosnia-Hercegovina,1,M2,2023,432579
Bosnia-Hercegovina,1,M2,2024,432579
Syria,1,M2,1989,431993
Jamaica,1,M2,2009,431570
Austria,1,M2,2022,429872
Malawi,1,M2,2016,429475
Netherlands,1,M2,2012,429475
Greece,1,M2,2021,428744
Belgium,1,M2,2007,428459
Bosnia-Hercegovina,1,M2,2015,428454
St Kitts and Nevis,1,M2,1999,428398
Turkmenistan,1,M2,1998,427775
Uzbekistan,1,M2,2018,427722
Panama,1,M2,2011,427560
Belgium,1,M2,1995,427312
Uzbekistan,1,M2,1997,426903
Argentina,1,M2,2008,426743
Croatia,1,M2,2021,426581
Georgia,1,M2,2020,424539
Slovenia,1,M2,2003,424056
Latvia,1,M2,2015,423802
Ghana,1,M2,1994,423793
Croatia,1,M2,1998,423579
Malawi,1,M2,1995,423145
Ireland,1,M2,2025,421393
Georgia,1,M2,2016,420852
Grenada,1,M2,2006,420751
Yugoslavia,1,M2,2006,420649
Yugoslavia [2],1,M2,2006,420649
Paraguay,1,M2,1993,419055
Barbados,1,M2,1997,418671
Uzbekistan,1,M2,2025,418249
Serbia,1,M2,2010,417923
Mozambique,1,M2,2003,417704
Denmark,1,M2,2002,415060
Saudi Arabia,1,M2,2014,414192
Denmark,1,M2,1989,412884
Slovenia,1,M2,1997,410462
Croatia,1,M2,2019,410359
Belgium,1,M2,2003,410105
Laos,1,M2,2005,409660
Czech Republic,1,M2,2011,409226
Armenia,1,M2,2021,409190
Latvia,1,M2,2012,408714
Panama,1,M2,2025,407538
Ireland,1,M2,2016,407243
Saudi Arabia,1,M2,2015,404968
Netherlands,1,M2,2022,404503
Barbados,1,M2,1998,404194
Lebanon,1,M2,2016,403979
Slovenia,1,M2,2010,402623
Paraguay,1,M2,2025,402453
Slovenia,1,M2,2007,402418
Denmark,1,M2,2007,401870
Cambodia,1,M2,1993,401707
Ireland,1,M2,2021,399942
Malawi,1,M2,1994,396897
Netherlands,1,M2,1995,396612
Saudi Arabia,1,M2,2017,395818
Trinidad and Tobago,1,M2,2003,394425
Netherlands Antilles,1,M2,1992,394333
Yugoslavia,1,M2,1992,394333
Yugoslavia [2],1,M2,1992,394333
Slovakia,1,M2,2020,393550
Serbia,1,M2,2015,391342
New Zealand,1,M2,2002,390469
Latvia,1,M2,2016,390316
Ireland,1,M2,2018,389048
Cabo Verde,1,M2,2000,388999
Belgium,1,M2,2012,388847
Finland,1,M2,1992,387526
Armenia,1,M2,2018,387392
Ireland,1,M2,2022,386556
Latvia,1,M2,2005,385366
Botswana,1,M2,1989,384663
Slovenia,1,M2,2009,384430
Belgium,1,M2,2017,384248
Syria,1,M2,1990,383671
Nigeria,1,M2,2025,383335
Armenia,1,M2,2020,382352
Uruguay,1,M2,1999,381666
Greece,1,M2,2011,381344
Czech Republic,1,M2,2008,380907
Trinidad and Tobago,1,M2,2004,380093
Nigeria,1,M2,1994,379137
Zimbabwe,1,M2,2006,376859
Finland,1,M2,1998,376296
Bosnia-Hercegovina,1,M2,2016,376041
Paraguay,1,M2,1992,375852
Panama,1,M2,2017,375272
Czech Republic,1,M2,2015,374796
Ireland,1,M2,2017,374793
Bosnia-Hercegovina,1,M2,2006,373961
Netherlands,1,M2,1989,373961
Russia,1,M2,2015,373026
Croatia,1,M2,2004,373018
Panama,1,M2,2010,372525
Austria,1,M2,2020,370434
Lebanon,1,M2,2017,370411
Bosnia-Hercegovina,1,M2,2013,366948
Czech Republic,1,M2,2013,366638
Bosnia-Hercegovina,1,M2,2012,366327
Uzbekistan,1,M2,1999,365444
Norway,1,M2,1997,364060
Bolivia,1,M2,2022,363388
Bosnia-Hercegovina,1,M2,2017,363322
Bolivia,1,M2,2016,363236
Singapore,1,M2,2024,362474
Singapore,1,M2,2023,362474
Slovenia,1,M2,2015,360064
North Macedonia,1,M2,2012,358441
Slovenia,1,M2,1993,358390
Netherlands,1,M2,2008,358178
Czech Republic,1,M2,2021,357723
Grenada,1,M2,2005,356850
Yugoslavia,1,M2,2005,356850
Yugoslavia [2],1,M2,2005,356850
Moldova,1,M2,2010,353660
Kyrgyzstan,1,M2,2011,353125
Azerbaijan,1,M2,2004,352995
Ghana,1,M2,1996,352476
Slovenia,1,M2,2005,351087
Azerbaijan,1,M2,1999,350785
Netherlands,1,M2,1994,350471
Mozambique,1,M2,1991,349338
Panama,1,M2,2018,349254
Greece,1,M2,2009,347401
Kazakhstan,1,M2,1997,346046
Georgia,1,M2,2018,345359
Tanzania,1,M2,2003,345156
Ethiopia,1,M2,1995,344671
Belgium,1,M2,2018,343699
Australia,1,M2,2009,343656
Denmark,1,M2,2012,343639
Denmark,1,M2,2011,343002
Slovenia,1,M2,2017,342338
Sweden,1,M2,2007,341170
Nigeria,1,M2,2018,340770
Belgium,1,M2,2011,339066
Moldova,1,M2,2014,338245
North Macedonia,1,M2,2008,338074
Saudi Arabia,1,M2,2013,338069
Madagascar,1,M2,1993,337589
Croatia,1,M2,1995,337575
Ireland,1,M2,2019,337112
Belgium,1,M2,2006,336970
New Zealand,1,M2,1990,336206
Kyrgyzstan,1,M2,2001,335753
Greece,1,M2,2017,335115
Lebanon,1,M2,1994,334485
Slovenia,1,M2,2019,334391
Belgium,1,M2,2014,334283
Barbados,1,M2,2001,333905
Cyprus,1,M2,1992,333393
Netherlands,1,M2,2014,332393
Uruguay,1,M2,1998,331138
Algeria,1,M2,1993,329320
Lithuania,1,M2,1993,328074
Lebanon,1,M2,2019,327974
Croatia,1,M2,2025,327896
Belgium,1,M2,2004,325838
Barbados,1,M2,1999,324970
Czech Republic,1,M2,2016,321503
Netherlands,1,M2,2011,320755
Panama,1,M2,2016,320632
Sweden,1,M2,2005,317620
Ghana,1,M2,1997,317550
Moldova,1,M2,1994,317353
Trinidad and Tobago,1,M2,2005,316456
Laos,1,M2,2002,315676
Uruguay,1,M2,2006,315576
Eswatini (formerly Swaziland),1,M2,2016,315209
Croatia,1,M2,1999,315190
Mozambique,1,M2,2004,313711
Uzbekistan,1,M2,1996,313607
Denmark,1,M2,2020,313062
Czech Republic,1,M2,2018,312770
Ghana,1,M2,2008,312726
Moldova,1,M2,2013,312370
Ireland,1,M2,2020,311545
Norfolk Island,1,M2,2007,310884
Chile,1,M2,2016,310793
Armenia,1,M2,2024,310698
Armenia,1,M2,2023,310697
Denmark,1,M2,1997,310257
Nigeria,1,M2,2019,309619
Latvia,1,M2,2010,309476
Tokelau Islands,1,M2,2005,308492
Belgium,1,M2,1994,305724
Russia,1,M2,2021,305638
Netherlands,1,M2,2020,305618
Paraguay,1,M2,1999,304021
Nicaragua,1,M2,1991,303569
Saudi Arabia,1,M2,2021,302678
Djibouti,1,M2,2022,302344
Lebanon,1,M2,2021,300727
Benin,1,M2,2021,299827
Slovenia,1,M2,2018,299239
Belgium,1,M2,2016,298937
Cameroon,1,M2,2015,298549
Denmark,1,M2,2023,297805
Denmark,1,M2,2024,297805
Palau,1,M2,1993,296133
Serbia,1,M2,2007,295054
Chile,1,M2,2008,294515
Mozambique,1,M2,1994,294499
Belgium,1,M2,2020,294413
Belgium,1,M2,2009,293957
Panama,1,M2,2015,293816
North Macedonia,1,M2,2018,293152
Netherlands Antilles,1,M2,2004,292938
Netherlands,1,M2,1990,290890
Saudi Arabia,1,M2,2008,290519
Sweden,1,M2,2013,290348
Belgium,1,M2,1991,290237
Serbia,1,M2,2016,290018
Uganda,1,M2,2011,289420
Togo,1,M2,1995,289140
Cyprus,1,M2,2004,288568
Latvia,1,M2,2018,288143
Belgium,1,M2,1992,285992
Ghana,1,M2,2010,285414
Belgium,1,M2,2008,284942
St Kitts and Nevis,1,M2,1997,284820
North Macedonia,1,M2,2017,284583
Ghana,1,M2,2000,283760
New Zealand,1,M2,2011,283687
Bolivia,1,M2,2021,282021
Latvia,1,M2,2019,282002
North Macedonia,1,M2,2013,281916
Denmark,1,M2,2008,281421
Uganda,1,M2,2007,280569
Lebanon,1,M2,2018,279802
Belgium,1,M2,2019,279439
Laos,1,M2,2004,279206
Armenia,1,M2,2017,277111
New Zealand,1,M2,1998,276912
North Macedonia,1,M2,2010,276459
Cameroon,1,M2,2010,276363
Venezuela,1,M2,2001,275553
Czech Republic,1,M2,2009,274694
Bolivia,1,M2,2017,274493
Netherlands,1,M2,2010,270733
Russia,1,M2,2019,270482
Cambodia,1,M2,1995,268735
Saudi Arabia,1,M2,2010,268266
North Macedonia,1,M2,2019,267962
Norway,1,M2,1990,267552
Czech Republic,1,M2,2022,267238
Cyprus,1,M2,2007,266120
Saudi Arabia,1,M2,2009,265409
Estonia,1,M2,2008,264751
Uzbekistan,1,M2,2024,263917
Uzbekistan,1,M2,2023,263917
Namibia,1,M2,2013,263767
Netherlands,1,M2,1992,263663
Bahamas,1,M2,2011,263400
Bolivia,1,M2,2023,263225
Bolivia,1,M2,2024,263225
Croatia,1,M2,2020,262458
Sweden,1,M2,2009,262344
Lebanon,1,M2,1995,262141
Croatia,1,M2,2003,261143
North Macedonia,1,M2,2014,260938
Paraguay,1,M2,2002,260485
Syria,1,M2,2013,260458
Grenada,1,M2,1990,260102
North Macedonia,1,M2,2011,259919
Rwanda,1,M2,2017,259700
Jordan,1,M2,1991,259041
Netherlands Antilles,1,M2,1996,259018
North Macedonia,1,M2,2015,258612
Belgium,1,M2,2013,258367
Belgium,1,M2,2023,257366
Belgium,1,M2,2024,257366
Belgium,1,M2,2010,257173
Czech Republic,1,M2,2017,257153
Latvia,1,M2,2011,256984
Latvia,1,M2,2022,255277
Bosnia-Hercegovina,1,M2,2011,254491
North Macedonia,1,M2,2020,253812
Russia,1,M2,1992,253743
Armenia,1,M2,1996,253509
Paraguay,1,M2,2019,252950
Sweden,1,M2,2010,252644
Latvia,1,M2,2020,252108
Eswatini (formerly Swaziland),1,M2,2020,251326
Saudi Arabia,1,M2,2011,250401
Latvia,1,M2,2007,250232
Tokelau Islands,1,M2,2003,250228
Western Samoa,1,M2,1989,249975
Netherlands,1,M2,1993,249881
St Lucia,1,M2,2005,249388
Venezuela,1,M2,2004,247339
Grenada,1,M2,1996,247210
Yugoslavia,1,M2,1996,247210
Yugoslavia [2],1,M2,1996,247210
Georgia,1,M2,2014,247122
Chile,1,M2,2017,246367
Seychelles,1,M2,1999,243707
New Zealand,1,M2,2000,242636
Cyprus,1,M2,2002,242562
Slovenia,1,M2,2020,242514
Malawi,1,M2,2018,241988
Cote D’Ivoire,1,M2,2010,241723
Latvia,1,M2,1995,241533
Paraguay,1,M2,2004,241039
Malta,1,M2,1998,240143
Ethiopia,1,M2,1996,239198
Georgia,1,M2,2015,238947
Sweden,1,M2,2006,238933
Belgium,1,M2,1993,238294
Greece,1,M2,2012,238184
Denmark,1,M2,1998,238176
Chile,1,M2,2011,237916
Latvia,1,M2,2017,237367
Denmark,1,M2,2013,236589
Kazakhstan,1,M2,2007,236411
Paraguay,1,M2,2000,236319
Finland,1,M2,1993,235926
Armenia,1,M2,2014,235761
Malta,1,M2,1989,235222
Czech Republic,1,M2,2019,234738
Greece,1,M2,2018,234296
Argentina,1,M2,1994,233670
Lebanon,1,M2,2015,233005
Argentina,1,M2,2000,232169
Fiji,1,M2,2007,231865
Finland,1,M2,2002,231610
Lebanon,1,M2,1996,231204
Norway,1,M2,1991,230647
Senegal,1,M2,2019,230236
Netherlands,1,M2,2013,230092
St Kitts and Nevis,1,M2,1998,230019
Norway,1,M2,1996,229817
Belgium,1,M2,2021,227707
Chile,1,M2,2018,227649
New Zealand,1,M2,1995,227504
Georgia,1,M2,2012,227088
Uzbekistan,1,M2,1995,227070
Norway,1,M2,1989,226817
Saudi Arabia,1,M2,2006,226690
Cameroon,1,M2,2019,226682
Argentina,1,M2,1999,226145
North Macedonia,1,M2,2016,226004
Argentina,1,M2,2010,225299
Latvia,1,M2,2008,224161
Georgia,1,M2,2013,224116
Chile,1,M2,2015,223937
Sweden,1,M2,2012,223130
Cyprus,1,M2,2008,222558
Sudan,1,M2,1991,220471
Norway,1,M2,1994,220340
Iceland,1,M2,1989,219466
Saudi Arabia,1,M2,2018,218587
Moldova,1,M2,2012,218309
Sweden,1,M2,2011,217796
Panama,1,M2,2013,217226
Armenia,1,M2,2013,217066
Russia,1,M2,2020,216584
North Macedonia,1,M2,2009,216144
Moldova,1,M2,2011,215520
Azerbaijan,1,M2,2005,215435
Greece,1,M2,2008,214098
Ghana,1,M2,2001,213629
Eswatini (formerly Swaziland),1,M2,2018,212948
Czech Republic,1,M2,2023,212843
Czech Republic,1,M2,2024,212843
Singapore,1,M2,2020,212090
New Zealand,1,M2,2022,211949
Chile,1,M2,2014,211774
Mozambique,1,M2,2006,211635
Greece,1,M2,2015,211338
Kazakhstan,1,M2,1994,210850
Czech Republic,1,M2,2025,210813
British Virgin Isls.,1,M2,2012,210800
Bosnia-Hercegovina,1,M2,2010,209484
St Kitts and Nevis,1,M2,2003,209065
British Virgin Isls.,1,M2,2018,209004
Armenia,1,M2,2015,208644
Latvia,1,M2,2009,208187
Singapore,1,M2,2021,208137
Norway,1,M2,1995,207455
New Zealand,1,M2,2021,206950
Bolivia,1,M2,2019,206867
Lebanon,1,M2,2014,206578
Saudi Arabia,1,M2,2025,206081
Russia,1,M2,2017,205897
Norway,1,M2,1992,205644
Latvia,1,M2,2025,204338
Cameroon,1,M2,2014,204088
Finland,1,M2,1997,203770
Chile,1,M2,2019,203673
Estonia,1,M2,2025,203208
New Zealand,1,M2,2007,202984
Panama,1,M2,2012,202103
Bosnia-Hercegovina,1,M2,2005,201879
Bolivia,1,M2,2018,201768
Chile,1,M2,2013,201638
Estonia,1,M2,2011,201606
Kazakhstan,1,M2,1995,201597
Sweden,1,M2,2015,201437
New Zealand,1,M2,2005,201388
Sweden,1,M2,2022,200672
Bulgaria,1,M2,1991,200514
Grenada,1,M2,2004,200468
Yugoslavia,1,M2,2004,200462
Yugoslavia [2],1,M2,2004,200462
Panama,1,M2,2022,199753
Argentina,1,M2,2011,199340
Serbia,1,M2,2011,199317
Albania,1,M2,2009,197549
Denmark,1,M2,2017,197255
Cameroon,1,M2,2013,196386
Argentina,1,M2,2009,195709
Azerbaijan,1,M2,2006,195176
New Zealand,1,M2,2012,194762
Tokelau Islands,1,M2,1999,194077
Denmark,1,M2,2021,193253
Finland,1,M2,1991,192918
Kyrgyzstan,1,M2,2017,192369
Mongolia,1,M2,2022,192312
Chile,1,M2,2024,191931
Chile,1,M2,2023,191931
Sweden,1,M2,2023,191716
Sweden,1,M2,2024,191678
Czech Republic,1,M2,2020,191434
Comoros,1,M2,2004,191139
Belgium,1,M2,2025,191037
Sweden,1,M2,2018,190903
New Zealand,1,M2,2006,190735
Saudi Arabia,1,M2,2005,190732
Georgia,1,M2,2011,190361
Greece,1,M2,2014,190098
Palau,1,M2,2003,190076
Sweden,1,M2,2019,189278
Nigeria,1,M2,2022,188072
Cyprus,1,M2,2010,187895
Armenia,1,M2,2016,187860
Western Samoa,1,M2,1990,187680
Solomon Islands,1,M2,1992,187204
Eswatini (formerly Swaziland),1,M2,2022,187177
Chile,1,M2,2021,186847
Chile,1,M2,2012,186555
Saudi Arabia,1,M2,2020,186515
Algeria,1,M2,1997,185996
Chile,1,M2,2025,185671
Malta,1,M2,2023,185614
Malta,1,M2,2024,185614
Oman,1,M2,2009,184578
Botswana,1,M2,2017,184508
Kyrgyzstan,1,M2,1993,183833
Latvia,1,M2,2021,183370
Azerbaijan,1,M2,1995,183332
Sweden,1,M2,2014,182374
Malawi,1,M2,2021,182274
Denmark,1,M2,2018,181702
Paraguay,1,M2,2005,180403
New Zealand,1,M2,2008,180103
Uruguay,1,M2,2007,179529
Ireland,1,M2,2023,179468
Ireland,1,M2,2024,179443
Serbia,1,M2,2012,179409
North Macedonia,1,M2,2023,179264
North Macedonia,1,M2,2024,179264
Tokelau Islands,1,M2,2004,178989
Estonia,1,M2,2010,178928
Belarus,1,M2,2021,178878
Zimbabwe,1,M2,2007,177889
Estonia,1,M2,2018,177619
Dominica,1,M2,1996,177461
Netherlands,1,M2,1991,176153
Croatia,1,M2,2002,175873
Denmark,1,M2,2014,175782
Russia,1,M2,2025,175527
St Kitts and Nevis,1,M2,1996,175514
Sweden,1,M2,2021,174454
Yemen,1,M2,1994,174246
Croatia,1,M2,1996,173941
Latvia,1,M2,2006,173937
Latvia,1,M2,2023,173731
Latvia,1,M2,2024,173731
Nigeria,1,M2,2024,173631
Nigeria,1,M2,2023,173631
Denmark,1,M2,2025,173462
Chile,1,M2,2022,173126
Estonia,1,M2,2012,172468
Solomon Islands,1,M2,1993,171714
Argentina,1,M2,2021,171126
Lebanon,1,M2,2020,170960
Senegal,1,M2,2022,170845
Greece,1,M2,2013,170420
New Zealand,1,M2,2019,168701
Netherlands,1,M2,2009,168028
New Zealand,1,M2,2001,167730
Cyprus,1,M2,2009,167273
Greece,1,M2,2016,166714
Uzbekistan,1,M2,2021,166460
Nigeria,1,M2,2021,166388
St Vincent/Grenadines,1,M2,1996,166240
Croatia,1,M2,1997,166239
Denmark,1,M2,2009,165696
Bolivia,1,M2,2020,165543
Panama,1,M2,2020,164783
Serbia,1,M2,2013,164586
Uzbekistan,1,M2,2009,164525
Russia,1,M2,2018,163660
Bolivia,1,M2,2025,163612
Paraguay,1,M2,2007,163054
Malta,1,M2,2014,162642
New Zealand,1,M2,2013,162365
Cabo Verde,1,M2,2018,161477
Tokelau Islands,1,M2,2002,160592
Finland,1,M2,1999,159862
Georgia,1,M2,2010,159141
Seychelles,1,M2,2016,159123
Paraguay,1,M2,2006,159027
Sweden,1,M2,2008,158537
Yemen,1,M2,1995,158422
Russia,1,M2,2008,158332
North Macedonia,1,M2,2025,158224
Turkmenistan,1,M2,2014,157056
Togo,1,M2,1991,156828
Saudi Arabia,1,M2,2023,156552
Saudi Arabia,1,M2,2024,156552
Zambia,1,M2,2001,156450
Sweden,1,M2,2017,154293
Uganda,1,M2,2010,153071
Saudi Arabia,1,M2,2019,152870
Nigeria,1,M2,1998,152505
Bosnia-Hercegovina,1,M2,2009,152356
Argentina,1,M2,2012,152255
Syria,1,M2,2016,150783
Russia,1,M2,2022,150510
Malta,1,M2,2012,149920
New Zealand,1,M2,2025,149493
Mongolia,1,M2,2020,149384
Bahrain,1,M2,2019,149060
Chile,1,M2,2020,148556
Venezuela,1,M2,2005,147267
Argentina,1,M2,2014,146634
Tokelau Islands,1,M2,2009,146442
New Zealand,1,M2,1991,146249
Malta,1,M2,2013,146183
Sweden,1,M2,2020,146021
Bermuda,1,M2,1996,146002
Sierra Leone,1,M2,2003,145550
Belarus,1,M2,1992,145504
Paraguay,1,M2,2020,145337
New Zealand,1,M2,2020,144818
Denmark,1,M2,2015,144590
Armenia,1,M2,2007,144220
Djibouti,1,M2,2020,144130
Russia,1,M2,2016,142867
Finland,1,M2,1994,142389
Zambia,1,M2,1996,142308
Armenia,1,M2,2008,142200
Serbia,1,M2,2014,141215
Croatia,1,M2,2001,141179
Saudi Arabia,1,M2,2007,140842
Mozambique,1,M2,1996,139329
New Zealand,1,M2,2023,139134
New Zealand,1,M2,2024,139134
Saudi Arabia,1,M2,2004,139097
Uzbekistan,1,M2,1993,138330
Latvia,1,M2,1999,138152
Mongolia,1,M2,2021,137791
New Zealand,1,M2,1994,137690
Tokelau Islands,1,M2,2007,137406
Slovenia,1,M2,1992,136877
Norway,1,M2,1993,136607
Bhutan,1,M2,1998,136486
Trinidad and Tobago,1,M2,2006,136466
Cameroon,1,M2,2007,136420
New Zealand,1,M2,1999,135943
Venezuela,1,M2,2006,134989
Gabon,1,M2,2002,134919
Cameroon,1,M2,2008,134890
Sweden,1,M2,2025,134557
Croatia,1,M2,2000,134487
Gabon,1,M2,1992,134366
Tanzania,1,M2,1991,134348
Tokelau Islands,1,M2,1994,134327
Cameroon,1,M2,2012,133851
Russia,1,M2,2023,133703
Russia,1,M2,2024,133703
Nigeria,1,M2,2017,132836
Zambia,1,M2,2000,132655
Denmark,1,M2,2016,132411
New Zealand,1,M2,1996,132392
Bosnia-Hercegovina,1,M2,2004,132326
Malawi,1,M2,2017,132257
Mozambique,1,M2,1995,131538
Vanuatu,1,M2,2019,131409
St Vincent/Grenadines,1,M2,2020,130267
Norway,1,M2,2012,129380
Burkina Faso,1,M2,1991,128419
New Zealand,1,M2,1992,128159
Sweden,1,M2,2016,127826
New Caledonia,1,M2,2009,126533
Guyana,1,M2,2017,125982
Mozambique,1,M2,2021,125784
New Caledonia,1,M2,2010,125304
Tajikistan,1,M2,1999,124995
Bahamas,1,M2,2021,124736
British Virgin Isls.,1,M2,2003,123999
South Africa,1,M2,1991,123452
St Lucia,1,M2,2006,123008
Nigeria,1,M2,2020,122757
Uzbekistan,1,M2,2019,121974
Mozambique,1,M2,2002,121957
Zimbabwe,1,M2,2023,121879
Zimbabwe,1,M2,2024,121879
Finland,1,M2,2016,121583
Armenia,1,M2,2012,121365
New Zealand,1,M2,2009,121169
Mongolia,1,M2,2025,120716
Malta,1,M2,2022,119837
Russia,1,M2,2014,119725
New Caledonia,1,M2,2004,119456
Saudi Arabia,1,M2,1993,116835
Belarus,1,M2,2023,116549
Belarus,1,M2,2024,116549
Nigeria,1,M2,1991,115201
Kyrgyzstan,1,M2,2014,114872
Nigeria,1,M2,2001,113949
Malta,1,M2,2019,113938
Saudi Arabia,1,M2,2022,113834
Estonia,1,M2,2019,113686
New Zealand,1,M2,1997,113503
Ghana,1,M2,2009,113501
Malta,1,M2,2021,113409
Madagascar,1,M2,1990,113232
Argentina,1,M2,2024,113104
Argentina,1,M2,2023,113104
Serbia,1,M2,2008,112208
Belarus,1,M2,2020,110324
Estonia,1,M2,2007,109021
Finland,1,M2,1996,108868
Togo,1,M2,1996,108461
Algeria,1,M2,1994,108439
Bulgaria,1,M2,1990,108394
British Virgin Isls.,1,M2,2016,108125
Norway,1,M2,2023,108032
Norway,1,M2,2024,108032
Benin,1,M2,2018,107863
Tokelau Islands,1,M2,2008,107740
Denmark,1,M2,2022,107352
Belarus,1,M2,2016,105970
Equatorial Guinea,1,M2,1998,105907
Mali,1,M2,1991,105553
Mongolia,1,M2,2011,105475
Cameroon,1,M2,2011,105470
Estonia,1,M2,2022,105460
Mauritania,1,M2,1990,104062
Uganda,1,M2,2016,103923
New Zealand,1,M2,2010,102950
Denmark,1,M2,2019,102915
Mongolia,1,M2,2019,102646
Syria,1,M2,2014,102199
Norway,1,M2,2010,101567
Venezuela,1,M2,2018,101158
Bosnia-Hercegovina,1,M2,2008,100872
Senegal,1,M2,1992,100121
Argentina,1,M2,2022,100063
Latvia,1,M2,1998,100005
Cote D’Ivoire,1,M2,2003,99839
Iceland,1,M2,1990,99637
Tokelau Islands,1,M2,2006,99482
Bermuda,1,M2,1999,99436
Syria,1,M2,2025,99394
St Lucia,1,M2,2007,98847
Estonia,1,M2,2023,98846
Estonia,1,M2,2024,98816
Trinidad and Tobago,1,M2,2007,98801
Norway,1,M2,2013,98459
Yemen,1,M2,2022,98398
Cameroon,1,M2,1999,98175
Sierra Leone,1,M2,2000,97798
Nigeria,1,M2,1993,97490
Cayman Islands,1,M2,1994,97402
Malta,1,M2,1995,96877
Kyrgyzstan,1,M2,2009,96127
Cote D’Ivoire,1,M2,2001,94838
Finland,1,M2,2003,94717
Uruguay,1,M2,2022,94596
Estonia,1,M2,2009,94048
Kiribati (Gilbert Isl),1,M2,1994,93572
Norway,1,M2,2016,93146
Cabo Verde,1,M2,2015,92969
Finland,1,M2,2001,92436
Eswatini (formerly Swaziland),1,M2,2017,92112
Belarus,1,M2,2012,92101
Mali,1,M2,2011,92074
Tokelau Islands,1,M2,1989,92049
Dominica,1,M2,2008,91983
Belarus,1,M2,2025,91699
Cocos (Keeling) Islands,1,M2,2018,91410
Senegal,1,M2,2020,90889
Seychelles,1,M2,2017,90683
Cameroon,1,M2,2025,90682
Barbados,1,M2,2002,90546
Djibouti,1,M2,2016,90406
Madagascar,1,M2,1991,90237
Burkina Faso,1,M2,2018,89391
Cabo Verde,1,M2,2025,89372
Togo,1,M2,1998,89353
Yemen,1,M2,2021,89269
Russia,1,M2,2012,89131
Belarus,1,M2,2019,88644
Estonia,1,M2,2021,88527
Malta,1,M2,2011,88443
Burundi,1,M2,2023,87417
Burundi,1,M2,2024,87417
Sierra Leone,1,M2,2004,86586
Mali,1,M2,1995,86138
Tokelau Islands,1,M2,1997,85857
Syria,1,M2,2022,85726
Norway,1,M2,2015,85667
Cyprus,1,M2,2011,85557
Burkina Faso,1,M2,2022,84712
Bhutan,1,M2,1997,84518
Argentina,1,M2,1993,84316
Sierra Leone,1,M2,2017,84257
Belarus,1,M2,2018,84019
Netherlands Antilles,1,M2,2003,83766
Seychelles,1,M2,2006,83317
Uganda,1,M2,2012,82919
Paraguay,1,M2,1995,82614
Rwanda,1,M2,2016,82006
Panama,1,M2,2023,81957
Panama,1,M2,2024,81957
Panama,1,M2,2014,81894
Paraguay,1,M2,2012,81740
Uganda,1,M2,2017,81716
Bulgaria,1,M2,1989,81620
Azerbaijan,1,M2,1998,81439
Namibia,1,M2,2001,81213
Namibia,1,M2,1994,81195
New Zealand,1,M2,2018,80884
Iceland,1,M2,2004,80686
Finland,1,M2,2012,80485
New Zealand,1,M2,2014,80480
Estonia,1,M2,2017,79570
Syria,1,M2,2021,79530
Finland,1,M2,2004,79441
Norway,1,M2,2025,79417
Finland,1,M2,2000,78783
New Caledonia,1,M2,2002,78307
Yemen,1,M2,1993,77570
Georgia,1,M2,1995,76441
Qatar,1,M2,2010,76334
Norway,1,M2,2008,76291
Norway,1,M2,2021,76218
Nigeria,1,M2,1996,76130
Finland,1,M2,2006,75969
Fiji,1,M2,2022,75288
Norway,1,M2,2014,75280
Tokelau Islands,1,M2,2012,75161
Uruguay,1,M2,2008,74579
Argentina,1,M2,2013,74544
Argentina,1,M2,2025,74359
Togo,1,M2,2025,74308
Serbia,1,M2,2009,74070
Malawi,1,M2,2022,74014
Fiji,1,M2,2025,73850
Kazakhstan,1,M2,1996,73825
Uganda,1,M2,2014,73339
Estonia,1,M2,2016,73299
Norway,1,M2,2011,72870
Tokelau Islands,1,M2,2001,72196
Estonia,1,M2,2014,71762
Finland,1,M2,2007,71750
Nigeria,1,M2,2003,71409
Malta,1,M2,1996,71067
Malta,1,M2,2018,71004
Belize,1,M2,2008,70866
St Vincent/Grenadines,1,M2,1997,70572
Fiji,1,M2,2019,70362
Belarus,1,M2,2017,70173
Uganda,1,M2,2013,69832
Uruguay,1,M2,2023,69708
Uruguay,1,M2,2024,69708
Norway,1,M2,2018,69641
Estonia,1,M2,2020,69501
Mongolia,1,M2,2024,69230
Mongolia,1,M2,2023,69230
Zimbabwe,1,M2,2025,68955
Paraguay,1,M2,2008,68738
Nigeria,1,M2,2012,68682
Cameroon,1,M2,2016,68251
New Zealand,1,M2,2017,68129
Malawi,1,M2,2025,67601
Tokelau Islands,1,M2,2016,67234
St Vincent/Grenadines,1,M2,2018,67058
Zambia,1,M2,1997,66812
Estonia,1,M2,2015,66743
Bosnia-Hercegovina,1,M2,2001,66610
New Zealand,1,M2,2015,66483
Uruguay,1,M2,2011,66476
Latvia,1,M2,1994,66454
Russia,1,M2,2009,66166
Mozambique,1,M2,2001,66163
Venezuela,1,M2,2007,65953
Tajikistan,1,M2,1998,65486
Malawi,1,M2,1997,65427
Netherlands Antilles,1,M2,1998,65281
Latvia,1,M2,1996,65250
Uganda,1,M2,2008,65219
Trinidad and Tobago,1,M2,2008,64818
Argentina,1,M2,2017,64612
Namibia,1,M2,2018,64594
Uruguay,1,M2,2009,64442
Gabon,1,M2,2004,64310
Tokelau Islands,1,M2,2011,64264
Cameroon,1,M2,2005,64235
Saudi Arabia,1,M2,2003,63869
Bahamas,1,M2,2013,63732
Mali,1,M2,1997,63416
Venezuela,1,M2,2017,63352
Uruguay,1,M2,2010,63171
Cameroon,1,M2,2020,63150
Eritrea,1,M2,2003,63048
Togo,1,M2,2003,62998
Mali,1,M2,2000,62929
Malta,1,M2,2010,62829
Antigua and Barbuda,1,M2,1999,62805
Belarus,1,M2,2022,62419
Paraguay,1,M2,2011,62419
Cyprus,1,M2,2012,62360
Finland,1,M2,2011,62354
Ghana,1,M2,1993,62210
Luxembourg,1,M2,1993,62145
Paraguay,1,M2,2010,62103
Central African Rep.,1,M2,2001,61640
Uzbekistan,1,M2,2008,61431
Belarus,1,M2,2015,61334
Bermuda,1,M2,1998,61224
Uganda,1,M2,2009,61182
Ethiopia,1,M2,1997,61148
Fiji,1,M2,2011,60702
Mali,1,M2,2003,60558
Bosnia-Hercegovina,1,M2,2002,60013
Sierra Leone,1,M2,1999,59947
Norway,1,M2,2009,59764
Cameroon,1,M2,1994,59735
Argentina,1,M2,2019,59420
Bermuda,1,M2,2000,59290
Kyrgyzstan,1,M2,1999,59156
Malta,1,M2,2015,58954
Georgia,1,M2,2009,58947
Nigeria,1,M2,1995,58809
Rwanda,1,M2,2022,58598
Nigeria,1,M2,2000,58121
Yemen,1,M2,2025,58047
Netherlands Antilles,1,M2,2001,57963
Jamaica,1,M2,2011,57879
Russia,1,M2,2011,57873
Mozambique,1,M2,2007,57828
Finland,1,M2,1995,57824
Eritrea,1,M2,1996,57671
Russia,1,M2,2010,57224
Senegal,1,M2,2021,57185
Armenia,1,M2,2011,56939
Cote D’Ivoire,1,M2,2019,56708
Uganda,1,M2,2015,56672
Cote D’Ivoire,1,M2,2015,56614
Norway,1,M2,2022,56597
Norway,1,M2,2017,56580
Armenia,1,M2,1993,56224
Barbados,1,M2,2007,55871
"Turks, Caicos Isls.",1,M2,2005,55813
Antigua and Barbuda,1,M2,1996,55268
Albania,1,M2,2008,55259
Mozambique,1,M2,1992,55249
Mozambique,1,M2,2016,54930
Malta,1,M2,2020,54719
Senegal,1,M2,2010,54456
Malta,1,M2,1997,54389
Namibia,1,M2,1991,53573
Cote D’Ivoire,1,M2,1992,53546
Bosnia-Hercegovina,1,M2,1992,53388
Finland,1,M2,2005,53377
Montserrat,1,M2,2004,53298
Senegal,1,M2,1993,53288
Finland,1,M2,2009,53102
Bosnia-Hercegovina,1,M2,1996,52908
Cote D’Ivoire,1,M2,1993,52895
Moldova,1,M2,1993,52689
Cayman Islands,1,M2,2003,52654
Cameroon,1,M2,2006,52637
Afghanistan,1,M2,2021,52509
Western Samoa,1,M2,2002,52502
Solomon Islands,1,M2,1994,52476
Luxembourg,1,M2,1989,52361
Zimbabwe,1,M2,2022,52059
Syria,1,M2,2015,52004
Bahamas,1,M2,2002,51581
Malawi,1,M2,1998,51459
Nigeria,1,M2,1997,51327
Papua New Guinea,1,M2,1996,51120
Finland,1,M2,2010,51115
Togo,1,M2,1997,50936
Rwanda,1,M2,2024,50916
Rwanda,1,M2,2023,50915
Vanuatu,1,M2,2002,50852
Belarus,1,M2,2013,50829
Grenada,1,M2,1998,50710
Yugoslavia,1,M2,1998,50710
Yugoslavia [2],1,M2,1998,50710
Guinea,1,M2,2000,50542
Belarus,1,M2,2014,50397
Norway,1,M2,2020,50299
Yemen,1,M2,2020,50286
Western Samoa,1,M2,2000,50233
Sierra Leone,1,M2,2006,49825
Kosovo,1,M2,2025,49797
Argentina,1,M2,2015,49586
Belarus,1,M2,2010,49568
Yemen,1,M2,1998,49400
Nigeria,1,M2,2015,49318
Uruguay,1,M2,2025,49190
Iceland,1,M2,2001,48949
Venezuela,1,M2,2025,48619
Argentina,1,M2,2020,48462
Tanzania,1,M2,2002,48365
Cameroon,1,M2,1997,48056
Malta,1,M2,2016,47975
Russia,1,M2,2013,47620
Western Samoa,1,M2,2003,47512
Estonia,1,M2,2013,47431
Cote D’Ivoire,1,M2,2002,47297
Bahamas,1,M2,2018,47160
Senegal,1,M2,1997,47070
Syria,1,M2,2019,46954
Seychelles,1,M2,1991,46939
Mongolia,1,M2,2015,46925
Mongolia,1,M2,2013,46871
Cocos (Keeling) Islands,1,M2,2011,46542
Netherlands Antilles,1,M2,1997,46518
Uganda,1,M2,2018,46300
Mali,1,M2,2001,46043
Cyprus,1,M2,2017,46000
Papua New Guinea,1,M2,2017,45853
Iceland,1,M2,2005,45770
Gambia,1,M2,1992,45704
Afghanistan,1,M2,2025,45432
Malta,1,M2,2017,45362
Namibia,1,M2,1993,45146
Iceland,1,M2,1991,44704
Liberia,1,M2,2023,44478
Liberia,1,M2,2024,44478
British Virgin Isls.,1,M2,2017,44472
Comoros,1,M2,1991,44194
Malta,1,M2,2009,44134
Tokelau Islands,1,M2,1990,44052
Mongolia,1,M2,2018,44014
Sierra Leone,1,M2,1994,43906
Comoros,1,M2,2007,43892
Finland,1,M2,2013,43879
Ghana,1,M2,1992,43843
Cabo Verde,1,M2,2017,43751
Comoros,1,M2,1990,43749
Iceland,1,M2,1995,43614
Heard Isl & McDonald Isl,1,M2,1998,43555
Barbados,1,M2,2003,43525
New Caledonia,1,M2,2015,43502
Suriname,1,M2,2002,43445
British Virgin Isls.,1,M2,2002,43335
Heard Isl & McDonald Isl,1,M2,1992,43260
Paraguay,1,M2,2018,43183
Senegal,1,M2,1996,43179
Uruguay,1,M2,2021,43033
Netherlands Antilles,1,M2,2008,42949
Nigeria,1,M2,1989,42949
Rwanda,1,M2,2020,42632
Togo,1,M2,2005,42391
British Virgin Isls.,1,M2,2024,42369
British Virgin Isls.,1,M2,2023,42368
Cayman Islands,1,M2,1997,42266
Paraguay,1,M2,2013,41857
Fiji,1,M2,2023,41761
Fiji,1,M2,2024,41761
St Kitts and Nevis,1,M2,2006,41405
Suriname,1,M2,2021,41328
Seychelles,1,M2,2014,41217
Cayman Islands,1,M2,2006,41150
Cote D’Ivoire,1,M2,1990,41106
Ethiopia,1,M2,1993,41104
Cameroon,1,M2,2021,40968
Cyprus,1,M2,2018,40964
Dominica,1,M2,2005,40750
Cameroon,1,M2,1995,40642
Seychelles,1,M2,1998,40520
"Turks, Caicos Isls.",1,M2,2020,40304
Uruguay,1,M2,2017,40257
Bermuda,1,M2,1997,40233
New Caledonia,1,M2,1989,40064
Azerbaijan,1,M2,2003,39875
Uruguay,1,M2,2013,39577
Bosnia-Hercegovina,1,M2,2003,39495
Malta,1,M2,1994,39460
Bosnia-Hercegovina,1,M2,2000,39393
Norway,1,M2,2019,39345
Bermuda,1,M2,1994,39179
Finland,1,M2,2021,38884
Tajikistan,1,M2,2002,38853
Nigeria,1,M2,1999,38848
Burundi,1,M2,1990,38725
Mauritania,1,M2,1992,38691
Cocos (Keeling) Islands,1,M2,2012,38599
Nigeria,1,M2,1990,38540
Yemen,1,M2,1992,38456
Barbados,1,M2,2012,38253
Finland,1,M2,2008,38145
Burkina Faso,1,M2,2013,38119
Netherlands Antilles,1,M2,1999,37904
Guinea,1,M2,1989,37821
Tokelau Islands,1,M2,1995,37714
Mongolia,1,M2,2017,37669
Niger,1,M2,2006,37649
Nigeria,1,M2,2005,37647
Cote D’Ivoire,1,M2,1994,37646
Seychelles,1,M2,2015,37526
New Caledonia,1,M2,1992,37426
Ghana,1,M2,1991,36929
Cameroon,1,M2,2000,36898
Mozambique,1,M2,1989,36868
Bahamas,1,M2,1997,36852
Nigeria,1,M2,2016,36843
Rwanda,1,M2,2021,36843
Madagascar,1,M2,1992,36566
Mali,1,M2,1999,36466
Moldova,1,M2,1992,36462
Nigeria,1,M2,2004,36372
Togo,1,M2,2021,36204
Cabo Verde,1,M2,2014,36201
Kuwait,1,M2,2017,36164
Belarus,1,M2,2011,36058
Cayman Islands,1,M2,1998,36013
St Vincent/Grenadines,1,M2,2021,35936
Cocos (Keeling) Islands,1,M2,2019,35928
Kyrgyzstan,1,M2,2021,35876
Mozambique,1,M2,1999,35874
Belize,1,M2,2011,35857
Dominica,1,M2,2007,35713
Mauritania,1,M2,2020,35614
Finland,1,M2,2017,35528
Venezuela,1,M2,2020,35488
Seychelles,1,M2,2000,35301
Kyrgyzstan,1,M2,2025,35219
Liberia,1,M2,2005,35180
Senegal,1,M2,2001,35147
Uruguay,1,M2,2019,35114
Mali,1,M2,2016,35001
Sierra Leone,1,M2,2022,34913
Cocos (Keeling) Islands,1,M2,2017,34899
Gambia,1,M2,1994,34783
British Virgin Isls.,1,M2,1994,34767
Cook Islands,1,M2,2008,34731
Niger,1,M2,1999,34602
Mauritania,1,M2,1996,34592
British Virgin Isls.,1,M2,2025,34488
Malta,1,M2,2025,34476
Senegal,1,M2,1998,34417
Argentina,1,M2,2016,34377
Afghanistan,1,M2,2020,34314
Saudi Arabia,1,M2,1989,34190
Uruguay,1,M2,2012,34145
Cameroon,1,M2,2003,34103
Belarus,1,M2,2008,34017
Nigeria,1,M2,2007,33930
Barbados,1,M2,2024,33912
Barbados,1,M2,2023,33912
St Vincent/Grenadines,1,M2,1998,33679
Burkina Faso,1,M2,1997,33546
Fiji,1,M2,2008,33538
Mozambique,1,M2,1998,33518
Sao Tome and Principe,1,M2,1995,33500
Syria,1,M2,2020,33458
Panama,1,M2,2021,33424
Liberia,1,M2,2006,33321
Cote D’Ivoire,1,M2,2017,33268
Gibraltar,1,M2,1997,33110
Seychelles,1,M2,2019,32954
Uganda,1,M2,2019,32748
Netherlands Antilles,1,M2,2002,32737
"Korea, North",1,M2,2004,32686
Qatar,1,M2,2011,32541
Palau,1,M2,1992,32526
French Indian Ocean Areas,1,M2,2003,32468
Cote D’Ivoire,1,M2,2011,32408
Cyprus,1,M2,2016,32356
Benin,1,M2,2020,32211
Uruguay,1,M2,2018,32174
New Caledonia,1,M2,1990,32159
British Virgin Isls.,1,M2,1999,32140
Fiji,1,M2,2020,32092
Fiji,1,M2,2021,32086
Barbados,1,M2,2014,31864
Namibia,1,M2,2016,31675
Seychelles,1,M2,2025,31510
Albania,1,M2,1995,31417
Cocos (Keeling) Islands,1,M2,2014,31416
Cyprus,1,M2,2013,31300
French Indian Ocean Areas,1,M2,2002,31290
St Kitts and Nevis,1,M2,2022,31218
Barbados,1,M2,2025,31073
Gambia,1,M2,1993,31029
Mali,1,M2,2002,30963
New Caledonia,1,M2,2016,30749
Luxembourg,1,M2,2010,30748
Cameroon,1,M2,2022,30738
Belarus,1,M2,2009,30736
Seychelles,1,M2,2003,30597
Albania,1,M2,2007,30469
Mauritania,1,M2,2000,30438
Mali,1,M2,1994,30393
Antigua and Barbuda,1,M2,1995,30353
Aruba,1,M2,1995,30295
Cook Islands,1,M2,1991,30049
Malta,1,M2,2007,29998
Uzbekistan,1,M2,2020,29929
Netherlands Antilles,1,M2,2007,29865
Mali,1,M2,2012,29839
Tokelau Islands,1,M2,2010,29783
Finland,1,M2,2015,29523
Djibouti,1,M2,1989,29520
New Caledonia,1,M2,2001,29478
Uruguay,1,M2,2014,29182
Mali,1,M2,2014,29169
Mongolia,1,M2,2016,29160
St Vincent/Grenadines,1,M2,2008,29086
Guinea,1,M2,2025,29078
Armenia,1,M2,2010,29018
Kiribati (Gilbert Isl),1,M2,1989,28960
Mali,1,M2,2025,28742
Bermuda,1,M2,2003,28643
Fiji,1,M2,2010,28631
St Vincent/Grenadines,1,M2,2001,28587
Guinea,1,M2,2011,28389
Sudan,1,M2,1995,28140
Georgia,1,M2,2001,27979
Namibia,1,M2,2000,27967
Seychelles,1,M2,2007,27949
Syria,1,M2,2024,27893
Syria,1,M2,2023,27893
New Caledonia,1,M2,2005,27867
Syria,1,M2,2017,27664
New Zealand,1,M2,2016,27496
Botswana,1,M2,1990,27445
Mali,1,M2,2018,27315
Benin,1,M2,2019,27183
Iceland,1,M2,1996,27102
Albania,1,M2,2001,27080
St Pierre / Miquelon,1,M2,2007,26921
Kuwait,1,M2,2012,26874
Fiji,1,M2,2018,26838
Cyprus,1,M2,2015,26721
Benin,1,M2,2022,26697
Yemen,1,M2,2019,26683
Barbados,1,M2,2010,26674
Finland,1,M2,2018,26530
Estonia,1,M2,1992,26375
Oman,1,M2,2019,26159
Cote D’Ivoire,1,M2,2006,26105
Tokelau Islands,1,M2,2018,26055
Argentina,1,M2,1992,26037
Senegal,1,M2,2018,25995
Cook Islands,1,M2,1995,25970
Cocos (Keeling) Islands,1,M2,2013,25941
Latvia,1,M2,1992,25878
Barbados,1,M2,2004,25767
Kuwait,1,M2,2015,25719
Ghana,1,M2,1990,25703
Mauritania,1,M2,1993,25698
Afghanistan,1,M2,2016,25694
Cayman Islands,1,M2,2010,25682
Mozambique,1,M2,1997,25579
Cabo Verde,1,M2,2020,25565
Guinea,1,M2,2010,25524
Albania,1,M2,1999,25514
Zambia,1,M2,2004,25488
Cameroon,1,M2,2004,25423
Mali,1,M2,2015,25322
Mali,1,M2,2021,25253
Guinea,1,M2,2009,25119
Dominica,1,M2,1999,25082
Bhutan,1,M2,1996,24927
Fiji,1,M2,2015,24615
Montenegro,1,M2,2011,24484
Venezuela,1,M2,2011,24464
Cyprus,1,M2,2014,24450
Gambia,1,M2,2019,24389
Finland,1,M2,2023,24374
Finland,1,M2,2024,24374
Uganda,1,M2,2025,24225
Pitcairn Island,1,M2,1994,24213
Suriname,1,M2,2006,24056
Uganda,1,M2,2022,24030
Burkina Faso,1,M2,2002,23925
Cook Islands,1,M2,2011,23663
New Caledonia,1,M2,1994,23628
Albania,1,M2,2006,23563
Iceland,1,M2,2015,23550
Finland,1,M2,2014,23443
Netherlands Antilles,1,M2,2009,23417
Sierra Leone,1,M2,2002,23405
Syria,1,M2,2018,23395
Mali,1,M2,2010,23357
Paraguay,1,M2,1996,23234
Zimbabwe,1,M2,2021,23232
Mali,1,M2,2017,23099
Gambia,1,M2,1997,23083
St Helena,1,M2,2010,23032
Uzbekistan,1,M2,1994,23012
Barbados,1,M2,2005,22837
Paraguay,1,M2,2014,22808
Nigeria,1,M2,2006,22787
Cayman Islands,1,M2,2005,22765
New Caledonia,1,M2,2006,22676
New Caledonia,1,M2,1991,22613
Kuwait,1,M2,2018,22540
Rwanda,1,M2,2025,22509
Nigeria,1,M2,2010,22462
Luxembourg,1,M2,2001,22382
Gambia,1,M2,1995,22368
Cote D’Ivoire,1,M2,1998,22284
Fiji,1,M2,2017,22283
Sierra Leone,1,M2,2021,22247
Gambia,1,M2,2000,22228
Kyrgyzstan,1,M2,2020,22227
Falkland Islands,1,M2,1995,22080
Nigeria,1,M2,2008,21993
"Congo, Democratic Republic of",1,M2,2016,21992
Uzbekistan,1,M2,1992,21750
Cameroon,1,M2,1993,21629
Kazakhstan,1,M2,1993,21610
Kosovo,1,M2,2024,21600
Kosovo,1,M2,2023,21600
Mali,1,M2,2004,21580
Marshall islands,1,M2,2003,21460
Finland,1,M2,2022,21414
Togo,1,M2,2017,21386
Paraguay,1,M2,2009,21326
Eritrea,1,M2,2000,21315
Dominica,1,M2,2022,21295
Senegal,1,M2,1994,21267
Zimbabwe,1,M2,2019,21125
Kyrgyzstan,1,M2,2016,21050
Cote D’Ivoire,1,M2,2016,20944
Cayman Islands,1,M2,2000,20933
Iceland,1,M2,1992,20891
Guinea,1,M2,2008,20746
Eritrea,1,M2,1995,20700
Kosovo,1,M2,2022,20378
Zimbabwe,1,M2,2015,20343
Nigeria,1,M2,2014,20342
"Turks, Caicos Isls.",1,M2,2021,20300
St Pierre / Miquelon,1,M2,2002,20298
Curacao,1,M2,2016,20242
Grenada,1,M2,1995,20210
Burkina Faso,1,M2,2004,20201
Fiji,1,M2,2009,20184
Kuwait,1,M2,2024,20174
Kuwait,1,M2,2023,20174
Namibia,1,M2,2022,20164
Georgia,1,M2,1997,20079
Netherlands Antilles,1,M2,2000,20006
Trinidad and Tobago,1,M2,2011,20002
Western Samoa,1,M2,2001,19996
Papua New Guinea,1,M2,2015,19950
Cote D’Ivoire,1,M2,1989,19812
Cote D’Ivoire,1,M2,2005,19774
Fiji,1,M2,2012,19688
Mali,1,M2,1998,19669
Nigeria,1,M2,2002,19663
Bahamas,1,M2,1994,19661
Finland,1,M2,2025,19587
Bahamas,1,M2,1993,19530
Sudan,1,M2,1993,19497
Namibia,1,M2,2017,19434
Kyrgyzstan,1,M2,2018,19421
Western Samoa,1,M2,1996,19394
Cameroon,1,M2,1990,19377
Saudi Arabia,1,M2,1991,19324
Zimbabwe,1,M2,2018,19272
Rwanda,1,M2,2011,19201
Bermuda,1,M2,2002,19141
Luxembourg,1,M2,2018,19097
Kuwait,1,M2,2009,19088
Guinea,1,M2,2016,19087
Zimbabwe,1,M2,2012,19086
Iceland,1,M2,2025,19016
Gabon,1,M2,2017,19012
Senegal,1,M2,2000,18972
Afghanistan,1,M2,2022,18869
Zimbabwe,1,M2,2017,18857
Guinea,1,M2,2024,18832
Guinea,1,M2,2023,18832
Malta,1,M2,2008,18599
Venezuela,1,M2,2009,18589
Mali,1,M2,2007,18554
Sao Tome and Principe,1,M2,1997,18552
Mali,1,M2,1996,18470
Guinea,1,M2,2004,18402
St Lucia,1,M2,2008,18323
Senegal,1,M2,2014,18279
Albania,1,M2,1998,18241
Zimbabwe,1,M2,2010,18213
Bahrain,1,M2,2018,18130
Zimbabwe,1,M2,2014,18099
Senegal,1,M2,2012,18093
Afghanistan,1,M2,2023,18016
Afghanistan,1,M2,2024,18016
Comoros,1,M2,1998,18000
Sierra Leone,1,M2,2001,17970
French Indian Ocean Areas,1,M2,1997,17950
Eritrea,1,M2,2014,17943
Tokelau Islands,1,M2,1996,17903
Dominica,1,M2,2004,17760
Mali,1,M2,2019,17674
Albania,1,M2,1994,17575
Finland,1,M2,2019,17498
Guinea,1,M2,2007,17498
Cote D’Ivoire,1,M2,2000,17416
Cook Islands,1,M2,2010,17413
Mali,1,M2,1993,17402
Iceland,1,M2,2000,17332
Marshall islands,1,M2,2020,17280
Fiji,1,M2,2014,17162
Palau,1,M2,1991,17135
Kyrgyzstan,1,M2,2019,17123
Equatorial Guinea,1,M2,1995,17085
Mali,1,M2,2020,17049
Christmas Island,1,M2,2007,17009
Venezuela,1,M2,2008,16988
Zimbabwe,1,M2,2020,16982
Afghanistan,1,M2,1990,16924
Burkina Faso,1,M2,2019,16921
Armenia,1,M2,2009,16920
Sierra Leone,1,M2,1993,16905
Kiribati (Gilbert Isl),1,M2,2012,16795
Paraguay,1,M2,1998,16758
Guinea,1,M2,2006,16717
Tokelau Islands,1,M2,1992,16576
Iceland,1,M2,2007,16546
Cyprus,1,M2,2019,16541
Iceland,1,M2,1998,16532
Bosnia-Hercegovina,1,M2,1995,16435
Iceland,1,M2,1999,16375
Senegal,1,M2,2011,16340
Albania,1,M2,2002,16334
Christmas Island,1,M2,2017,16287
Venezuela,1,M2,2010,16269
Senegal,1,M2,1999,16256
St Kitts and Nevis,1,M2,2007,16254
Mali,1,M2,2009,16124
Lithuania,1,M2,1992,16078
Mali,1,M2,1990,16076
Cote D’Ivoire,1,M2,2012,16042
Togo,1,M2,2019,16000
British Virgin Isls.,1,M2,2015,15926
Bosnia-Hercegovina,1,M2,1997,15760
New Caledonia,1,M2,2008,15758
Antigua and Barbuda,1,M2,2006,15728
Mozambique,1,M2,2011,15618
Kuwait,1,M2,2011,15605
Sierra Leone,1,M2,2007,15520
Kosovo,1,M2,2021,15446
South Africa,1,M2,1989,15445
Gambia,1,M2,2008,15410
Turkmenistan,1,M2,2018,15370
Albania,1,M2,2004,15368
Barbados,1,M2,2006,15353
Mongolia,1,M2,2014,15286
Barbados,1,M2,2018,15269
Iceland,1,M2,2002,15226
Zimbabwe,1,M2,2016,15172
Venezuela,1,M2,2015,15157
Mali,1,M2,2008,15104
Mayotte,1,M2,2024,15102
Mayotte,1,M2,2023,15101
Cote D’Ivoire,1,M2,2021,15030
Kuwait,1,M2,2016,15003
Christmas Island,1,M2,1997,15000
Yemen,1,M2,2013,14993
Uruguay,1,M2,2016,14977
Bermuda,1,M2,2001,14939
Zimbabwe,1,M2,2008,14810
St Vincent/Grenadines,1,M2,2017,14778
Yemen,1,M2,2012,14755
Marshall islands,1,M2,1998,14622
Yemen,1,M2,2024,14593
Yemen,1,M2,2023,14593
Zimbabwe,1,M2,2013,14462
Cote D’Ivoire,1,M2,2020,14422
Senegal,1,M2,2003,14410
Mali,1,M2,2024,14363
Mali,1,M2,2023,14363
Qatar,1,M2,2025,14349
Guinea,1,M2,2012,14317
Iceland,1,M2,2006,14254
Burkina Faso,1,M2,2000,14242
Cote D’Ivoire,1,M2,1991,14188
Cote D’Ivoire,1,M2,2004,14182
Western Samoa,1,M2,2018,14131
Vanuatu,1,M2,2017,14081
Afghanistan,1,M2,2018,14061
Djibouti,1,M2,2019,14045
Tokelau Islands,1,M2,1991,14029
St Helena,1,M2,1996,14006
Cocos (Keeling) Islands,1,M2,2010,13996
Marshall islands,1,M2,2005,13990
Afghanistan,1,M2,2019,13966
Heard Isl & McDonald Isl,1,M2,1996,13932
New Caledonia,1,M2,2013,13883
Cabo Verde,1,M2,1992,13845
Netherlands Antilles,1,M2,2011,13707
Saudi Arabia,1,M2,1992,13697
Sudan,1,M2,1990,13668
Nigeria,1,M2,2013,13529
British Virgin Isls.,1,M2,1998,13487
Curacao,1,M2,2017,13471
Afghanistan,1,M2,1991,13462
Cook Islands,1,M2,2003,13447
Senegal,1,M2,2017,13399
Western Samoa,1,M2,1999,13334
Yemen,1,M2,2010,13311
Mauritania,1,M2,1998,13191
Burkina Faso,1,M2,2017,13151
Grenada,1,M2,1997,13128
Cote D’Ivoire,1,M2,1999,13092
Yugoslavia,1,M2,1997,13090
Yugoslavia [2],1,M2,1997,13090
Iceland,1,M2,2003,13065
Cote D’Ivoire,1,M2,2008,13039
Argentina,1,M2,2018,13035
Nigeria,1,M2,2011,13026
Niue,1,M2,2004,12956
Mali,1,M2,2005,12940
Bahamas,1,M2,2016,12925
Aruba,1,M2,1993,12902
St Vincent/Grenadines,1,M2,1999,12775
Venezuela,1,M2,2022,12773
Iceland,1,M2,2010,12714
Gibraltar,1,M2,1994,12689
Antigua and Barbuda,1,M2,2005,12600
Guinea,1,M2,2005,12582
Venezuela,1,M2,2019,12466
Kuwait,1,M2,1991,12464
Cote D’Ivoire,1,M2,2022,12441
Barbados,1,M2,2016,12376
Montenegro,1,M2,2012,12361
Togo,1,M2,2016,12293
Heard Isl & McDonald Isl,1,M2,2003,12276
Niue,1,M2,2003,12258
Cote D’Ivoire,1,M2,1997,12243
Burkina Faso,1,M2,2016,12166
Bahamas,1,M2,2005,12157
Senegal,1,M2,2002,12112
Ethiopia,1,M2,1998,12078
Gabon,1,M2,1990,12056
Mali,1,M2,2013,12054
Uganda,1,M2,2021,12054
Cook Islands,1,M2,2017,12010
Fiji,1,M2,2013,12008
Nigeria,1,M2,2009,11881
Suriname,1,M2,2000,11880
Mauritania,1,M2,2025,11876
Dominica,1,M2,2023,11874
Dominica,1,M2,2024,11874
Kuwait,1,M2,2010,11863
Marshall islands,1,M2,2016,11857
Jamaica,1,M2,2018,11811
Venezuela,1,M2,2023,11804
Venezuela,1,M2,2024,11804
Sierra Leone,1,M2,2005,11787
Togo,1,M2,2020,11724
Tajikistan,1,M2,2018,11669
Togo,1,M2,2018,11660
Solomon Islands,1,M2,1990,11647
Iceland,1,M2,1994,11592
Uganda,1,M2,2020,11591
Christmas Island,1,M2,2010,11572
Qatar,1,M2,2009,11544
Anguilla,1,M2,2008,11485
Togo,1,M2,2007,11443
Guinea,1,M2,2003,11433
Guinea,1,M2,2001,11392
Guinea,1,M2,2002,11377
Mongolia,1,M2,1990,11338
Sierra Leone,1,M2,2018,11331
Zimbabwe,1,M2,2011,11308
Paraguay,1,M2,2015,11262
French West Indies,1,M2,2003,11260
Afghanistan,1,M2,2012,11203
Togo,1,M2,2006,11180
Suriname,1,M2,1994,11175
Antigua and Barbuda,1,M2,2007,11107
Tokelau Islands,1,M2,2014,11101
Nauru,1,M2,2022,11084
Br Indian Ocean Territory,1,M2,2013,11051
British Virgin Isls.,1,M2,2006,11013
Kiribati (Gilbert Isl),1,M2,1991,10978
Mali,1,M2,2006,10958
Cocos (Keeling) Islands,1,M2,2004,10937
Guinea,1,M2,1998,10934
Dominica,1,M2,2003,10925
Dominica,1,M2,2020,10837
Gambia,1,M2,2004,10818
Gambia,1,M2,1991,10800
Dominica,1,M2,1997,10798
Gambia,1,M2,1998,10767
Liberia,1,M2,1998,10741
Uruguay,1,M2,2015,10702
Cote D’Ivoire,1,M2,2013,10673
Seychelles,1,M2,2008,10651
Togo,1,M2,1999,10603
Nauru,1,M2,2020,10586
Zimbabwe,1,M2,2009,10579
Sierra Leone,1,M2,1998,10566
Eritrea,1,M2,2022,10471
Paraguay,1,M2,2017,10458
"Turks, Caicos Isls.",1,M2,2018,10445
Sierra Leone,1,M2,1995,10438
Jamaica,1,M2,2012,10398
Niger,1,M2,1996,10388
Guinea,1,M2,1995,10331
Malta,1,M2,2006,10330
Br Indian Ocean Territory,1,M2,2002,10318
Netherlands Antilles,1,M2,1995,10307
Gambia,1,M2,2002,10283
Senegal,1,M2,2005,10242
British Virgin Isls.,1,M2,2010,10221
Luxembourg,1,M2,1992,10196
Senegal,1,M2,2008,10174
Pitcairn Island,1,M2,1989,10173
Eritrea,1,M2,2009,10151
Barbados,1,M2,2008,10087
Cote D’Ivoire,1,M2,2009,10083
Tanzania,1,M2,1992,10072
Senegal,1,M2,2007,10071
Qatar,1,M2,2014,10037
Christmas Island,1,M2,2004,9866
Afghanistan,1,M2,1989,9856
Bahamas,1,M2,2019,9791
French Indian Ocean Areas,1,M2,1992,9755
Gambia,1,M2,2006,9684
Luxembourg,1,M2,2002,9660
Afghanistan,1,M2,2017,9659
Georgia,1,M2,2006,9611
Montserrat,1,M2,1992,9609
Finland,1,M2,2020,9592
Gambia,1,M2,2005,9510
Guinea,1,M2,1996,9499
Qatar,1,M2,2017,9460
Seychelles,1,M2,2011,9449
Kyrgyzstan,1,M2,2024,9413
Kyrgyzstan,1,M2,2023,9413
Tajikistan,1,M2,1995,9376
Burundi,1,M2,2025,9358
Afghanistan,1,M2,2004,9308
Burkina Faso,1,M2,2024,9290
Burkina Faso,1,M2,2023,9289
Christmas Island,1,M2,2016,9281
Mayotte,1,M2,2019,9259
Algeria,1,M2,2022,9115
Iceland,1,M2,2017,9095
Cocos (Keeling) Islands,1,M2,2002,9091
Iceland,1,M2,2011,9047
Iran,1,M2,1990,9019
Tajikistan,1,M2,2017,9000
Senegal,1,M2,2015,8988
Togo,1,M2,2012,8982
Cocos (Keeling) Islands,1,M2,1994,8974
Rwanda,1,M2,2015,8947
Yemen,1,M2,2006,8891
Uzbekistan,1,M2,2017,8872
Somalia,1,M2,2000,8870
Venezuela,1,M2,2014,8857
Bahamas,1,M2,1989,8748
Yemen,1,M2,2008,8731
Burkina Faso,1,M2,2014,8724
Togo,1,M2,2022,8724
Senegal,1,M2,1995,8704
Cameroon,1,M2,2002,8701
Sierra Leone,1,M2,2011,8674
New Caledonia,1,M2,1996,8642
St Vincent/Grenadines,1,M2,2000,8618
Trinidad and Tobago,1,M2,2009,8593
Ghana,1,M2,1989,8580
Dominica,1,M2,2000,8567
Sierra Leone,1,M2,2014,8550
Marshall islands,1,M2,1993,8501
Gambia,1,M2,2007,8485
Bahamas,1,M2,2020,8417
Senegal,1,M2,2013,8389
Kuwait,1,M2,2007,8385
Guinea,1,M2,2021,8344
Kyrgyzstan,1,M2,2015,8318
Guinea,1,M2,2020,8267
Guinea-Bissau,1,M2,2025,8247
Solomon Islands,1,M2,2001,8234
Cameroon,1,M2,2024,8230
Cameroon,1,M2,2023,8230
Gambia,1,M2,2022,8225
Cook Islands,1,M2,2025,8171
Senegal,1,M2,1991,8160
Venezuela,1,M2,2021,8144
Paraguay,1,M2,1997,8078
Burundi,1,M2,1998,8058
Guinea,1,M2,1994,8038
Christmas Island,1,M2,2022,7995
Netherlands Antilles,1,M2,2010,7969
Jamaica,1,M2,2013,7946
Kuwait,1,M2,2025,7935
Cook Islands,1,M2,2014,7883
Eritrea,1,M2,2010,7877
Albania,1,M2,2005,7854
Guinea,1,M2,2015,7831
Kiribati (Gilbert Isl),1,M2,1990,7793
Venezuela,1,M2,2013,7732
Suriname,1,M2,2001,7728
Georgia,1,M2,2007,7708
Senegal,1,M2,2009,7698
Trinidad and Tobago,1,M2,2022,7672
Senegal,1,M2,2006,7640
Guinea,1,M2,2017,7587
Grenada,1,M2,2003,7558
Yugoslavia,1,M2,2003,7558
Yugoslavia [2],1,M2,2003,7558
Iceland,1,M2,2008,7555
"Congo, Democratic Republic of",1,M2,1991,7541
Cote D’Ivoire,1,M2,2007,7519
Cote D’Ivoire,1,M2,2025,7519
Kuwait,1,M2,2014,7517
Cameroon,1,M2,1996,7502
Gambia,1,M2,2010,7497
Cabo Verde,1,M2,1990,7484
Iceland,1,M2,2019,7463
Nauru,1,M2,2021,7456
Barbados,1,M2,2015,7432
Yemen,1,M2,2009,7416
Bahrain,1,M2,2022,7414
Bermuda,1,M2,1990,7340
Kosovo,1,M2,2013,7271
Cambodia,1,M2,1992,7240
Gambia,1,M2,2009,7222
Saudi Arabia,1,M2,1990,7212
Heard Isl & McDonald Isl,1,M2,1994,7211
Burkina Faso,1,M2,1994,7154
New Caledonia,1,M2,2011,7150
Antigua and Barbuda,1,M2,1989,7148
Senegal,1,M2,2004,7117
"Congo, Democratic Republic of",1,M2,2021,7077
Cook Islands,1,M2,2005,7068
Eritrea,1,M2,2024,7048
Eritrea,1,M2,2023,7047
Montenegro,1,M2,2007,7010
Br Indian Ocean Territory,1,M2,1991,7007
Guinea,1,M2,2014,6982
Fiji,1,M2,2016,6940
French Polynesia,1,M2,1995,6936
British Virgin Isls.,1,M2,1997,6935
Tajikistan,1,M2,2005,6935
French West Indies,1,M2,2022,6905
French West Indies,1,M2,2005,6882
Cabo Verde,1,M2,2011,6872
Kazakhstan,1,M2,2022,6870
French Polynesia,1,M2,2024,6866
French Polynesia,1,M2,2023,6865
Gambia,1,M2,2001,6858
Grenada,1,M2,2001,6823
Yugoslavia,1,M2,2001,6823
Yugoslavia [2],1,M2,2001,6823
"Congo, Democratic Republic of",1,M2,1999,6817
Togo,1,M2,2011,6798
Grenada,1,M2,1993,6791
Burkina Faso,1,M2,1998,6779
"Congo, Democratic Republic of",1,M2,2018,6753
Aruba,1,M2,1989,6748
Suriname,1,M2,1989,6744
Sierra Leone,1,M2,2010,6743
Senegal,1,M2,2016,6720
Kuwait,1,M2,2013,6714
Montserrat,1,M2,1991,6695
Armenia,1,M2,1994,6658
Cook Islands,1,M2,2002,6628
Nauru,1,M2,1989,6622
Anguilla,1,M2,2009,6619
Togo,1,M2,2015,6594
French Polynesia,1,M2,1989,6528
Barbados,1,M2,2022,6505
Guinea,1,M2,2022,6449
Tajikistan,1,M2,2021,6437
Guinea,1,M2,2018,6378
Iceland,1,M2,2023,6364
Iceland,1,M2,2024,6364
Comoros,1,M2,2006,6308
French Polynesia,1,M2,2005,6294
French Polynesia,1,M2,1997,6289
Qatar,1,M2,2019,6260
Norfolk Island,1,M2,2012,6206
Cabo Verde,1,M2,2012,6141
Cameroon,1,M2,1989,6122
Marshall islands,1,M2,2021,6105
French Polynesia,1,M2,1999,6103
Rwanda,1,M2,2012,6103
"Congo, Democratic Republic of",1,M2,2008,6016
St Vincent/Grenadines,1,M2,2004,6012
Benin,1,M2,2003,5946
Netherlands Antilles,1,M2,1994,5932
Burkina Faso,1,M2,2006,5906
Venezuela,1,M2,2012,5887
Curacao,1,M2,2014,5875
Antigua and Barbuda,1,M2,2019,5864
Tajikistan,1,M2,1996,5853
Burkina Faso,1,M2,2021,5835
Sierra Leone,1,M2,2016,5795
Iceland,1,M2,2021,5778
Kyrgyzstan,1,M2,2022,5770
Kuwait,1,M2,2008,5759
French Polynesia,1,M2,2002,5745
St Kitts and Nevis,1,M2,2012,5732
Gambia,1,M2,2011,5717
Gambia,1,M2,2012,5652
Tanzania,1,M2,2000,5650
Mauritania,1,M2,1994,5628
Seychelles,1,M2,2024,5614
Seychelles,1,M2,2023,5614
Cote D’Ivoire,1,M2,1995,5609
Falkland Islands,1,M2,1989,5589
Sierra Leone,1,M2,2012,5581
British Virgin Isls.,1,M2,2000,5509
Mauritania,1,M2,2005,5499
Mauritania,1,M2,2003,5458
Gambia,1,M2,2003,5432
Br Indian Ocean Territory,1,M2,2019,5412
Sierra Leone,1,M2,2009,5363
Chad,1,M2,2004,5328
French Polynesia,1,M2,1998,5284
Br Indian Ocean Territory,1,M2,2008,5270
British Virgin Isls.,1,M2,2011,5255
Christmas Island,1,M2,2023,5236
Christmas Island,1,M2,2024,5236
Burkina Faso,1,M2,2009,5231
Togo,1,M2,2010,5221
Cook Islands,1,M2,2006,5210
Gambia,1,M2,1996,5207
Benin,1,M2,1994,5191
Mongolia,1,M2,2012,5187
Paraguay,1,M2,2016,5186
Cote D’Ivoire,1,M2,2023,5178
Cote D’Ivoire,1,M2,2024,5178
French Polynesia,1,M2,1996,5157
Guinea,1,M2,1999,5115
Luxembourg,1,M2,2020,5113
Br Indian Ocean Territory,1,M2,2015,5096
Burkina Faso,1,M2,2001,5087
Bahamas,1,M2,2007,5086
Luxembourg,1,M2,1996,5084
Tokelau Islands,1,M2,2013,5083
Aruba,1,M2,2016,5057
Cook Islands,1,M2,2000,5053
Suriname,1,M2,1991,5017
Sierra Leone,1,M2,2008,5012
British Virgin Isls.,1,M2,1996,4998
Qatar,1,M2,2008,4931
Niger,1,M2,1989,4926
Bahamas,1,M2,1996,4921
Somalia,1,M2,1990,4917
Suriname,1,M2,2020,4889
Gambia,1,M2,1999,4867
Namibia,1,M2,2025,4832
Trinidad and Tobago,1,M2,2013,4822
Somalia,1,M2,1998,4813
Libya,1,M2,2014,4807
French West Indies,1,M2,2006,4803
Yemen,1,M2,2016,4797
Br Indian Ocean Territory,1,M2,2006,4787
Suriname,1,M2,2005,4782
Sierra Leone,1,M2,2025,4758
French West Indies,1,M2,2010,4755
Cote D’Ivoire,1,M2,1996,4745
Bahamas,1,M2,2004,4744
Guinea-Bissau,1,M2,2023,4721
Guinea-Bissau,1,M2,2024,4721
Tokelau Islands,1,M2,2015,4714
Guinea,1,M2,1992,4687
Niger,1,M2,1994,4637
Cambodia,1,M2,1990,4620
Iceland,1,M2,2020,4578
"Korea, North",1,M2,2003,4576
Mali,1,M2,1992,4567
Cook Islands,1,M2,2018,4542
Cocos (Keeling) Islands,1,M2,2023,4528
Cocos (Keeling) Islands,1,M2,2024,4528
Trinidad and Tobago,1,M2,2018,4487
Jamaica,1,M2,2019,4462
Papua New Guinea,1,M2,2022,4460
Mali,1,M2,2022,4457
Nauru,1,M2,2019,4424
Iceland,1,M2,2018,4417
"Congo, Democratic Republic of",1,M2,1996,4368
Trinidad and Tobago,1,M2,2010,4354
Pitcairn Island,1,M2,1998,4347
Sierra Leone,1,M2,2019,4343
Somalia,1,M2,2005,4333
"Congo, Democratic Republic of",1,M2,2007,4321
Liberia,1,M2,2003,4320
Afghanistan,1,M2,2013,4302
Cook Islands,1,M2,2020,4281
British Virgin Isls.,1,M2,1989,4266
Rwanda,1,M2,2014,4234
Yemen,1,M2,1999,4206
Christmas Island,1,M2,2009,4178
Chad,1,M2,2005,4176
Gambia,1,M2,1990,4149
Guinea,1,M2,2019,4141
Tajikistan,1,M2,2019,4138
"Turks, Caicos Isls.",1,M2,2022,4127
Bahamas,1,M2,2010,4123
Anguilla,1,M2,1990,4114
Latvia,1,M2,1997,4091
Togo,1,M2,2014,4052
Montenegro,1,M2,2010,4027
Tokelau Islands,1,M2,2019,4022
Gabon,1,M2,2014,4019
Aruba,1,M2,1996,4015
Central African Rep.,1,M2,1994,4013
Seychelles,1,M2,2018,4004
Gabon,1,M2,1996,4000
Kazakhstan,1,M2,2025,4000
New Caledonia,1,M2,2007,3999
Kyrgyzstan,1,M2,2013,3976
French Polynesia,1,M2,2016,3974
Seychelles,1,M2,1995,3970
Nauru,1,M2,2014,3969
Norfolk Island,1,M2,1991,3969
Luxembourg,1,M2,2003,3956
Papua New Guinea,1,M2,2011,3944
Barbados,1,M2,2011,3940
Norfolk Island,1,M2,1993,3933
Bahamas,1,M2,2017,3897
Montserrat,1,M2,2013,3852
Grenada,1,M2,2002,3837
Namibia,1,M2,2014,3834
Somalia,1,M2,2001,3830
French West Indies,1,M2,2007,3825
Paraguay,1,M2,2001,3820
Togo,1,M2,2000,3814
French West Indies,1,M2,1997,3810
Grenada,1,M2,1999,3808
Yugoslavia,1,M2,1999,3808
Yugoslavia [2],1,M2,1999,3808
Marshall islands,1,M2,2018,3786
Montserrat,1,M2,2002,3782
Cook Islands,1,M2,1996,3758
Montserrat,1,M2,2001,3755
Yugoslavia,1,M2,2002,3750
Yugoslavia [2],1,M2,2002,3750
Kuwait,1,M2,2020,3744
Guinea,1,M2,1993,3737
Sierra Leone,1,M2,1990,3725
Br Indian Ocean Territory,1,M2,2021,3717
Montenegro,1,M2,2021,3716
Montserrat,1,M2,1999,3708
Yemen,1,M2,2018,3703
Pitcairn Island,1,M2,2019,3698
Iceland,1,M2,2014,3660
Falkland Islands,1,M2,1997,3648
Seychelles,1,M2,2022,3644
Br Indian Ocean Territory,1,M2,2018,3630
Kuwait,1,M2,2022,3617
Venezuela,1,M2,2016,3615
Eritrea,1,M2,2025,3589
Uzbekistan,1,M2,2012,3583
Bahamas,1,M2,1991,3581
Burundi,1,M2,1991,3579
Latvia,1,M2,1993,3578
Sierra Leone,1,M2,2015,3576
Togo,1,M2,2013,3575
Aruba,1,M2,2018,3568
"Congo, Democratic Republic of",1,M2,2019,3533
Sao Tome and Principe,1,M2,1999,3525
Tajikistan,1,M2,2022,3509
Namibia,1,M2,2019,3489
Ethiopia,1,M2,1999,3487
Cayman Islands,1,M2,2011,3475
Iceland,1,M2,2022,3475
Georgia,1,M2,2008,3463
Botswana,1,M2,2025,3457
Cayman Islands,1,M2,2009,3449
Liberia,1,M2,2011,3444
Guinea,1,M2,2013,3433
Oman,1,M2,2022,3378
Iceland,1,M2,1997,3367
Niue,1,M2,1998,3366
Qatar,1,M2,2023,3356
Qatar,1,M2,2024,3356
Burkina Faso,1,M2,2010,3342
British Virgin Isls.,1,M2,2014,3341
Belize,1,M2,2016,3334
Palau,1,M2,2009,3333
St Helena,1,M2,1998,3312
Eritrea,1,M2,2021,3298
Gabon,1,M2,1994,3297
Uganda,1,M2,2024,3264
Uganda,1,M2,2023,3263
Seychelles,1,M2,2005,3229
Cook Islands,1,M2,2007,3217
Kazakhstan,1,M2,2023,3212
Kazakhstan,1,M2,2024,3212
Luxembourg,1,M2,2014,3208
Yemen,1,M2,2007,3208
French Polynesia,1,M2,2010,3196
Rwanda,1,M2,1999,3184
Luxembourg,1,M2,2021,3181
Luxembourg,1,M2,2025,3169
Djibouti,1,M2,2014,3165
French Polynesia,1,M2,2015,3162
Federated States of Mic,1,M2,2021,3158
French West Indies,1,M2,2014,3156
Luxembourg,1,M2,2004,3114
Heard Isl & McDonald Isl,1,M2,1989,3080
Niue,1,M2,2001,3078
Iceland,1,M2,2009,3064
Iraq,1,M2,2021,3042
Cocos (Keeling) Islands,1,M2,2006,3041
Uganda,1,M2,1998,3040
Gambia,1,M2,2017,3015
Barbados,1,M2,2013,3003
Afghanistan,1,M2,2015,2991
Niger,1,M2,1997,2981
Kyrgyzstan,1,M2,2007,2978
Solomon Islands,1,M2,1989,2962
Kyrgyzstan,1,M2,2010,2959
Senegal,1,M2,1989,2932
Bahrain,1,M2,2023,2921
Bahrain,1,M2,2024,2921
French Polynesia,1,M2,2019,2899
Cocos (Keeling) Islands,1,M2,2015,2893
Bahamas,1,M2,1995,2889
Cambodia,1,M2,1994,2882
Greenland,1,M2,1994,2880
St Lucia,1,M2,2022,2878
Togo,1,M2,2008,2850
French West Indies,1,M2,1995,2844
Botswana,1,M2,1992,2842
Bosnia-Hercegovina,1,M2,1999,2835
Jamaica,1,M2,2010,2835
Nauru,1,M2,2024,2821
Nauru,1,M2,2023,2820
Qatar,1,M2,2016,2818
Benin,1,M2,2004,2805
Iceland,1,M2,1993,2802
Mauritania,1,M2,2023,2798
Mauritania,1,M2,2024,2798
Botswana,1,M2,2018,2797
Afghanistan,1,M2,1992,2793
Kazakhstan,1,M2,2009,2786
Dominica,1,M2,2011,2778
Nauru,1,M2,2016,2774
Togo,1,M2,2009,2767
Burundi,1,M2,2021,2761
French Polynesia,1,M2,2006,2754
Bahamas,1,M2,1992,2744
Papua New Guinea,1,M2,2000,2735
Gambia,1,M2,2014,2728
Sint Maarten,1,M2,2019,2725
Cayman Islands,1,M2,2012,2719
French Indian Ocean Areas,1,M2,1993,2711
Dominica,1,M2,2006,2708
Cook Islands,1,M2,2021,2704
"Congo, Democratic Republic of",1,M2,2023,2691
"Congo, Democratic Republic of",1,M2,2024,2691
Mayotte,1,M2,2017,2686
Suriname,1,M2,1990,2677
Heard Isl & McDonald Isl,1,M2,2017,2671
Niue,1,M2,2005,2667
Dominica,1,M2,2002,2655
Cook Islands,1,M2,2024,2653
Cook Islands,1,M2,2023,2653
Sierra Leone,1,M2,1992,2643
Montserrat,1,M2,1996,2622
Trinidad and Tobago,1,M2,2017,2620
Luxembourg,1,M2,1997,2612
Grenada,1,M2,2000,2610
Yugoslavia,1,M2,2000,2610
Yugoslavia [2],1,M2,2000,2610
Mauritania,1,M2,2021,2607
Anguilla,1,M2,2016,2598
Iraq,1,M2,2009,2586
French Polynesia,1,M2,2000,2577
Yemen,1,M2,2017,2569
Mauritania,1,M2,2019,2566
Qatar,1,M2,2018,2560
Jamaica,1,M2,2015,2543
Afghanistan,1,M2,1993,2542
Cook Islands,1,M2,2004,2534
Tokelau Islands,1,M2,2017,2533
Sudan,1,M2,1997,2504
Yemen,1,M2,2011,2490
Sint Maarten,1,M2,2016,2480
Falkland Islands,1,M2,1990,2474
Mozambique,1,M2,2010,2458
Somalia,1,M2,2007,2451
Tonga,1,M2,2024,2433
Tonga,1,M2,2023,2433
Burundi,1,M2,1995,2431
Montserrat,1,M2,2000,2412
St Kitts and Nevis,1,M2,2013,2408
Seychelles,1,M2,2021,2405
Jamaica,1,M2,2014,2385
Somalia,1,M2,1999,2384
Albania,1,M2,2003,2380
Bahamas,1,M2,1998,2375
Western Samoa,1,M2,2019,2364
French Polynesia,1,M2,2008,2356
Liberia,1,M2,2022,2350
Suriname,1,M2,2022,2349
Gabon,1,M2,1991,2346
Sint Maarten,1,M2,2022,2341
Niger,1,M2,2000,2339
Cook Islands,1,M2,2016,2325
Aruba,1,M2,1991,2322
Dominica,1,M2,2025,2322
Jamaica,1,M2,2021,2318
Burkina Faso,1,M2,2025,2308
Antigua and Barbuda,1,M2,1991,2300
Sierra Leone,1,M2,2020,2298
Curacao,1,M2,2012,2296
Niger,1,M2,2004,2296
Papua New Guinea,1,M2,2005,2292
Eritrea,1,M2,2006,2288
British Virgin Isls.,1,M2,2009,2286
Burkina Faso,1,M2,1992,2286
Togo,1,M2,2002,2284
French Guiana,1,M2,2004,2262
Bahrain,1,M2,2017,2258
Azerbaijan,1,M2,2011,2228
Mauritania,1,M2,2022,2207
Curacao,1,M2,2025,2200
Solomon Islands,1,M2,2019,2198
Western Samoa,1,M2,2021,2198
Liberia,1,M2,2007,2191
Laos,1,M2,1990,2178
Luxembourg,1,M2,2023,2155
Luxembourg,1,M2,2024,2155
British Virgin Isls.,1,M2,1993,2153
Tokelau Islands,1,M2,1993,2152
Bermuda,1,M2,2019,2141
Cote D’Ivoire,1,M2,2014,2116
Bahamas,1,M2,1990,2111
Belize,1,M2,2015,2111
Cocos (Keeling) Islands,1,M2,2022,2110
French Polynesia,1,M2,2004,2103
Liberia,1,M2,2002,2101
Br Indian Ocean Territory,1,M2,1998,2100
Jamaica,1,M2,2017,2092
Trinidad and Tobago,1,M2,2012,2088
Cameroon,1,M2,2001,2085
Cook Islands,1,M2,2022,2081
French Polynesia,1,M2,1990,2075
Antigua and Barbuda,1,M2,2008,2070
Papua New Guinea,1,M2,1997,2070
Bahrain,1,M2,2025,2066
Burkina Faso,1,M2,1996,2058
Br Indian Ocean Territory,1,M2,2005,2053
Bahamas,1,M2,2014,2045
Benin,1,M2,2005,2034
Cayman Islands,1,M2,2008,2032
French Polynesia,1,M2,2020,2030
Iraq,1,M2,2015,2030
Cocos (Keeling) Islands,1,M2,2016,2027
Afghanistan,1,M2,2014,2009
Mauritania,1,M2,2010,2007
French Polynesia,1,M2,1991,1998
Grenada,1,M2,2015,1989
Christmas Island,1,M2,2018,1985
Kyrgyzstan,1,M2,2012,1982
Benin,1,M2,1993,1976
Maldive Islands,1,M2,2025,1973
Mauritania,1,M2,2002,1965
Bermuda,1,M2,2025,1960
Nauru,1,M2,2018,1948
Kiribati (Gilbert Isl),1,M2,2017,1943
Somalia,1,M2,2004,1940
Burundi,1,M2,2022,1921
Sierra Leone,1,M2,2013,1919
Aruba,1,M2,2015,1915
Afghanistan,1,M2,2011,1914
Namibia,1,M2,2021,1907
Sint Maarten,1,M2,2018,1906
Federated States of Mic,1,M2,2011,1903
Bosnia-Hercegovina,1,M2,1998,1902
British Virgin Isls.,1,M2,1995,1900
Barbados,1,M2,2009,1896
Zambia,1,M2,1993,1895
Iraq,1,M2,2022,1890
St Kitts and Nevis,1,M2,2018,1881
Cook Islands,1,M2,2015,1879
"Congo, Democratic Republic of",1,M2,2004,1875
Comoros,1,M2,1996,1863
Yemen,1,M2,2005,1858
Barbados,1,M2,2020,1850
Bahamas,1,M2,2006,1849
Burundi,1,M2,2016,1849
British Virgin Isls.,1,M2,2005,1846
Cayman Islands,1,M2,2004,1845
Cook Islands,1,M2,2013,1838
Tajikistan,1,M2,2020,1833
Benin,1,M2,2017,1821
Gambia,1,M2,1989,1817
Afghanistan,1,M2,2007,1801
Br Indian Ocean Territory,1,M2,2003,1800
Mali,1,M2,1989,1797
Jamaica,1,M2,2016,1789
Burundi,1,M2,2006,1785
Luxembourg,1,M2,1999,1770
Afghanistan,1,M2,2008,1767
Cyprus,1,M2,2021,1766
Antigua and Barbuda,1,M2,1994,1764
French Indian Ocean Areas,1,M2,2005,1757
"Congo, Democratic Republic of",1,M2,2025,1749
Azerbaijan,1,M2,2021,1747
French Indian Ocean Areas,1,M2,1991,1747
Cabo Verde,1,M2,2009,1743
Gambia,1,M2,2015,1743
Montserrat,1,M2,2020,1741
Iraq,1,M2,1990,1740
"Congo, Democratic Republic of",1,M2,2011,1728
Tajikistan,1,M2,2012,1728
Niger,1,M2,2009,1722
Tonga,1,M2,1989,1711
Federated States of Mic,1,M2,2022,1708
Gabon,1,M2,2006,1697
Bermuda,1,M2,2005,1686
Liberia,1,M2,2014,1686
Niger,1,M2,2007,1680
Solomon Islands,1,M2,2020,1673
French Polynesia,1,M2,1992,1629
French Polynesia,1,M2,2018,1611
Oman,1,M2,2025,1610
Tokelau Islands,1,M2,2021,1608
Iceland,1,M2,2012,1594
Tuvalu,1,M2,1993,1594
French Guiana,1,M2,2007,1589
Algeria,1,M2,2006,1588
St Helena,1,M2,2005,1584
Kiribati (Gilbert Isl),1,M2,1992,1577
Western Samoa,1,M2,2012,1573
Niger,1,M2,2008,1566
Kazakhstan,1,M2,2008,1556
St Helena,1,M2,2011,1550
Suriname,1,M2,1992,1548
Burkina Faso,1,M2,2011,1545
Liberia,1,M2,2021,1535
New Caledonia,1,M2,2018,1520
Jamaica,1,M2,2020,1515
Afghanistan,1,M2,2010,1510
Bahamas,1,M2,2022,1507
Trinidad and Tobago,1,M2,2019,1504
French Polynesia,1,M2,2007,1498
Cyprus,1,M2,2022,1494
Federated States of Mic,1,M2,2017,1485
Algeria,1,M2,2025,1483
Burkina Faso,1,M2,2005,1475
Somalia,1,M2,2008,1474
Namibia,1,M2,2011,1458
Papua New Guinea,1,M2,2025,1457
Yemen,1,M2,2015,1441
Senegal,1,M2,1990,1438
Namibia,1,M2,2020,1426
St Pierre / Miquelon,1,M2,1993,1417
Iraq,1,M2,2024,1414
Iraq,1,M2,2023,1414
Bahamas,1,M2,2001,1405
Br Indian Ocean Territory,1,M2,1995,1405
Kyrgyzstan,1,M2,2008,1392
Western Samoa,1,M2,2020,1387
Iceland,1,M2,2016,1386
Montenegro,1,M2,2009,1385
Niger,1,M2,1991,1384
Sint Maarten,1,M2,2017,1382
British Virgin Isls.,1,M2,2007,1368
Zambia,1,M2,2022,1366
Cambodia,1,M2,1989,1364
Cayman Islands,1,M2,2002,1359
Afghanistan,1,M2,1997,1356
St Kitts and Nevis,1,M2,2005,1352
Namibia,1,M2,2023,1347
Bahamas,1,M2,2025,1347
Namibia,1,M2,2024,1347
Turkmenistan,1,M2,2019,1342
Tajikistan,1,M2,2007,1341
Qatar,1,M2,2022,1330
Ethiopia,1,M2,2000,1308
Algeria,1,M2,1991,1307
Antigua and Barbuda,1,M2,2020,1303
Djibouti,1,M2,2021,1296
Nauru,1,M2,2015,1290
Antigua and Barbuda,1,M2,1993,1282
Cook Islands,1,M2,1993,1279
"Congo, Democratic Republic of",1,M2,2005,1275
Armenia,1,M2,1995,1273
Western Samoa,1,M2,2025,1267
Gabon,1,M2,1995,1267
"Congo, Republic of",1,M2,2022,1266
French West Indies,1,M2,2011,1256
French Polynesia,1,M2,2001,1255
Marshall islands,1,M2,1999,1252
Niger,1,M2,1990,1250
Bahamas,1,M2,2003,1249
Niger,1,M2,2020,1248
"Congo, Democratic Republic of",1,M2,1990,1246
Afghanistan,1,M2,2009,1237
British Virgin Isls.,1,M2,2013,1235
St Kitts and Nevis,1,M2,2015,1229
Suriname,1,M2,2017,1220
Tanzania,1,M2,2001,1208
Luxembourg,1,M2,2017,1184
Rwanda,1,M2,2008,1182
Iceland,1,M2,2013,1177
Afghanistan,1,M2,2005,1175
Papua New Guinea,1,M2,2014,1175
Bahamas,1,M2,2015,1162
Guinea,1,M2,1997,1149
Afghanistan,1,M2,2000,1146
Uzbekistan,1,M2,2011,1141
Mauritania,1,M2,2016,1138
British Virgin Isls.,1,M2,2008,1135
Liberia,1,M2,2018,1130
Luxembourg,1,M2,1990,1128
Togo,1,M2,2004,1127
Iraq,1,M2,2010,1124
Yemen,1,M2,2003,1112
Qatar,1,M2,2015,1107
Cook Islands,1,M2,2001,1103
Bahamas,1,M2,2012,1099
Western Samoa,1,M2,2004,1099
Bhutan,1,M2,2015,1089
Oman,1,M2,2021,1089
Suriname,1,M2,2016,1089
French Polynesia,1,M2,2011,1086
Luxembourg,1,M2,2022,1085
Comoros,1,M2,2010,1073
"Congo, Democratic Republic of",1,M2,2001,1071
Kazakhstan,1,M2,2010,1067
Nauru,1,M2,2025,1065
Togo,1,M2,1989,1063
Gambia,1,M2,2025,1054
Burkina Faso,1,M2,1989,1051
Federated States of Mic,1,M2,2012,1045
Bermuda,1,M2,2007,1043
Kazakhstan,1,M2,2021,1039
Liberia,1,M2,2025,1037
Liberia,1,M2,2017,1030
Bermuda,1,M2,2012,1029
Nauru,1,M2,1992,1029
Algeria,1,M2,2004,1025
Burkina Faso,1,M2,2007,1020
"Congo, Democratic Republic of",1,M2,1993,1020
British Virgin Isls.,1,M2,2004,1008
Cayman Islands,1,M2,2007,1006
Montserrat,1,M2,2005,1005
Papua New Guinea,1,M2,1993,998
"Turks, Caicos Isls.",1,M2,2016,994
Iran,1,M2,2001,986
St Lucia,1,M2,2010,982
Sao Tome and Principe,1,M2,1991,979
French Polynesia,1,M2,2003,971
Burkina Faso,1,M2,2015,961
Eritrea,1,M2,2005,960
"Congo, Democratic Republic of",1,M2,2000,959
Angola,1,M2,2021,958
French West Indies,1,M2,2013,956
Benin,1,M2,2001,948
"Congo, Democratic Republic of",1,M2,2009,948
St Kitts and Nevis,1,M2,2014,947
Falkland Islands,1,M2,1996,945
Dominica,1,M2,2014,942
Gabon,1,M2,2007,942
Nauru,1,M2,2017,942
Liberia,1,M2,2019,941
Western Samoa,1,M2,2023,938
Western Samoa,1,M2,2024,938
Bhutan,1,M2,2019,935
Kazakhstan,1,M2,2013,930
Gambia,1,M2,2013,929
French Polynesia,1,M2,2013,926
Sierra Leone,1,M2,2024,923
Sierra Leone,1,M2,2023,923
Western Samoa,1,M2,2010,922
Bahrain,1,M2,2021,916
Niger,1,M2,2001,916
Liberia,1,M2,1989,912
Somalia,1,M2,2017,910
St Vincent/Grenadines,1,M2,2015,910
Cote D’Ivoire,1,M2,2018,907
Federated States of Mic,1,M2,2014,907
Luxembourg,1,M2,1998,907
French Polynesia,1,M2,1993,904
Bermuda,1,M2,2021,903
Sao Tome and Principe,1,M2,2019,901
Cyprus,1,M2,2023,895
Papua New Guinea,1,M2,2021,895
Cyprus,1,M2,2024,895
Maldive Islands,1,M2,2023,894
Maldive Islands,1,M2,2024,894
Burkina Faso,1,M2,2003,891
Bahamas,1,M2,2024,887
Bahamas,1,M2,2023,887
Antigua and Barbuda,1,M2,2015,880
Uganda,1,M2,2001,872
Trinidad and Tobago,1,M2,2025,872
Federated States of Mic,1,M2,2010,867
Cook Islands,1,M2,1998,865
Antigua and Barbuda,1,M2,1990,864
Luxembourg,1,M2,2019,861
French Polynesia,1,M2,2025,858
Trinidad and Tobago,1,M2,2015,857
Cayman Islands,1,M2,2018,855
Burkina Faso,1,M2,2012,850
"Congo, Democratic Republic of",1,M2,1994,850
Tajikistan,1,M2,2014,850
Liberia,1,M2,1990,845
Tuvalu,1,M2,2022,842
Liberia,1,M2,2015,837
Tajikistan,1,M2,2016,835
Rwanda,1,M2,2004,832
Afghanistan,1,M2,1999,828
Trinidad and Tobago,1,M2,2016,826
Mozambique,1,M2,2013,825
Mauritania,1,M2,2007,823
Curacao,1,M2,2018,816
French West Indies,1,M2,2017,816
Benin,1,M2,1998,814
Mauritania,1,M2,2004,812
Togo,1,M2,1990,807
"Congo, Democratic Republic of",1,M2,2006,805
Benin,1,M2,1996,803
Gabon,1,M2,1989,803
Bermuda,1,M2,1989,798
Burkina Faso,1,M2,1990,798
Cook Islands,1,M2,2019,796
Greenland,1,M2,2014,796
French Guiana,1,M2,1992,794
Iran,1,M2,1991,793
Cabo Verde,1,M2,2008,791
"Turks, Caicos Isls.",1,M2,2015,791
Burundi,1,M2,2000,786
French Polynesia,1,M2,2017,782
Kazakhstan,1,M2,1992,781
Suriname,1,M2,2018,780
Aruba,1,M2,2017,779
French Indian Ocean Areas,1,M2,2007,777
Benin,1,M2,1992,773
Bahamas,1,M2,1999,770
Bahrain,1,M2,2020,770
Solomon Islands,1,M2,2014,770
Niue,1,M2,2000,768
Montserrat,1,M2,2018,767
Niue,1,M2,1993,764
"Congo, Democratic Republic of",1,M2,1989,758
Liberia,1,M2,1996,758
French West Indies,1,M2,2009,750
Afghanistan,1,M2,1995,743
Comoros,1,M2,2012,742
Western Samoa,1,M2,2011,738
Namibia,1,M2,1990,735
Central African Rep.,1,M2,2005,734
Cook Islands,1,M2,1992,730
Luxembourg,1,M2,2012,730
Niger,1,M2,2016,730
Cook Islands,1,M2,2012,729
Liberia,1,M2,2009,725
Luxembourg,1,M2,2005,719
Chad,1,M2,2006,710
Federated States of Mic,1,M2,2020,708
French Polynesia,1,M2,2012,707
Benin,1,M2,1995,703
Cayman Islands,1,M2,1996,703
Luxembourg,1,M2,2000,703
St Vincent/Grenadines,1,M2,2002,703
Kosovo,1,M2,2020,698
Algeria,1,M2,1996,691
Liberia,1,M2,2016,691
Togo,1,M2,2001,685
Liberia,1,M2,2000,682
Anguilla,1,M2,2021,679
Tonga,1,M2,2016,671
Cayman Islands,1,M2,2001,666
Zambia,1,M2,2023,663
Zambia,1,M2,2024,663
French Indian Ocean Areas,1,M2,2022,662
Cameroon,1,M2,1991,658
Rwanda,1,M2,2009,657
Dominica,1,M2,2016,650
French West Indies,1,M2,1994,650
Kuwait,1,M2,2021,650
French West Indies,1,M2,2025,649
Niger,1,M2,2015,640
French Indian Ocean Areas,1,M2,2004,639
Angola,1,M2,2020,638
"Congo, Republic of",1,M2,1993,638
French Polynesia,1,M2,1994,638
Papua New Guinea,1,M2,2004,637
Burundi,1,M2,1994,631
Solomon Islands,1,M2,2000,627
New Caledonia,1,M2,2017,620
French West Indies,1,M2,2024,617
Cayman Islands,1,M2,2015,617
French West Indies,1,M2,2023,617
Sierra Leone,1,M2,1997,617
Trinidad and Tobago,1,M2,2014,614
Liberia,1,M2,2020,613
New Caledonia,1,M2,2012,612
Burkina Faso,1,M2,2020,611
Nauru,1,M2,2007,611
Tajikistan,1,M2,2015,611
East Timor,1,M2,2024,606
East Timor,1,M2,2023,606
Liberia,1,M2,1999,606
Marshall islands,1,M2,2006,606
Mayotte,1,M2,2022,605
Albania,1,M2,2000,602
Bermuda,1,M2,1995,598
Gibraltar,1,M2,1992,596
Br Indian Ocean Territory,1,M2,1994,594
Nauru,1,M2,2005,592
Algeria,1,M2,1995,589
Cyprus,1,M2,2020,588
Liberia,1,M2,2013,587
St Helena,1,M2,2004,583
Gambia,1,M2,2021,580
Luxembourg,1,M2,1994,580
Sint Maarten,1,M2,2014,574
Aruba,1,M2,2006,569
Western Samoa,1,M2,2009,567
Niger,1,M2,2005,565
Afghanistan,1,M2,2006,564
Central African Rep.,1,M2,2015,562
Anguilla,1,M2,2013,561
Bahamas,1,M2,2009,561
Federated States of Mic,1,M2,2015,559
Niger,1,M2,2019,559
"Congo, Democratic Republic of",1,M2,1997,553
Gibraltar,1,M2,1999,552
Qatar,1,M2,2020,552
Barbados,1,M2,2019,535
Niger,1,M2,2002,530
Niger,1,M2,2021,529
Liberia,1,M2,1997,524
Vanuatu,1,M2,2021,524
Iraq,1,M2,2025,523
Papua New Guinea,1,M2,2023,523
Papua New Guinea,1,M2,2024,523
Suriname,1,M2,2019,522
Bahamas,1,M2,2008,521
Bhutan,1,M2,1993,521
St Kitts and Nevis,1,M2,2004,521
Trinidad and Tobago,1,M2,2024,519
"Congo, Republic of",1,M2,2016,519
Trinidad and Tobago,1,M2,2023,519
Tonga,1,M2,2003,514
Western Samoa,1,M2,2022,511
Suriname,1,M2,2008,507
Burkina Faso,1,M2,1995,506
Suriname,1,M2,2004,506
French West Indies,1,M2,1998,503
Gabon,1,M2,2000,503
Mauritania,1,M2,2015,500
Niger,1,M2,2017,499
Liberia,1,M2,2008,496
Azerbaijan,1,M2,2024,493
Azerbaijan,1,M2,2023,492
Montserrat,1,M2,1994,492
Tonga,1,M2,2021,492
Luxembourg,1,M2,2006,491
French West Indies,1,M2,2016,489
Kuwait,1,M2,2019,487
Suriname,1,M2,2010,485
Iran,1,M2,2020,484
Niger,1,M2,2012,484
French West Indies,1,M2,2008,483
Eritrea,1,M2,2015,482
Mauritania,1,M2,2018,482
Qatar,1,M2,2012,481
Luxembourg,1,M2,2015,479
Eswatini (formerly Swaziland),1,M2,2019,478
Guinea-Bissau,1,M2,1989,476
Algeria,1,M2,2007,467
Grenada,1,M2,2023,465
Grenada,1,M2,2024,465
Suriname,1,M2,2012,461
Bermuda,1,M2,2011,459
Tonga,1,M2,2020,459
Cyprus,1,M2,2025,458
Niger,1,M2,2018,458
Jamaica,1,M2,2025,455
Luxembourg,1,M2,2007,454
Zambia,1,M2,2021,454
Cook Islands,1,M2,2009,452
Montenegro,1,M2,2025,450
Uzbekistan,1,M2,2016,448
British Virgin Isls.,1,M2,2001,447
Dominica,1,M2,1998,444
Central African Rep.,1,M2,1990,439
Iraq,1,M2,2011,438
Burundi,1,M2,1996,432
French Indian Ocean Areas,1,M2,2006,432
Kosovo,1,M2,2012,432
Aruba,1,M2,2021,430
Kyrgyzstan,1,M2,1996,430
Kazakhstan,1,M2,2019,429
Guinea,1,M2,1991,428
Niger,1,M2,2025,428
French West Indies,1,M2,2015,425
Tonga,1,M2,1991,425
Belize,1,M2,2022,420
Luxembourg,1,M2,2016,420
Solomon Islands,1,M2,2004,420
Tajikistan,1,M2,2000,420
Namibia,1,M2,2010,419
Somalia,1,M2,2018,419
Suriname,1,M2,2025,418
Djibouti,1,M2,2011,417
Gambia,1,M2,2020,417
French Polynesia,1,M2,2021,412
Anguilla,1,M2,1998,409
Montserrat,1,M2,1997,409
Wallis and Futuna,1,M2,2019,405
Mauritania,1,M2,2001,400
Tonga,1,M2,2005,395
Nauru,1,M2,2010,394
Federated States of Mic,1,M2,2013,393
Chad,1,M2,2024,391
Chad,1,M2,2023,391
Belize,1,M2,2012,390
Bermuda,1,M2,2013,390
French Indian Ocean Areas,1,M2,2021,390
Mauritania,1,M2,2014,389
Afghanistan,1,M2,1996,387
Trinidad and Tobago,1,M2,2021,387
Bermuda,1,M2,1991,384
St Vincent/Grenadines,1,M2,2025,383
Antigua and Barbuda,1,M2,1997,381
Liberia,1,M2,2001,379
French West Indies,1,M2,2012,375
St Helena,1,M2,2003,373
Curacao,1,M2,2020,371
French West Indies,1,M2,2019,369
Belize,1,M2,2018,366
Jamaica,1,M2,2023,366
Jamaica,1,M2,2024,366
St Kitts and Nevis,1,M2,2020,363
Central African Rep.,1,M2,2006,360
Montenegro,1,M2,2017,359
Br Indian Ocean Territory,1,M2,2017,358
Rwanda,1,M2,1991,358
Azerbaijan,1,M2,2025,355
Benin,1,M2,2011,354
Suriname,1,M2,2011,352
Anguilla,1,M2,1997,347
Tajikistan,1,M2,2009,346
French Polynesia,1,M2,2009,344
Mauritania,1,M2,2009,343
Central African Rep.,1,M2,1993,341
Solomon Islands,1,M2,2018,341
Cook Islands,1,M2,1999,340
Chad,1,M2,2025,333
Anguilla,1,M2,2003,333
French Indian Ocean Areas,1,M2,2009,332
British Virgin Isls.,1,M2,2019,331
Maldive Islands,1,M2,2008,326
St Kitts and Nevis,1,M2,2024,325
St Kitts and Nevis,1,M2,2023,325
Marshall islands,1,M2,2023,324
Marshall islands,1,M2,2024,324
Benin,1,M2,1991,322
Cocos (Keeling) Islands,1,M2,1999,322
Tonga,1,M2,2010,322
Bermuda,1,M2,1993,320
Gabon,1,M2,2015,317
Mozambique,1,M2,2019,317
Antigua and Barbuda,1,M2,2001,315
"Turks, Caicos Isls.",1,M2,2000,314
Comoros,1,M2,2005,313
New Caledonia,1,M2,2023,311
New Caledonia,1,M2,2024,311
Bermuda,1,M2,2020,310
Uganda,1,M2,1991,308
Rwanda,1,M2,2006,307
Zambia,1,M2,2017,307
Gabon,1,M2,2021,306
"Turks, Caicos Isls.",1,M2,2007,305
Aruba,1,M2,2001,303
Papua New Guinea,1,M2,2010,303
Br Indian Ocean Territory,1,M2,1992,302
Benin,1,M2,2006,300
Luxembourg,1,M2,2013,300
Algeria,1,M2,1998,299
Niger,1,M2,1993,299
"Congo, Democratic Republic of",1,M2,1995,298
St Vincent/Grenadines,1,M2,2010,298
Luxembourg,1,M2,2011,297
Mauritania,1,M2,2008,297
Federated States of Mic,1,M2,2007,296
Mauritania,1,M2,1999,296
St Lucia,1,M2,2017,295
Cayman Islands,1,M2,2014,291
Guyana,1,M2,2023,291
Guyana,1,M2,2024,291
French West Indies,1,M2,2002,290
Aruba,1,M2,2020,289
Kazakhstan,1,M2,2011,288
Yemen,1,M2,2004,288
Western Samoa,1,M2,2008,284
Dominica,1,M2,2001,283
Bosnia-Hercegovina,1,M2,1993,282
Montenegro,1,M2,2018,282
Guinea-Bissau,1,M2,2008,281
Iraq,1,M2,2007,281
Bermuda,1,M2,1992,280
Br Indian Ocean Territory,1,M2,1999,280
Cayman Islands,1,M2,2025,279
Luxembourg,1,M2,2009,275
Kazakhstan,1,M2,2014,271
Chad,1,M2,1995,270
Mauritania,1,M2,2012,270
Tajikistan,1,M2,2024,268
Bermuda,1,M2,2010,268
Tajikistan,1,M2,2023,268
Anguilla,1,M2,1991,265
Guinea,1,M2,1990,265
Mauritania,1,M2,2006,265
Turkmenistan,1,M2,2020,265
Kazakhstan,1,M2,2012,264
Nauru,1,M2,1999,263
Palau,1,M2,2016,263
Montserrat,1,M2,1998,261
Sao Tome and Principe,1,M2,2010,261
Sudan,1,M2,2000,261
Uzbekistan,1,M2,2013,256
Montenegro,1,M2,2015,251
Antigua and Barbuda,1,M2,2002,250
French Indian Ocean Areas,1,M2,2019,249
Bahamas,1,M2,2000,248
St Kitts and Nevis,1,M2,2025,248
Tonga,1,M2,2018,247
Montenegro,1,M2,2019,243
Niue,1,M2,2019,242
Antigua and Barbuda,1,M2,2023,241
Antigua and Barbuda,1,M2,2024,241
French Indian Ocean Areas,1,M2,2025,240
Jamaica,1,M2,2022,239
Maldive Islands,1,M2,2022,239
French West Indies,1,M2,1999,238
Wallis and Futuna,1,M2,2017,238
Qatar,1,M2,2021,237
Belize,1,M2,2021,231
Sint Maarten,1,M2,2015,229
Iran,1,M2,2025,227
Cabo Verde,1,M2,1999,227
East Timor,1,M2,2014,227
Turkmenistan,1,M2,2022,227
Iran,1,M2,2018,226
Federated States of Mic,1,M2,2024,224
Federated States of Mic,1,M2,2023,224
Comoros,1,M2,1995,221
"Turks, Caicos Isls.",1,M2,2003,221
Guyana,1,M2,2025,221
Tonga,1,M2,2006,219
Gabon,1,M2,2025,217
Bermuda,1,M2,2022,216
Niger,1,M2,2013,214
Rwanda,1,M2,2010,213
Sao Tome and Principe,1,M2,1989,213
Zambia,1,M2,2008,210
New Caledonia,1,M2,2014,209
Tonga,1,M2,2015,209
Sierra Leone,1,M2,1996,208
St Helena,1,M2,2016,208
Algeria,1,M2,2012,207
Libya,1,M2,2025,207
Mayotte,1,M2,2016,203
Christmas Island,1,M2,2003,202
Mayotte,1,M2,2007,202
Bhutan,1,M2,2020,200
French West Indies,1,M2,2018,200
Zambia,1,M2,2006,196
"Congo, Democratic Republic of",1,M2,2022,194
Iran,1,M2,1989,194
Pitcairn Island,1,M2,2005,194
Seychelles,1,M2,2009,194
Bhutan,1,M2,2008,193
Montenegro,1,M2,2014,192
Bermuda,1,M2,2009,190
Marshall islands,1,M2,2011,190
Cabo Verde,1,M2,1998,189
"Congo, Republic of",1,M2,2021,189
Nauru,1,M2,2011,189
Uzbekistan,1,M2,2015,189
Zambia,1,M2,2020,188
Angola,1,M2,2024,187
Angola,1,M2,2023,187
Bermuda,1,M2,2016,187
Afghanistan,1,M2,2003,186
"Congo, Democratic Republic of",1,M2,2012,183
Tonga,1,M2,2022,183
Bermuda,1,M2,2015,182
Mauritania,1,M2,1997,181
Gabon,1,M2,2022,180
New Caledonia,1,M2,2021,180
Sierra Leone,1,M2,1989,180
Bermuda,1,M2,2006,179
Zambia,1,M2,2007,179
Cayman Islands,1,M2,2019,175
Iraq,1,M2,2004,175
Marshall islands,1,M2,2017,174
Oman,1,M2,2020,172
Gibraltar,1,M2,1996,169
Antigua and Barbuda,1,M2,2000,168
French West Indies,1,M2,2001,168
Papua New Guinea,1,M2,2018,168
Rwanda,1,M2,2013,168
Netherlands Antilles,1,M2,1993,167
Yugoslavia,1,M2,1993,167
Yugoslavia [2],1,M2,1993,167
Kiribati (Gilbert Isl),1,M2,2004,166
Somalia,1,M2,2002,166
Gibraltar,1,M2,2000,164
Gibraltar,1,M2,2014,163
Niger,1,M2,1995,162
Zambia,1,M2,2005,162
Benin,1,M2,2010,161
Bermuda,1,M2,2008,161
"Korea, North",1,M2,1991,161
St Vincent/Grenadines,1,M2,2009,161
Togo,1,M2,1992,161
Cayman Islands,1,M2,1990,159
Papua New Guinea,1,M2,2019,159
Federated States of Mic,1,M2,2025,158
Libya,1,M2,2009,158
Solomon Islands,1,M2,2015,158
Bermuda,1,M2,2004,157
Burkina Faso,1,M2,2008,157
Suriname,1,M2,2015,157
Qatar,1,M2,2013,156
Angola,1,M2,1993,155
French Indian Ocean Areas,1,M2,2018,155
Niger,1,M2,2010,154
French Indian Ocean Areas,1,M2,2011,153
Gambia,1,M2,2023,152
Nauru,1,M2,2006,152
Seychelles,1,M2,2013,152
Zambia,1,M2,1989,152
Gambia,1,M2,2024,152
Seychelles,1,M2,1997,151
Curacao,1,M2,2011,150
Gibraltar,1,M2,2008,145
Barbados,1,M2,2021,144
Federated States of Mic,1,M2,2019,144
Oman,1,M2,2024,144
Oman,1,M2,2023,143
Seychelles,1,M2,2004,142
Uzbekistan,1,M2,2014,142
Montserrat,1,M2,2010,141
"Congo, Republic of",1,M2,2015,140
French West Indies,1,M2,2020,140
Niger,1,M2,2022,140
St Lucia,1,M2,2011,140
Gabon,1,M2,2024,139
Br Indian Ocean Territory,1,M2,1996,138
Gabon,1,M2,2023,138
St Kitts and Nevis,1,M2,2010,138
Zambia,1,M2,2012,138
Algeria,1,M2,2023,137
British Virgin Isls.,1,M2,2020,137
Algeria,1,M2,2024,137
Eritrea,1,M2,1999,136
Zambia,1,M2,2018,136
Curacao,1,M2,2013,135
Gibraltar,1,M2,1990,134
Montserrat,1,M2,2022,134
Suriname,1,M2,2013,134
Bhutan,1,M2,2014,132
Dominica,1,M2,2017,132
Montenegro,1,M2,2013,132
Western Samoa,1,M2,1993,132
Sao Tome and Principe,1,M2,2017,131
Tonga,1,M2,2008,131
Zambia,1,M2,2016,128
Djibouti,1,M2,2018,125
Rwanda,1,M2,2007,125
Uganda,1,M2,1989,124
Zambia,1,M2,2025,123
Grenada,1,M2,2020,123
Solomon Islands,1,M2,2006,123
Iran,1,M2,2004,121
Sao Tome and Principe,1,M2,2012,121
St Vincent/Grenadines,1,M2,2003,121
"Congo, Republic of",1,M2,2004,120
"Turks, Caicos Isls.",1,M2,2011,120
French West Indies,1,M2,1996,119
Luxembourg,1,M2,2008,119
Georgia,1,M2,1998,117
Bhutan,1,M2,2025,117
Turkmenistan,1,M2,2025,116
Grenada,1,M2,2016,115
Niger,1,M2,2011,115
Tuvalu,1,M2,2017,115
Aruba,1,M2,2012,114
Belize,1,M2,2010,114
Christmas Island,1,M2,2012,114
Kosovo,1,M2,2019,114
Sierra Leone,1,M2,1991,114
Sint Maarten,1,M2,2023,114
Yemen,1,M2,2002,114
Sint Maarten,1,M2,2024,114
Uzbekistan,1,M2,2010,112
Montenegro,1,M2,2020,111
Maldive Islands,1,M2,2017,110
Benin,1,M2,2000,109
Kiribati (Gilbert Isl),1,M2,2016,109
Suriname,1,M2,2014,109
St Helena,1,M2,2007,106
Comoros,1,M2,2014,104
Gibraltar,1,M2,1989,104
Marshall islands,1,M2,2008,104
Papua New Guinea,1,M2,2009,104
Aruba,1,M2,1994,102
Somalia,1,M2,2006,102
"Turks, Caicos Isls.",1,M2,2019,102
Aruba,1,M2,2004,101
Cocos (Keeling) Islands,1,M2,1990,101
"Congo, Republic of",1,M2,2009,101
Curacao,1,M2,2015,101
French Indian Ocean Areas,1,M2,2020,101
French West Indies,1,M2,2004,101
St Kitts and Nevis,1,M2,2017,101
Cayman Islands,1,M2,2013,100
Iran,1,M2,2000,100
New Caledonia,1,M2,2022,100
Aruba,1,M2,2014,99
Liberia,1,M2,2004,99
Trinidad and Tobago,1,M2,2020,99
Bhutan,1,M2,2010,98
Angola,1,M2,2014,97
French Indian Ocean Areas,1,M2,2015,97
French West Indies,1,M2,2021,97
Iran,1,M2,2017,97
Wallis and Futuna,1,M2,2021,97
Angola,1,M2,2003,95
Bhutan,1,M2,2005,95
Zambia,1,M2,2011,94
Rwanda,1,M2,2005,93
Guinea-Bissau,1,M2,2022,91
Mozambique,1,M2,2023,91
Niger,1,M2,1998,91
Mozambique,1,M2,2024,91
Christmas Island,1,M2,2000,90
"Congo, Republic of",1,M2,2018,90
Somalia,1,M2,1993,90
Western Samoa,1,M2,2013,90
Zambia,1,M2,1991,90
Curacao,1,M2,2021,89
Kosovo,1,M2,2014,89
St Vincent/Grenadines,1,M2,2022,89
Bhutan,1,M2,2011,88
Nauru,1,M2,2013,88
Papua New Guinea,1,M2,2002,88
Turkmenistan,1,M2,2021,88
Somalia,1,M2,2019,87
Tokelau Islands,1,M2,2020,87
Mauritania,1,M2,2013,86
Sint Maarten,1,M2,2013,86
Cayman Islands,1,M2,2016,85
Chad,1,M2,2020,85
French Indian Ocean Areas,1,M2,2012,85
French Indian Ocean Areas,1,M2,2023,85
French Indian Ocean Areas,1,M2,2024,85
French Polynesia,1,M2,2014,85
"Turks, Caicos Isls.",1,M2,1996,85
Sint Maarten,1,M2,2025,85
Bhutan,1,M2,2003,83
Liberia,1,M2,2010,83
Papua New Guinea,1,M2,2007,83
Tonga,1,M2,2011,83
Cayman Islands,1,M2,2024,80
Cayman Islands,1,M2,2023,80
Heard Isl & McDonald Isl,1,M2,2019,80
Montenegro,1,M2,2016,80
Somalia,1,M2,1995,80
Mozambique,1,M2,2025,80
British Virgin Isls.,1,M2,2022,78
"Turks, Caicos Isls.",1,M2,1989,77
Aruba,1,M2,1999,76
Burkina Faso,1,M2,1999,76
Eritrea,1,M2,1998,76
Liberia,1,M2,1992,76
Libya,1,M2,2017,76
Somalia,1,M2,2009,76
Tonga,1,M2,2012,76
"Turks, Caicos Isls.",1,M2,2025,76
"Congo, Democratic Republic of",1,M2,2015,75
Rwanda,1,M2,2019,75
Aruba,1,M2,2009,74
Djibouti,1,M2,1998,74
Seychelles,1,M2,1994,74
Suriname,1,M2,1999,74
Br Indian Ocean Territory,1,M2,2010,73
Tonga,1,M2,1996,73
Niue,1,M2,2024,72
Mozambique,1,M2,2020,72
Niue,1,M2,2023,72
Vanuatu,1,M2,2005,72
Antigua and Barbuda,1,M2,2011,70
"Turks, Caicos Isls.",1,M2,2017,70
Tonga,1,M2,2025,70
Aruba,1,M2,2000,69
Aruba,1,M2,2002,69
Belize,1,M2,2019,69
French West Indies,1,M2,2000,69
Namibia,1,M2,2012,69
Somalia,1,M2,2020,69
Maldive Islands,1,M2,2021,68
St Lucia,1,M2,2016,68
Yemen,1,M2,2000,68
Algeria,1,M2,2008,67
Kiribati (Gilbert Isl),1,M2,2022,67
Sint Maarten,1,M2,2012,67
Equatorial Guinea,1,M2,2008,66
Montserrat,1,M2,2011,66
Somalia,1,M2,2024,65
Somalia,1,M2,2023,65
Niger,1,M2,2024,64
Gibraltar,1,M2,2012,64
Niger,1,M2,2023,64
Aruba,1,M2,2007,63
Niger,1,M2,2003,63
Papua New Guinea,1,M2,2008,62
Papua New Guinea,1,M2,2012,62
Solomon Islands,1,M2,2011,62
Vanuatu,1,M2,2010,62
Aruba,1,M2,2005,61
Solomon Islands,1,M2,2012,61
Suriname,1,M2,2009,61
Vanuatu,1,M2,2023,61
Vanuatu,1,M2,2024,61
Christmas Island,1,M2,2021,60
Comoros,1,M2,2016,60
Mayotte,1,M2,2010,60
Mozambique,1,M2,2014,60
Niue,1,M2,2013,60
Sao Tome and Principe,1,M2,2007,60
Solomon Islands,1,M2,2013,60
Tajikistan,1,M2,2006,60
Tajikistan,1,M2,2025,60
Gabon,1,M2,2010,59
Grenada,1,M2,2007,59
Eritrea,1,M2,2013,58
Bermuda,1,M2,2018,57
Nauru,1,M2,2008,56
St Vincent/Grenadines,1,M2,2023,56
St Vincent/Grenadines,1,M2,2024,56
Mauritania,1,M2,2017,54
Cayman Islands,1,M2,2021,53
Cayman Islands,1,M2,2017,52
Western Samoa,1,M2,2015,52
Botswana,1,M2,2022,51
Burundi,1,M2,2012,51
St Kitts and Nevis,1,M2,2009,51
Tonga,1,M2,2014,51
Bhutan,1,M2,2023,50
Bhutan,1,M2,2024,50
"Congo, Republic of",1,M2,2011,50
Luxembourg,1,M2,1991,50
St Kitts and Nevis,1,M2,2019,50
Tonga,1,M2,2009,50
Zambia,1,M2,2019,50
Anguilla,1,M2,2017,49
Bermuda,1,M2,2017,49
St Lucia,1,M2,2014,49
Anguilla,1,M2,2010,48
Antigua and Barbuda,1,M2,2022,48
Burundi,1,M2,2001,48
Maldive Islands,1,M2,2006,48
St Lucia,1,M2,2012,48
Antigua and Barbuda,1,M2,2021,47
Benin,1,M2,1989,47
Montenegro,1,M2,2022,47
Niger,1,M2,2014,47
Tonga,1,M2,2017,47
Aruba,1,M2,2022,45
Bhutan,1,M2,2017,45
Burundi,1,M2,2019,45
Cabo Verde,1,M2,2019,45
Cabo Verde,1,M2,2021,45
Cabo Verde,1,M2,2022,45
"Congo, Democratic Republic of",1,M2,1998,45
French Indian Ocean Areas,1,M2,2001,45
French Indian Ocean Areas,1,M2,2013,45
Namibia,1,M2,1998,45
Nauru,1,M2,1998,45
Niue,1,M2,2009,45
Niue,1,M2,2014,45
Niue,1,M2,2016,45
Seychelles,1,M2,1989,45
Somalia,1,M2,2011,45
St Vincent/Grenadines,1,M2,2005,45
St Kitts and Nevis,1,M2,2011,44
Western Samoa,1,M2,2014,44
Antigua and Barbuda,1,M2,2025,43
Anguilla,1,M2,2022,43
Bhutan,1,M2,1994,43
Bhutan,1,M2,2006,43
Somalia,1,M2,1992,43
Sudan,1,M2,1996,43
Zambia,1,M2,2014,43
Antigua and Barbuda,1,M2,2003,42
French Guiana,1,M2,2022,42
Niger,1,M2,1992,42
Norfolk Island,1,M2,1999,42
Seychelles,1,M2,2012,42
Algeria,1,M2,2019,41
Azerbaijan,1,M2,2022,41
Bhutan,1,M2,2009,41
Djibouti,1,M2,2010,41
French Indian Ocean Areas,1,M2,2010,41
Solomon Islands,1,M2,2016,41
Angola,1,M2,2009,40
Br Indian Ocean Territory,1,M2,2000,40
Heard Isl & McDonald Isl,1,M2,2011,40
Tonga,1,M2,2013,40
Gibraltar,1,M2,2024,38
Anguilla,1,M2,2020,38
Antigua and Barbuda,1,M2,2010,38
Bhutan,1,M2,1992,38
Bhutan,1,M2,2007,38
Botswana,1,M2,2019,38
Br Indian Ocean Territory,1,M2,1997,38
Central African Rep.,1,M2,1997,38
Christmas Island,1,M2,2019,38
Cocos (Keeling) Islands,1,M2,2009,38
Djibouti,1,M2,2012,38
Djibouti,1,M2,2013,38
Dominica,1,M2,2010,38
Dominica,1,M2,2012,38
Dominica,1,M2,2015,38
East Timor,1,M2,2020,38
Eritrea,1,M2,2011,38
French Guiana,1,M2,2023,38
Gabon,1,M2,2012,38
Gibraltar,1,M2,2015,38
Gibraltar,1,M2,2023,38
Grenada,1,M2,2013,38
Iraq,1,M2,2012,38
Iraq,1,M2,2020,38
Kazakhstan,1,M2,2020,38
Kiribati (Gilbert Isl),1,M2,2023,38
Libya,1,M2,2008,38
Libya,1,M2,2018,38
Libya,1,M2,2021,38
Montserrat,1,M2,2012,38
New Caledonia,1,M2,2020,38
Papua New Guinea,1,M2,2013,38
Rwanda,1,M2,1990,38
Sint Maarten,1,M2,2011,38
Sint Maarten,1,M2,2020,38
South Sudan,1,M2,2012,38
South Sudan,1,M2,2013,38
St Pierre / Miquelon,1,M2,2012,38
"Turks, Caicos Isls.",1,M2,2009,38
French Guiana,1,M2,2024,38
Kiribati (Gilbert Isl),1,M2,2024,38
Grenada,1,M2,2014,37
Norfolk Island,1,M2,2015,37
Eritrea,1,M2,2017,36
Gabon,1,M2,2019,36
Laos,1,M2,1989,36
New Caledonia,1,M2,1993,36
Algeria,1,M2,2017,35
Antigua and Barbuda,1,M2,2016,35
Azerbaijan,1,M2,2017,35
Azerbaijan,1,M2,2020,35
Benin,1,M2,2012,35
Bhutan,1,M2,2016,35
Burundi,1,M2,2018,35
Cabo Verde,1,M2,2023,35
Central African Rep.,1,M2,2023,35
Cocos (Keeling) Islands,1,M2,2008,35
Georgia,1,M2,1999,35
Georgia,1,M2,2000,35
Gibraltar,1,M2,1993,35
Gibraltar,1,M2,2009,35
Iraq,1,M2,2006,35
Maldive Islands,1,M2,2020,35
Palau,1,M2,2023,35
Somalia,1,M2,1996,35
"Turks, Caicos Isls.",1,M2,2013,35
Aruba,1,M2,2025,35
Cabo Verde,1,M2,2024,35
Central African Rep.,1,M2,2024,35
Palau,1,M2,2024,35
Georgia,1,M2,2002,34
Zambia,1,M2,2013,34
Zambia,1,M2,2015,34
Libya,1,M2,2015,31
Sao Tome and Principe,1,M2,2003,31
Aruba,1,M2,2024,30
Afghanistan,1,M2,2002,30
Anguilla,1,M2,2015,30
Aruba,1,M2,2003,30
Aruba,1,M2,2023,30
Cameroon,1,M2,1992,30
Chad,1,M2,2010,30
Chad,1,M2,2016,30
Comoros,1,M2,2018,30
Comoros,1,M2,2023,30
Marshall islands,1,M2,2001,30
Marshall islands,1,M2,2022,30
Montserrat,1,M2,1989,30
Namibia,1,M2,2008,30
Namibia,1,M2,2009,30
Sao Tome and Principe,1,M2,1996,30
Sao Tome and Principe,1,M2,2021,30
Solomon Islands,1,M2,2010,30
Comoros,1,M2,2024,30
Montenegro,1,M2,2023,29
Western Samoa,1,M2,2005,29
Montenegro,1,M2,2024,29
Nauru,1,M2,2012,28
"Turks, Caicos Isls.",1,M2,2023,28
"Turks, Caicos Isls.",1,M2,2024,28
Libya,1,M2,2024,27
French West Indies,1,M2,1993,27
Libya,1,M2,2023,27
St Kitts and Nevis,1,M2,2008,27
Chad,1,M2,2013,26
Zambia,1,M2,1999,26
Equatorial Guinea,1,M2,2023,25
Equatorial Guinea,1,M2,2024,25
Montserrat,1,M2,2008,25
Palau,1,M2,2012,25
Tonga,1,M2,1995,25
Albania,1,M2,1992,24
Botswana,1,M2,1993,24
French Guiana,1,M2,1997,24
Gabon,1,M2,2005,24
Heard Isl & McDonald Isl,1,M2,2014,24
Montserrat,1,M2,1993,24
Montserrat,1,M2,2003,24
Montserrat,1,M2,2006,24
Suriname,1,M2,2007,24
Iran,1,M2,2019,23
Vanuatu,1,M2,2025,23
Grenada,1,M2,2025,20
Eritrea,1,M2,2016,20
Gabon,1,M2,2020,20
Greenland,1,M2,2018,20
Maldive Islands,1,M2,2019,20
"Turks, Caicos Isls.",1,M2,2010,20
Eritrea,1,M2,2001,18
Maldive Islands,1,M2,2011,18
Sao Tome and Principe,1,M2,1993,18
Tonga,1,M2,1998,18
Tonga,1,M2,2004,18
Zambia,1,M2,2010,18
Bhutan,1,M2,2018,17
French West Indies,1,M2,1991,17
French West Indies,1,M2,1992,17
Montserrat,1,M2,2021,16
Anguilla,1,M2,2012,15
Br Indian Ocean Territory,1,M2,2009,15
Chad,1,M2,2015,15
Comoros,1,M2,2021,15
Kiribati (Gilbert Isl),1,M2,2019,15
Maldive Islands,1,M2,2014,15
Mayotte,1,M2,2008,15
New Caledonia,1,M2,2025,15
Sao Tome and Principe,1,M2,2005,15
Seychelles,1,M2,2001,15
St Lucia,1,M2,2019,15
Western Samoa,1,M2,2016,15
Comoros,1,M2,2025,15
Aruba,1,M2,2019,14
"Congo, Republic of",1,M2,2010,14
Central African Rep.,1,M2,2004,13
Christmas Island,1,M2,1996,13
French Guiana,1,M2,2008,13
Montserrat,1,M2,2019,13
Norfolk Island,1,M2,2011,13
Papua New Guinea,1,M2,1998,13
Sao Tome and Principe,1,M2,2013,13
Vanuatu,1,M2,2016,13
Yemen,1,M2,2014,13
St Lucia,1,M2,2025,12
Turkmenistan,1,M2,2024,12
Albania,1,M2,1993,12
British Virgin Isls.,1,M2,1992,12
British Virgin Isls.,1,M2,2021,12
Burundi,1,M2,2020,12
Christmas Island,1,M2,2006,12
"Congo, Democratic Republic of",1,M2,1992,12
Dominica,1,M2,2019,12
Eritrea,1,M2,2020,12
Malawi,1,M2,2023,12
Maldive Islands,1,M2,2009,12
Niue,1,M2,1995,12
Papua New Guinea,1,M2,2020,12
Seychelles,1,M2,2002,12
Turkmenistan,1,M2,2023,12
Malawi,1,M2,2024,12
French Guiana,1,M2,2021,11
St Lucia,1,M2,2015,11
Aruba,1,M2,1998,10
Bhutan,1,M2,2004,9
Cook Islands,1,M2,1997,9
Kazakhstan,1,M2,2016,9
St Vincent/Grenadines,1,M2,2013,9
"Turks, Caicos Isls.",1,M2,2004,9
Algeria,1,M2,2002,8
Sao Tome and Principe,1,M2,2018,7
Botswana,1,M2,2024,6
Algeria,1,M2,2021,6
Angola,1,M2,2018,6
Anguilla,1,M2,2007,6
Anguilla,1,M2,2018,6
Antigua and Barbuda,1,M2,2004,6
Botswana,1,M2,2023,6
French Indian Ocean Areas,1,M2,2008,6
Greenland,1,M2,2025,6
Iran,1,M2,2021,6
Mauritania,1,M2,2011,6
Mayotte,1,M2,2021,6
Niue,1,M2,2011,6
Niue,1,M2,2017,6
St Lucia,1,M2,2013,6
St Vincent/Grenadines,1,M2,2012,6
Wallis and Futuna,1,M2,2018,6
French Guiana,1,M2,2017,5
Aruba,1,M2,1997,4
"Congo, Republic of",1,M2,2012,4
French Indian Ocean Areas,1,M2,2016,4
Gabon,1,M2,2009,4
Kyrgyzstan,1,M2,1998,4
Namibia,1,M2,2015,4
Wallis and Futuna,1,M2,2022,4
,1,M2,1989,0
,1,M2,1990,0
,1,M2,1991,0
,1,M2,1992,0
,1,M2,1993,0
,1,M2,1994,0
,1,M2,1995,0
,1,M2,1996,0
,1,M2,1997,0
,1,M2,1998,0
,1,M2,1999,0
,1,M2,2000,0
,1,M2,2001,0
,1,M2,2002,0
,1,M2,2003,0
,1,M2,2004,0
,1,M2,2005,0
,1,M2,2006,0
,1,M2,2007,0
,1,M2,2008,0
,1,M2,2009,0
,1,M2,2010,0
,1,M2,2011,0
,1,M2,2012,0
,1,M2,2013,0
,1,M2,2014,0
,1,M2,2015,0
,1,M2,2016,0
,1,M2,2017,0
,1,M2,2018,0
,1,M2,2019,0
,1,M2,2020,0
,1,M2,2021,0
,1,M2,2022,0
,1,M2,2023,0
,1,M2,2024,0
,1,M2,2025,0
_EU (2020-present),1,M2,1989,0
_EU (2020-present),1,M2,1990,0
_EU (2020-present),1,M2,1991,0
_EU (2020-present),1,M2,1992,0
_EU (2020-present),1,M2,1993,0
_EU (2020-present),1,M2,1994,0
_EU (2020-present),1,M2,1995,0
_EU (2020-present),1,M2,1996,0
_EU (2020-present),1,M2,1997,0
_EU (2020-present),1,M2,1998,0
_EU (2020-present),1,M2,1999,0
_EU (2020-present),1,M2,2000,0
_EU (2020-present),1,M2,2001,0
_EU (2020-present),1,M2,2002,0
_EU (2020-present),1,M2,2003,0
_EU (2020-present),1,M2,2004,0
_EU (2020-present),1,M2,2005,0
_EU (2020-present),1,M2,2006,0
_EU (2020-present),1,M2,2007,0
_EU (2020-present),1,M2,2008,0
_EU (2020-present),1,M2,2009,0
_EU (2020-present),1,M2,2010,0
_EU (2020-present),1,M2,2011,0
_EU (2020-present),1,M2,2012,0
_EU (2020-present),1,M2,2013,0
_EU (2020-present),1,M2,2014,0
_EU (2020-present),1,M2,2015,0
_EU (2020-present),1,M2,2016,0
_EU (2020-present),1,M2,2017,0
_EU (2020-present),1,M2,2018,0
_EU (2020-present),1,M2,2019,0
_EU (2020-present),1,M2,2020,0
_EU (2020-present),1,M2,2021,0
_EU (2020-present),1,M2,2022,0
_EU (2020-present),1,M2,2023,0
Afghanistan,1,M2,1994,0
Afghanistan,1,M2,1998,0
Afghanistan,1,M2,2001,0
Albania,1,M2,1989,0
Albania,1,M2,1990,0
Albania,1,M2,1991,0
Algeria,1,M2,1989,0
Algeria,1,M2,1990,0
Algeria,1,M2,1992,0
Algeria,1,M2,1999,0
Algeria,1,M2,2000,0
Algeria,1,M2,2001,0
Algeria,1,M2,2003,0
Algeria,1,M2,2005,0
Algeria,1,M2,2009,0
Algeria,1,M2,2010,0
Algeria,1,M2,2011,0
Algeria,1,M2,2013,0
Algeria,1,M2,2014,0
Algeria,1,M2,2015,0
Algeria,1,M2,2016,0
Algeria,1,M2,2018,0
Algeria,1,M2,2020,0
Angola,1,M2,1989,0
Angola,1,M2,1990,0
Angola,1,M2,1991,0
Angola,1,M2,1992,0
Angola,1,M2,1994,0
Angola,1,M2,1995,0
Angola,1,M2,1996,0
Angola,1,M2,1997,0
Angola,1,M2,1998,0
Angola,1,M2,1999,0
Angola,1,M2,2000,0
Angola,1,M2,2001,0
Angola,1,M2,2002,0
Angola,1,M2,2004,0
Angola,1,M2,2005,0
Angola,1,M2,2006,0
Angola,1,M2,2007,0
Angola,1,M2,2008,0
Angola,1,M2,2010,0
Angola,1,M2,2011,0
Angola,1,M2,2012,0
Angola,1,M2,2013,0
Angola,1,M2,2015,0
Angola,1,M2,2016,0
Angola,1,M2,2017,0
Angola,1,M2,2019,0
Angola,1,M2,2022,0
Angola,1,M2,2025,0
Anguilla,1,M2,1989,0
Anguilla,1,M2,1992,0
Anguilla,1,M2,1993,0
Anguilla,1,M2,1994,0
Anguilla,1,M2,1995,0
Anguilla,1,M2,1996,0
Anguilla,1,M2,1999,0
Anguilla,1,M2,2000,0
Anguilla,1,M2,2001,0
Anguilla,1,M2,2002,0
Anguilla,1,M2,2004,0
Anguilla,1,M2,2005,0
Anguilla,1,M2,2006,0
Anguilla,1,M2,2011,0
Anguilla,1,M2,2014,0
Anguilla,1,M2,2019,0
Anguilla,1,M2,2023,0
Anguilla,1,M2,2024,0
Anguilla,1,M2,2025,0
Antigua and Barbuda,1,M2,1992,0
Antigua and Barbuda,1,M2,1998,0
Antigua and Barbuda,1,M2,2009,0
Antigua and Barbuda,1,M2,2012,0
Antigua and Barbuda,1,M2,2013,0
Antigua and Barbuda,1,M2,2014,0
Antigua and Barbuda,1,M2,2017,0
Antigua and Barbuda,1,M2,2018,0
Armenia,1,M2,1989,0
Armenia,1,M2,1990,0
Armenia,1,M2,1991,0
Armenia,1,M2,1992,0
Aruba,1,M2,1990,0
Aruba,1,M2,1992,0
Aruba,1,M2,2008,0
Aruba,1,M2,2010,0
Aruba,1,M2,2011,0
Aruba,1,M2,2013,0
Azerbaijan,1,M2,1989,0
Azerbaijan,1,M2,1990,0
Azerbaijan,1,M2,1991,0
Azerbaijan,1,M2,1992,0
Azerbaijan,1,M2,1993,0
Azerbaijan,1,M2,1994,0
Azerbaijan,1,M2,2007,0
Azerbaijan,1,M2,2008,0
Azerbaijan,1,M2,2009,0
Azerbaijan,1,M2,2010,0
Azerbaijan,1,M2,2012,0
Azerbaijan,1,M2,2013,0
Azerbaijan,1,M2,2014,0
Azerbaijan,1,M2,2015,0
Azerbaijan,1,M2,2016,0
Azerbaijan,1,M2,2018,0
Azerbaijan,1,M2,2019,0
Barbados,1,M2,2017,0
Belarus,1,M2,1989,0
Belarus,1,M2,1990,0
Belarus,1,M2,1991,0
Belize,1,M2,2009,0
Belize,1,M2,2013,0
Belize,1,M2,2014,0
Belize,1,M2,2017,0
Belize,1,M2,2020,0
Belize,1,M2,2023,0
Belize,1,M2,2024,0
Belize,1,M2,2025,0
Benin,1,M2,1990,0
Benin,1,M2,1997,0
Benin,1,M2,1999,0
Benin,1,M2,2002,0
Benin,1,M2,2007,0
Benin,1,M2,2008,0
Benin,1,M2,2009,0
Benin,1,M2,2013,0
Benin,1,M2,2014,0
Benin,1,M2,2015,0
Benin,1,M2,2016,0
Bermuda,1,M2,2014,0
Bermuda,1,M2,2023,0
Bermuda,1,M2,2024,0
Bhutan,1,M2,1989,0
Bhutan,1,M2,1990,0
Bhutan,1,M2,1991,0
Bhutan,1,M2,1995,0
Bhutan,1,M2,1999,0
Bhutan,1,M2,2000,0
Bhutan,1,M2,2001,0
Bhutan,1,M2,2002,0
Bhutan,1,M2,2012,0
Bhutan,1,M2,2013,0
Bhutan,1,M2,2021,0
Bhutan,1,M2,2022,0
Bosnia-Hercegovina,1,M2,1989,0
Bosnia-Hercegovina,1,M2,1990,0
Bosnia-Hercegovina,1,M2,1991,0
Bosnia-Hercegovina,1,M2,1994,0
Botswana,1,M2,2020,0
Botswana,1,M2,2021,0
Br Indian Ocean Territory,1,M2,1989,0
Br Indian Ocean Territory,1,M2,1990,0
Br Indian Ocean Territory,1,M2,1993,0
Br Indian Ocean Territory,1,M2,2001,0
Br Indian Ocean Territory,1,M2,2004,0
Br Indian Ocean Territory,1,M2,2007,0
Br Indian Ocean Territory,1,M2,2011,0
Br Indian Ocean Territory,1,M2,2012,0
Br Indian Ocean Territory,1,M2,2014,0
Br Indian Ocean Territory,1,M2,2016,0
Br Indian Ocean Territory,1,M2,2020,0
Br Indian Ocean Territory,1,M2,2022,0
Br Indian Ocean Territory,1,M2,2023,0
Br Indian Ocean Territory,1,M2,2024,0
Br Indian Ocean Territory,1,M2,2025,0
British Virgin Isls.,1,M2,1990,0
British Virgin Isls.,1,M2,1991,0
Burkina Faso,1,M2,1993,0
Burma (Myanmar),1,M2,2004,0
Burma (Myanmar),1,M2,2005,0
Burma (Myanmar),1,M2,2006,0
Burma (Myanmar),1,M2,2007,0
Burma (Myanmar),1,M2,2008,0
Burma (Myanmar),1,M2,2009,0
Burma (Myanmar),1,M2,2010,0
Burma (Myanmar),1,M2,2011,0
Burma (Myanmar),1,M2,2012,0
Burundi,1,M2,1989,0
Burundi,1,M2,1992,0
Burundi,1,M2,1993,0
Burundi,1,M2,1997,0
Burundi,1,M2,1999,0
Burundi,1,M2,2002,0
Burundi,1,M2,2003,0
Burundi,1,M2,2004,0
Burundi,1,M2,2005,0
Burundi,1,M2,2007,0
Burundi,1,M2,2008,0
Burundi,1,M2,2009,0
Burundi,1,M2,2010,0
Burundi,1,M2,2011,0
Burundi,1,M2,2013,0
Burundi,1,M2,2014,0
Burundi,1,M2,2015,0
Burundi,1,M2,2017,0
Cabo Verde,1,M2,1989,0
Cabo Verde,1,M2,1991,0
Cabo Verde,1,M2,1993,0
Cabo Verde,1,M2,1994,0
Cabo Verde,1,M2,1995,0
Cabo Verde,1,M2,1996,0
Cabo Verde,1,M2,1997,0
Cabo Verde,1,M2,2006,0
Cabo Verde,1,M2,2007,0
Cabo Verde,1,M2,2010,0
Cabo Verde,1,M2,2016,0
Cambodia,1,M2,1991,0
Cayman Islands,1,M2,1989,0
Cayman Islands,1,M2,1991,0
Cayman Islands,1,M2,1992,0
Cayman Islands,1,M2,1993,0
Cayman Islands,1,M2,1995,0
Cayman Islands,1,M2,1999,0
Cayman Islands,1,M2,2020,0
Cayman Islands,1,M2,2022,0
Central African Rep.,1,M2,1989,0
Central African Rep.,1,M2,1991,0
Central African Rep.,1,M2,1992,0
Central African Rep.,1,M2,1995,0
Central African Rep.,1,M2,1996,0
Central African Rep.,1,M2,1998,0
Central African Rep.,1,M2,1999,0
Central African Rep.,1,M2,2000,0
Central African Rep.,1,M2,2002,0
Central African Rep.,1,M2,2003,0
Central African Rep.,1,M2,2007,0
Central African Rep.,1,M2,2008,0
Central African Rep.,1,M2,2009,0
Central African Rep.,1,M2,2010,0
Central African Rep.,1,M2,2011,0
Central African Rep.,1,M2,2012,0
Central African Rep.,1,M2,2013,0
Central African Rep.,1,M2,2014,0
Central African Rep.,1,M2,2016,0
Central African Rep.,1,M2,2017,0
Central African Rep.,1,M2,2018,0
Central African Rep.,1,M2,2019,0
Central African Rep.,1,M2,2020,0
Central African Rep.,1,M2,2021,0
Central African Rep.,1,M2,2022,0
Central African Rep.,1,M2,2025,0
Chad,1,M2,1989,0
Chad,1,M2,1990,0
Chad,1,M2,1991,0
Chad,1,M2,1992,0
Chad,1,M2,1993,0
Chad,1,M2,1994,0
Chad,1,M2,1996,0
Chad,1,M2,1997,0
Chad,1,M2,1998,0
Chad,1,M2,1999,0
Chad,1,M2,2000,0
Chad,1,M2,2001,0
Chad,1,M2,2002,0
Chad,1,M2,2003,0
Chad,1,M2,2007,0
Chad,1,M2,2008,0
Chad,1,M2,2009,0
Chad,1,M2,2011,0
Chad,1,M2,2012,0
Chad,1,M2,2014,0
Chad,1,M2,2017,0
Chad,1,M2,2018,0
Chad,1,M2,2019,0
Chad,1,M2,2021,0
Chad,1,M2,2022,0
Christmas Island,1,M2,1989,0
Christmas Island,1,M2,1990,0
Christmas Island,1,M2,1991,0
Christmas Island,1,M2,1992,0
Christmas Island,1,M2,1993,0
Christmas Island,1,M2,1994,0
Christmas Island,1,M2,1995,0
Christmas Island,1,M2,1998,0
Christmas Island,1,M2,1999,0
Christmas Island,1,M2,2001,0
Christmas Island,1,M2,2002,0
Christmas Island,1,M2,2005,0
Christmas Island,1,M2,2008,0
Christmas Island,1,M2,2011,0
Christmas Island,1,M2,2013,0
Christmas Island,1,M2,2014,0
Christmas Island,1,M2,2015,0
Christmas Island,1,M2,2020,0
Christmas Island,1,M2,2025,0
Cocos (Keeling) Islands,1,M2,1989,0
Cocos (Keeling) Islands,1,M2,1991,0
Cocos (Keeling) Islands,1,M2,1992,0
Cocos (Keeling) Islands,1,M2,1993,0
Cocos (Keeling) Islands,1,M2,1995,0
Cocos (Keeling) Islands,1,M2,1996,0
Cocos (Keeling) Islands,1,M2,1997,0
Cocos (Keeling) Islands,1,M2,1998,0
Cocos (Keeling) Islands,1,M2,2000,0
Cocos (Keeling) Islands,1,M2,2001,0
Cocos (Keeling) Islands,1,M2,2003,0
Cocos (Keeling) Islands,1,M2,2005,0
Cocos (Keeling) Islands,1,M2,2007,0
Cocos (Keeling) Islands,1,M2,2020,0
Cocos (Keeling) Islands,1,M2,2021,0
Cocos (Keeling) Islands,1,M2,2025,0
Comoros,1,M2,1989,0
Comoros,1,M2,1992,0
Comoros,1,M2,1993,0
Comoros,1,M2,1994,0
Comoros,1,M2,1997,0
Comoros,1,M2,1999,0
Comoros,1,M2,2000,0
Comoros,1,M2,2001,0
Comoros,1,M2,2002,0
Comoros,1,M2,2003,0
Comoros,1,M2,2008,0
Comoros,1,M2,2009,0
Comoros,1,M2,2011,0
Comoros,1,M2,2013,0
Comoros,1,M2,2015,0
Comoros,1,M2,2017,0
Comoros,1,M2,2019,0
Comoros,1,M2,2020,0
Comoros,1,M2,2022,0
"Congo, Democratic Republic of",1,M2,2002,0
"Congo, Democratic Republic of",1,M2,2003,0
"Congo, Democratic Republic of",1,M2,2010,0
"Congo, Democratic Republic of",1,M2,2013,0
"Congo, Democratic Republic of",1,M2,2014,0
"Congo, Democratic Republic of",1,M2,2017,0
"Congo, Democratic Republic of",1,M2,2020,0
"Congo, Republic of",1,M2,1989,0
"Congo, Republic of",1,M2,1990,0
"Congo, Republic of",1,M2,1991,0
"Congo, Republic of",1,M2,1992,0
"Congo, Republic of",1,M2,1994,0
"Congo, Republic of",1,M2,1995,0
"Congo, Republic of",1,M2,1996,0
"Congo, Republic of",1,M2,1997,0
"Congo, Republic of",1,M2,1998,0
"Congo, Republic of",1,M2,1999,0
"Congo, Republic of",1,M2,2000,0
"Congo, Republic of",1,M2,2001,0
"Congo, Republic of",1,M2,2002,0
"Congo, Republic of",1,M2,2003,0
"Congo, Republic of",1,M2,2005,0
"Congo, Republic of",1,M2,2006,0
"Congo, Republic of",1,M2,2007,0
"Congo, Republic of",1,M2,2008,0
"Congo, Republic of",1,M2,2013,0
"Congo, Republic of",1,M2,2014,0
"Congo, Republic of",1,M2,2017,0
"Congo, Republic of",1,M2,2019,0
"Congo, Republic of",1,M2,2020,0
"Congo, Republic of",1,M2,2023,0
"Congo, Republic of",1,M2,2024,0
"Congo, Republic of",1,M2,2025,0
Cook Islands,1,M2,1989,0
Cook Islands,1,M2,1990,0
Cook Islands,1,M2,1994,0
Croatia,1,M2,1989,0
Croatia,1,M2,1990,0
Croatia,1,M2,1991,0
Curacao,1,M2,1989,0
Curacao,1,M2,1990,0
Curacao,1,M2,1991,0
Curacao,1,M2,1992,0
Curacao,1,M2,1993,0
Curacao,1,M2,1994,0
Curacao,1,M2,1995,0
Curacao,1,M2,1996,0
Curacao,1,M2,1997,0
Curacao,1,M2,1998,0
Curacao,1,M2,1999,0
Curacao,1,M2,2000,0
Curacao,1,M2,2001,0
Curacao,1,M2,2002,0
Curacao,1,M2,2003,0
Curacao,1,M2,2004,0
Curacao,1,M2,2005,0
Curacao,1,M2,2006,0
Curacao,1,M2,2007,0
Curacao,1,M2,2008,0
Curacao,1,M2,2009,0
Curacao,1,M2,2010,0
Curacao,1,M2,2019,0
Curacao,1,M2,2022,0
Curacao,1,M2,2023,0
Curacao,1,M2,2024,0
Czech Republic,1,M2,1989,0
Czech Republic,1,M2,1990,0
Czech Republic,1,M2,1991,0
Czech Republic,1,M2,1992,0
Djibouti,1,M2,1990,0
Djibouti,1,M2,1991,0
Djibouti,1,M2,1992,0
Djibouti,1,M2,1993,0
Djibouti,1,M2,1994,0
Djibouti,1,M2,1995,0
Djibouti,1,M2,1996,0
Djibouti,1,M2,1997,0
Djibouti,1,M2,1999,0
Djibouti,1,M2,2000,0
Djibouti,1,M2,2001,0
Djibouti,1,M2,2002,0
Djibouti,1,M2,2003,0
Djibouti,1,M2,2004,0
Djibouti,1,M2,2005,0
Djibouti,1,M2,2006,0
Djibouti,1,M2,2007,0
Djibouti,1,M2,2008,0
Djibouti,1,M2,2009,0
Djibouti,1,M2,2015,0
Djibouti,1,M2,2017,0
Djibouti,1,M2,2023,0
Djibouti,1,M2,2024,0
Djibouti,1,M2,2025,0
Dominica,1,M2,2009,0
Dominica,1,M2,2013,0
Dominica,1,M2,2018,0
Dominica,1,M2,2021,0
East Timor,1,M2,1989,0
East Timor,1,M2,1990,0
East Timor,1,M2,1991,0
East Timor,1,M2,1992,0
East Timor,1,M2,1993,0
East Timor,1,M2,1994,0
East Timor,1,M2,1995,0
East Timor,1,M2,1996,0
East Timor,1,M2,1997,0
East Timor,1,M2,1998,0
East Timor,1,M2,1999,0
East Timor,1,M2,2000,0
East Timor,1,M2,2001,0
East Timor,1,M2,2002,0
East Timor,1,M2,2003,0
East Timor,1,M2,2004,0
East Timor,1,M2,2005,0
East Timor,1,M2,2006,0
East Timor,1,M2,2007,0
East Timor,1,M2,2008,0
East Timor,1,M2,2009,0
East Timor,1,M2,2010,0
East Timor,1,M2,2011,0
East Timor,1,M2,2012,0
East Timor,1,M2,2013,0
East Timor,1,M2,2015,0
East Timor,1,M2,2016,0
East Timor,1,M2,2017,0
East Timor,1,M2,2018,0
East Timor,1,M2,2019,0
East Timor,1,M2,2021,0
East Timor,1,M2,2022,0
East Timor,1,M2,2025,0
Equatorial Guinea,1,M2,1989,0
Equatorial Guinea,1,M2,1990,0
Equatorial Guinea,1,M2,1991,0
Equatorial Guinea,1,M2,1992,0
Equatorial Guinea,1,M2,1993,0
Equatorial Guinea,1,M2,1994,0
Equatorial Guinea,1,M2,1996,0
Equatorial Guinea,1,M2,1997,0
Equatorial Guinea,1,M2,1999,0
Equatorial Guinea,1,M2,2000,0
Equatorial Guinea,1,M2,2001,0
Equatorial Guinea,1,M2,2002,0
Equatorial Guinea,1,M2,2003,0
Equatorial Guinea,1,M2,2004,0
Equatorial Guinea,1,M2,2005,0
Equatorial Guinea,1,M2,2006,0
Equatorial Guinea,1,M2,2007,0
Equatorial Guinea,1,M2,2009,0
Equatorial Guinea,1,M2,2010,0
Equatorial Guinea,1,M2,2011,0
Equatorial Guinea,1,M2,2012,0
Equatorial Guinea,1,M2,2013,0
Equatorial Guinea,1,M2,2014,0
Equatorial Guinea,1,M2,2015,0
Equatorial Guinea,1,M2,2016,0
Equatorial Guinea,1,M2,2017,0
Equatorial Guinea,1,M2,2018,0
Equatorial Guinea,1,M2,2019,0
Equatorial Guinea,1,M2,2020,0
Equatorial Guinea,1,M2,2021,0
Equatorial Guinea,1,M2,2022,0
Equatorial Guinea,1,M2,2025,0
Eritrea,1,M2,1989,0
Eritrea,1,M2,1990,0
Eritrea,1,M2,1991,0
Eritrea,1,M2,1992,0
Eritrea,1,M2,1993,0
Eritrea,1,M2,1994,0
Eritrea,1,M2,1997,0
Eritrea,1,M2,2002,0
Eritrea,1,M2,2004,0
Eritrea,1,M2,2007,0
Eritrea,1,M2,2008,0
Eritrea,1,M2,2012,0
Eritrea,1,M2,2018,0
Eritrea,1,M2,2019,0
Estonia,1,M2,1989,0
Estonia,1,M2,1990,0
Estonia,1,M2,1991,0
Ethiopia,1,M2,1989,0
Ethiopia,1,M2,1990,0
Ethiopia,1,M2,1991,0
Ethiopia,1,M2,1992,0
Falkland Islands,1,M2,1991,0
Falkland Islands,1,M2,1992,0
Falkland Islands,1,M2,1993,0
Falkland Islands,1,M2,1994,0
Falkland Islands,1,M2,1998,0
Falkland Islands,1,M2,1999,0
Falkland Islands,1,M2,2000,0
Falkland Islands,1,M2,2001,0
Falkland Islands,1,M2,2002,0
Falkland Islands,1,M2,2003,0
Falkland Islands,1,M2,2004,0
Falkland Islands,1,M2,2005,0
Falkland Islands,1,M2,2006,0
Falkland Islands,1,M2,2007,0
Falkland Islands,1,M2,2008,0
Falkland Islands,1,M2,2009,0
Falkland Islands,1,M2,2010,0
Falkland Islands,1,M2,2011,0
Falkland Islands,1,M2,2012,0
Falkland Islands,1,M2,2013,0
Falkland Islands,1,M2,2014,0
Falkland Islands,1,M2,2015,0
Falkland Islands,1,M2,2016,0
Falkland Islands,1,M2,2017,0
Falkland Islands,1,M2,2018,0
Falkland Islands,1,M2,2019,0
Falkland Islands,1,M2,2020,0
Falkland Islands,1,M2,2021,0
Falkland Islands,1,M2,2022,0
Falkland Islands,1,M2,2023,0
Falkland Islands,1,M2,2024,0
Falkland Islands,1,M2,2025,0
Federated States of Mic,1,M2,1989,0
Federated States of Mic,1,M2,2006,0
Federated States of Mic,1,M2,2008,0
Federated States of Mic,1,M2,2009,0
Federated States of Mic,1,M2,2016,0
Federated States of Mic,1,M2,2018,0
French Guiana,1,M2,1989,0
French Guiana,1,M2,1990,0
French Guiana,1,M2,1991,0
French Guiana,1,M2,1993,0
French Guiana,1,M2,1994,0
French Guiana,1,M2,1995,0
French Guiana,1,M2,1996,0
French Guiana,1,M2,1998,0
French Guiana,1,M2,1999,0
French Guiana,1,M2,2000,0
French Guiana,1,M2,2001,0
French Guiana,1,M2,2002,0
French Guiana,1,M2,2003,0
French Guiana,1,M2,2005,0
French Guiana,1,M2,2006,0
French Guiana,1,M2,2009,0
French Guiana,1,M2,2010,0
French Guiana,1,M2,2011,0
French Guiana,1,M2,2012,0
French Guiana,1,M2,2013,0
French Guiana,1,M2,2014,0
French Guiana,1,M2,2015,0
French Guiana,1,M2,2016,0
French Guiana,1,M2,2018,0
French Guiana,1,M2,2019,0
French Guiana,1,M2,2020,0
French Guiana,1,M2,2025,0
French Indian Ocean Areas,1,M2,1989,0
French Indian Ocean Areas,1,M2,1990,0
French Indian Ocean Areas,1,M2,1994,0
French Indian Ocean Areas,1,M2,1995,0
French Indian Ocean Areas,1,M2,1996,0
French Indian Ocean Areas,1,M2,1998,0
French Indian Ocean Areas,1,M2,1999,0
French Indian Ocean Areas,1,M2,2000,0
French Indian Ocean Areas,1,M2,2014,0
French Indian Ocean Areas,1,M2,2017,0
French Polynesia,1,M2,2022,0
French West Indies,1,M2,1989,0
French West Indies,1,M2,1990,0
Gabon,1,M2,1993,0
Gabon,1,M2,1997,0
Gabon,1,M2,1998,0
Gabon,1,M2,1999,0
Gabon,1,M2,2001,0
Gabon,1,M2,2003,0
Gabon,1,M2,2008,0
Gabon,1,M2,2011,0
Gabon,1,M2,2013,0
Gabon,1,M2,2016,0
Gabon,1,M2,2018,0
Gambia,1,M2,2016,0
Gambia,1,M2,2018,0
Georgia,1,M2,1989,0
Georgia,1,M2,1990,0
Georgia,1,M2,1991,0
Georgia,1,M2,1992,0
Georgia,1,M2,1993,0
Georgia,1,M2,1994,0
Gibraltar,1,M2,1991,0
Gibraltar,1,M2,1995,0
Gibraltar,1,M2,1998,0
Gibraltar,1,M2,2001,0
Gibraltar,1,M2,2002,0
Gibraltar,1,M2,2003,0
Gibraltar,1,M2,2004,0
Gibraltar,1,M2,2005,0
Gibraltar,1,M2,2006,0
Gibraltar,1,M2,2007,0
Gibraltar,1,M2,2010,0
Gibraltar,1,M2,2011,0
Gibraltar,1,M2,2013,0
Gibraltar,1,M2,2016,0
Gibraltar,1,M2,2017,0
Gibraltar,1,M2,2018,0
Gibraltar,1,M2,2019,0
Gibraltar,1,M2,2020,0
Gibraltar,1,M2,2021,0
Gibraltar,1,M2,2022,0
Gibraltar,1,M2,2025,0
Greenland,1,M2,1989,0
Greenland,1,M2,1990,0
Greenland,1,M2,1991,0
Greenland,1,M2,1992,0
Greenland,1,M2,1993,0
Greenland,1,M2,1995,0
Greenland,1,M2,1996,0
Greenland,1,M2,1997,0
Greenland,1,M2,1998,0
Greenland,1,M2,1999,0
Greenland,1,M2,2000,0
Greenland,1,M2,2001,0
Greenland,1,M2,2002,0
Greenland,1,M2,2003,0
Greenland,1,M2,2004,0
Greenland,1,M2,2005,0
Greenland,1,M2,2006,0
Greenland,1,M2,2007,0
Greenland,1,M2,2008,0
Greenland,1,M2,2009,0
Greenland,1,M2,2010,0
Greenland,1,M2,2011,0
Greenland,1,M2,2012,0
Greenland,1,M2,2013,0
Greenland,1,M2,2015,0
Greenland,1,M2,2016,0
Greenland,1,M2,2017,0
Greenland,1,M2,2019,0
Greenland,1,M2,2020,0
Greenland,1,M2,2021,0
Greenland,1,M2,2022,0
Greenland,1,M2,2023,0
Greenland,1,M2,2024,0
Grenada,1,M2,1994,0
Grenada,1,M2,2008,0
Grenada,1,M2,2009,0
Grenada,1,M2,2010,0
Grenada,1,M2,2011,0
Grenada,1,M2,2012,0
Grenada,1,M2,2017,0
Grenada,1,M2,2018,0
Grenada,1,M2,2019,0
Grenada,1,M2,2021,0
Grenada,1,M2,2022,0
Guinea-Bissau,1,M2,1990,0
Guinea-Bissau,1,M2,1991,0
Guinea-Bissau,1,M2,1992,0
Guinea-Bissau,1,M2,1993,0
Guinea-Bissau,1,M2,1994,0
Guinea-Bissau,1,M2,1995,0
Guinea-Bissau,1,M2,1996,0
Guinea-Bissau,1,M2,1997,0
Guinea-Bissau,1,M2,1998,0
Guinea-Bissau,1,M2,1999,0
Guinea-Bissau,1,M2,2000,0
Guinea-Bissau,1,M2,2001,0
Guinea-Bissau,1,M2,2002,0
Guinea-Bissau,1,M2,2003,0
Guinea-Bissau,1,M2,2004,0
Guinea-Bissau,1,M2,2005,0
Guinea-Bissau,1,M2,2006,0
Guinea-Bissau,1,M2,2007,0
Guinea-Bissau,1,M2,2009,0
Guinea-Bissau,1,M2,2010,0
Guinea-Bissau,1,M2,2011,0
Guinea-Bissau,1,M2,2012,0
Guinea-Bissau,1,M2,2013,0
Guinea-Bissau,1,M2,2014,0
Guinea-Bissau,1,M2,2015,0
Guinea-Bissau,1,M2,2016,0
Guinea-Bissau,1,M2,2017,0
Guinea-Bissau,1,M2,2018,0
Guinea-Bissau,1,M2,2019,0
Guinea-Bissau,1,M2,2020,0
Guinea-Bissau,1,M2,2021,0
Guyana,1,M2,2018,0
Guyana,1,M2,2019,0
Guyana,1,M2,2020,0
Guyana,1,M2,2021,0
Guyana,1,M2,2022,0
Heard Isl & McDonald Isl,1,M2,1990,0
Heard Isl & McDonald Isl,1,M2,1991,0
Heard Isl & McDonald Isl,1,M2,1993,0
Heard Isl & McDonald Isl,1,M2,1995,0
Heard Isl & McDonald Isl,1,M2,1997,0
Heard Isl & McDonald Isl,1,M2,1999,0
Heard Isl & McDonald Isl,1,M2,2000,0
Heard Isl & McDonald Isl,1,M2,2001,0
Heard Isl & McDonald Isl,1,M2,2002,0
Heard Isl & McDonald Isl,1,M2,2004,0
Heard Isl & McDonald Isl,1,M2,2005,0
Heard Isl & McDonald Isl,1,M2,2006,0
Heard Isl & McDonald Isl,1,M2,2007,0
Heard Isl & McDonald Isl,1,M2,2008,0
Heard Isl & McDonald Isl,1,M2,2009,0
Heard Isl & McDonald Isl,1,M2,2010,0
Heard Isl & McDonald Isl,1,M2,2012,0
Heard Isl & McDonald Isl,1,M2,2013,0
Heard Isl & McDonald Isl,1,M2,2015,0
Heard Isl & McDonald Isl,1,M2,2016,0
Heard Isl & McDonald Isl,1,M2,2018,0
Heard Isl & McDonald Isl,1,M2,2020,0
Heard Isl & McDonald Isl,1,M2,2021,0
Heard Isl & McDonald Isl,1,M2,2022,0
Heard Isl & McDonald Isl,1,M2,2023,0
Heard Isl & McDonald Isl,1,M2,2024,0
Heard Isl & McDonald Isl,1,M2,2025,0
Iran,1,M2,1992,0
Iran,1,M2,1993,0
Iran,1,M2,1994,0
Iran,1,M2,1995,0
Iran,1,M2,1996,0
Iran,1,M2,1997,0
Iran,1,M2,1998,0
Iran,1,M2,1999,0
Iran,1,M2,2002,0
Iran,1,M2,2003,0
Iran,1,M2,2005,0
Iran,1,M2,2006,0
Iran,1,M2,2007,0
Iran,1,M2,2008,0
Iran,1,M2,2009,0
Iran,1,M2,2010,0
Iran,1,M2,2011,0
Iran,1,M2,2012,0
Iran,1,M2,2013,0
Iran,1,M2,2014,0
Iran,1,M2,2015,0
Iran,1,M2,2016,0
Iran,1,M2,2022,0
Iran,1,M2,2023,0
Iran,1,M2,2024,0
Iraq,1,M2,1989,0
Iraq,1,M2,1991,0
Iraq,1,M2,1992,0
Iraq,1,M2,1993,0
Iraq,1,M2,1994,0
Iraq,1,M2,1995,0
Iraq,1,M2,1996,0
Iraq,1,M2,1997,0
Iraq,1,M2,1998,0
Iraq,1,M2,1999,0
Iraq,1,M2,2000,0
Iraq,1,M2,2001,0
Iraq,1,M2,2002,0
Iraq,1,M2,2003,0
Iraq,1,M2,2005,0
Iraq,1,M2,2008,0
Iraq,1,M2,2013,0
Iraq,1,M2,2014,0
Iraq,1,M2,2016,0
Iraq,1,M2,2017,0
Iraq,1,M2,2018,0
Iraq,1,M2,2019,0
Kazakhstan,1,M2,1989,0
Kazakhstan,1,M2,1990,0
Kazakhstan,1,M2,1991,0
Kazakhstan,1,M2,2015,0
Kazakhstan,1,M2,2017,0
Kazakhstan,1,M2,2018,0
Kiribati (Gilbert Isl),1,M2,1993,0
Kiribati (Gilbert Isl),1,M2,1995,0
Kiribati (Gilbert Isl),1,M2,1996,0
Kiribati (Gilbert Isl),1,M2,1997,0
Kiribati (Gilbert Isl),1,M2,1998,0
Kiribati (Gilbert Isl),1,M2,1999,0
Kiribati (Gilbert Isl),1,M2,2000,0
Kiribati (Gilbert Isl),1,M2,2001,0
Kiribati (Gilbert Isl),1,M2,2002,0
Kiribati (Gilbert Isl),1,M2,2003,0
Kiribati (Gilbert Isl),1,M2,2005,0
Kiribati (Gilbert Isl),1,M2,2006,0
Kiribati (Gilbert Isl),1,M2,2007,0
Kiribati (Gilbert Isl),1,M2,2008,0
Kiribati (Gilbert Isl),1,M2,2009,0
Kiribati (Gilbert Isl),1,M2,2010,0
Kiribati (Gilbert Isl),1,M2,2011,0
Kiribati (Gilbert Isl),1,M2,2013,0
Kiribati (Gilbert Isl),1,M2,2014,0
Kiribati (Gilbert Isl),1,M2,2015,0
Kiribati (Gilbert Isl),1,M2,2018,0
Kiribati (Gilbert Isl),1,M2,2020,0
Kiribati (Gilbert Isl),1,M2,2021,0
Kiribati (Gilbert Isl),1,M2,2025,0
"Korea, North",1,M2,1989,0
"Korea, North",1,M2,1990,0
"Korea, North",1,M2,1992,0
"Korea, North",1,M2,1993,0
"Korea, North",1,M2,1994,0
"Korea, North",1,M2,1995,0
"Korea, North",1,M2,1996,0
"Korea, North",1,M2,1997,0
"Korea, North",1,M2,1998,0
"Korea, North",1,M2,1999,0
"Korea, North",1,M2,2000,0
"Korea, North",1,M2,2001,0
"Korea, North",1,M2,2002,0
"Korea, North",1,M2,2005,0
"Korea, North",1,M2,2006,0
"Korea, North",1,M2,2007,0
"Korea, North",1,M2,2008,0
"Korea, North",1,M2,2009,0
"Korea, North",1,M2,2010,0
"Korea, North",1,M2,2011,0
"Korea, North",1,M2,2012,0
"Korea, North",1,M2,2013,0
"Korea, North",1,M2,2014,0
"Korea, North",1,M2,2015,0
"Korea, North",1,M2,2016,0
"Korea, North",1,M2,2017,0
"Korea, North",1,M2,2018,0
"Korea, North",1,M2,2019,0
"Korea, North",1,M2,2020,0
"Korea, North",1,M2,2021,0
"Korea, North",1,M2,2022,0
"Korea, North",1,M2,2023,0
"Korea, North",1,M2,2024,0
"Korea, North",1,M2,2025,0
Kosovo,1,M2,1989,0
Kosovo,1,M2,1990,0
Kosovo,1,M2,1991,0
Kosovo,1,M2,1992,0
Kosovo,1,M2,1993,0
Kosovo,1,M2,1994,0
Kosovo,1,M2,1995,0
Kosovo,1,M2,1996,0
Kosovo,1,M2,1997,0
Kosovo,1,M2,1998,0
Kosovo,1,M2,1999,0
Kosovo,1,M2,2000,0
Kosovo,1,M2,2001,0
Kosovo,1,M2,2002,0
Kosovo,1,M2,2003,0
Kosovo,1,M2,2004,0
Kosovo,1,M2,2005,0
Kosovo,1,M2,2006,0
Kosovo,1,M2,2007,0
Kosovo,1,M2,2008,0
Kosovo,1,M2,2009,0
Kosovo,1,M2,2010,0
Kosovo,1,M2,2011,0
Kosovo,1,M2,2015,0
Kosovo,1,M2,2016,0
Kosovo,1,M2,2017,0
Kosovo,1,M2,2018,0
Kyrgyzstan,1,M2,1989,0
Kyrgyzstan,1,M2,1990,0
Kyrgyzstan,1,M2,1991,0
Kyrgyzstan,1,M2,1992,0
Kyrgyzstan,1,M2,1994,0
Kyrgyzstan,1,M2,1995,0
Kyrgyzstan,1,M2,1997,0
Latvia,1,M2,1989,0
Latvia,1,M2,1990,0
Latvia,1,M2,1991,0
Liberia,1,M2,1991,0
Liberia,1,M2,1993,0
Liberia,1,M2,1994,0
Liberia,1,M2,1995,0
Liberia,1,M2,2012,0
Libya,1,M2,1989,0
Libya,1,M2,1990,0
Libya,1,M2,1991,0
Libya,1,M2,1992,0
Libya,1,M2,1993,0
Libya,1,M2,1994,0
Libya,1,M2,1995,0
Libya,1,M2,1996,0
Libya,1,M2,1997,0
Libya,1,M2,1998,0
Libya,1,M2,1999,0
Libya,1,M2,2000,0
Libya,1,M2,2001,0
Libya,1,M2,2002,0
Libya,1,M2,2003,0
Libya,1,M2,2004,0
Libya,1,M2,2005,0
Libya,1,M2,2006,0
Libya,1,M2,2007,0
Libya,1,M2,2010,0
Libya,1,M2,2011,0
Libya,1,M2,2012,0
Libya,1,M2,2013,0
Libya,1,M2,2016,0
Libya,1,M2,2019,0
Libya,1,M2,2020,0
Libya,1,M2,2022,0
Lithuania,1,M2,1989,0
Lithuania,1,M2,1990,0
Lithuania,1,M2,1991,0
Luxembourg,1,M2,1995,0
Madagascar,1,M2,1989,0
Maldive Islands,1,M2,2007,0
Maldive Islands,1,M2,2010,0
Maldive Islands,1,M2,2012,0
Maldive Islands,1,M2,2013,0
Maldive Islands,1,M2,2015,0
Maldive Islands,1,M2,2016,0
Maldive Islands,1,M2,2018,0
Marshall islands,1,M2,1989,0
Marshall islands,1,M2,1990,0
Marshall islands,1,M2,1991,0
Marshall islands,1,M2,1992,0
Marshall islands,1,M2,1994,0
Marshall islands,1,M2,1995,0
Marshall islands,1,M2,1996,0
Marshall islands,1,M2,1997,0
Marshall islands,1,M2,2000,0
Marshall islands,1,M2,2002,0
Marshall islands,1,M2,2004,0
Marshall islands,1,M2,2007,0
Marshall islands,1,M2,2009,0
Marshall islands,1,M2,2010,0
Marshall islands,1,M2,2012,0
Marshall islands,1,M2,2013,0
Marshall islands,1,M2,2014,0
Marshall islands,1,M2,2015,0
Marshall islands,1,M2,2019,0
Marshall islands,1,M2,2025,0
Mauritania,1,M2,1989,0
Mauritania,1,M2,1991,0
Mauritania,1,M2,1995,0
Mayotte,1,M2,1989,0
Mayotte,1,M2,1990,0
Mayotte,1,M2,1991,0
Mayotte,1,M2,1992,0
Mayotte,1,M2,1993,0
Mayotte,1,M2,1994,0
Mayotte,1,M2,1995,0
Mayotte,1,M2,1996,0
Mayotte,1,M2,1997,0
Mayotte,1,M2,1998,0
Mayotte,1,M2,1999,0
Mayotte,1,M2,2000,0
Mayotte,1,M2,2001,0
Mayotte,1,M2,2002,0
Mayotte,1,M2,2003,0
Mayotte,1,M2,2004,0
Mayotte,1,M2,2005,0
Mayotte,1,M2,2006,0
Mayotte,1,M2,2009,0
Mayotte,1,M2,2011,0
Mayotte,1,M2,2012,0
Mayotte,1,M2,2013,0
Mayotte,1,M2,2014,0
Mayotte,1,M2,2015,0
Mayotte,1,M2,2018,0
Mayotte,1,M2,2020,0
Mayotte,1,M2,2025,0
Moldova,1,M2,1989,0
Moldova,1,M2,1990,0
Moldova,1,M2,1991,0
Mongolia,1,M2,1989,0
Mongolia,1,M2,1991,0
Montenegro,1,M2,1989,0
Montenegro,1,M2,1990,0
Montenegro,1,M2,1991,0
Montenegro,1,M2,1992,0
Montenegro,1,M2,1993,0
Montenegro,1,M2,1994,0
Montenegro,1,M2,1995,0
Montenegro,1,M2,1996,0
Montenegro,1,M2,1997,0
Montenegro,1,M2,1998,0
Montenegro,1,M2,1999,0
Montenegro,1,M2,2000,0
Montenegro,1,M2,2001,0
Montenegro,1,M2,2002,0
Montenegro,1,M2,2003,0
Montenegro,1,M2,2004,0
Montenegro,1,M2,2005,0
Montenegro,1,M2,2006,0
Montenegro,1,M2,2008,0
Montserrat,1,M2,1990,0
Montserrat,1,M2,1995,0
Montserrat,1,M2,2007,0
Montserrat,1,M2,2009,0
Montserrat,1,M2,2014,0
Montserrat,1,M2,2015,0
Montserrat,1,M2,2016,0
Montserrat,1,M2,2017,0
Montserrat,1,M2,2023,0
Montserrat,1,M2,2024,0
Montserrat,1,M2,2025,0
Mozambique,1,M2,2000,0
Mozambique,1,M2,2008,0
Mozambique,1,M2,2009,0
Mozambique,1,M2,2012,0
Mozambique,1,M2,2015,0
Mozambique,1,M2,2017,0
Mozambique,1,M2,2018,0
Mozambique,1,M2,2022,0
Namibia,1,M2,1989,0
Namibia,1,M2,1992,0
Namibia,1,M2,1995,0
Namibia,1,M2,1996,0
Namibia,1,M2,1997,0
Namibia,1,M2,1999,0
Nauru,1,M2,1990,0
Nauru,1,M2,1991,0
Nauru,1,M2,1993,0
Nauru,1,M2,1994,0
Nauru,1,M2,1995,0
Nauru,1,M2,1996,0
Nauru,1,M2,1997,0
Nauru,1,M2,2000,0
Nauru,1,M2,2001,0
Nauru,1,M2,2002,0
Nauru,1,M2,2003,0
Nauru,1,M2,2004,0
Nauru,1,M2,2009,0
Netherlands Antilles,1,M2,1989,0
Netherlands Antilles,1,M2,1990,0
Netherlands Antilles,1,M2,1991,0
Netherlands Antilles,1,M2,2012,0
Netherlands Antilles,1,M2,2013,0
Netherlands Antilles,1,M2,2014,0
Netherlands Antilles,1,M2,2015,0
Netherlands Antilles,1,M2,2016,0
Netherlands Antilles,1,M2,2017,0
Netherlands Antilles,1,M2,2018,0
Netherlands Antilles,1,M2,2019,0
Netherlands Antilles,1,M2,2020,0
Netherlands Antilles,1,M2,2021,0
Netherlands Antilles,1,M2,2022,0
Netherlands Antilles,1,M2,2023,0
Netherlands Antilles,1,M2,2024,0
Netherlands Antilles,1,M2,2025,0
New Caledonia,1,M2,1995,0
New Caledonia,1,M2,1997,0
New Caledonia,1,M2,1998,0
New Caledonia,1,M2,1999,0
New Caledonia,1,M2,2000,0
New Caledonia,1,M2,2003,0
New Caledonia,1,M2,2019,0
Nicaragua,1,M2,1989,0
Nicaragua,1,M2,1990,0
Niue,1,M2,1989,0
Niue,1,M2,1990,0
Niue,1,M2,1991,0
Niue,1,M2,1992,0
Niue,1,M2,1994,0
Niue,1,M2,1996,0
Niue,1,M2,1997,0
Niue,1,M2,1999,0
Niue,1,M2,2002,0
Niue,1,M2,2006,0
Niue,1,M2,2007,0
Niue,1,M2,2008,0
Niue,1,M2,2010,0
Niue,1,M2,2012,0
Niue,1,M2,2015,0
Niue,1,M2,2018,0
Niue,1,M2,2020,0
Niue,1,M2,2021,0
Niue,1,M2,2022,0
Niue,1,M2,2025,0
Norfolk Island,1,M2,1989,0
Norfolk Island,1,M2,1990,0
Norfolk Island,1,M2,1992,0
Norfolk Island,1,M2,1994,0
Norfolk Island,1,M2,1995,0
Norfolk Island,1,M2,1996,0
Norfolk Island,1,M2,1997,0
Norfolk Island,1,M2,1998,0
Norfolk Island,1,M2,2000,0
Norfolk Island,1,M2,2001,0
Norfolk Island,1,M2,2002,0
Norfolk Island,1,M2,2003,0
Norfolk Island,1,M2,2004,0
Norfolk Island,1,M2,2005,0
Norfolk Island,1,M2,2006,0
Norfolk Island,1,M2,2008,0
Norfolk Island,1,M2,2009,0
Norfolk Island,1,M2,2010,0
Norfolk Island,1,M2,2013,0
Norfolk Island,1,M2,2014,0
Norfolk Island,1,M2,2016,0
Norfolk Island,1,M2,2017,0
Norfolk Island,1,M2,2018,0
Norfolk Island,1,M2,2019,0
Norfolk Island,1,M2,2020,0
Norfolk Island,1,M2,2021,0
Norfolk Island,1,M2,2022,0
Norfolk Island,1,M2,2023,0
Norfolk Island,1,M2,2024,0
Norfolk Island,1,M2,2025,0
North Macedonia,1,M2,1989,0
North Macedonia,1,M2,1990,0
North Macedonia,1,M2,1991,0
Pacific Island Trust,1,M2,1989,0
Pacific Island Trust,1,M2,1990,0
Pacific Island Trust,1,M2,1991,0
Pacific Island Trust,1,M2,1992,0
Pacific Island Trust,1,M2,1993,0
Pacific Island Trust,1,M2,1994,0
Pacific Island Trust,1,M2,1995,0
Pacific Island Trust,1,M2,1996,0
Pacific Island Trust,1,M2,1997,0
Pacific Island Trust,1,M2,1998,0
Pacific Island Trust,1,M2,1999,0
Pacific Island Trust,1,M2,2000,0
Pacific Island Trust,1,M2,2001,0
Pacific Island Trust,1,M2,2002,0
Pacific Island Trust,1,M2,2003,0
Pacific Island Trust,1,M2,2004,0
Pacific Island Trust,1,M2,2005,0
Pacific Island Trust,1,M2,2006,0
Pacific Island Trust,1,M2,2007,0
Pacific Island Trust,1,M2,2008,0
Pacific Island Trust,1,M2,2009,0
Pacific Island Trust,1,M2,2010,0
Pacific Island Trust,1,M2,2011,0
Pacific Island Trust,1,M2,2012,0
Pacific Island Trust,1,M2,2013,0
Pacific Island Trust,1,M2,2014,0
Pacific Island Trust,1,M2,2015,0
Pacific Island Trust,1,M2,2016,0
Pacific Island Trust,1,M2,2017,0
Pacific Island Trust,1,M2,2018,0
Pacific Island Trust,1,M2,2019,0
Pacific Island Trust,1,M2,2020,0
Pacific Island Trust,1,M2,2021,0
Pacific Island Trust,1,M2,2022,0
Pacific Island Trust,1,M2,2023,0
Pacific Island Trust,1,M2,2024,0
Pacific Island Trust,1,M2,2025,0
Palau,1,M2,1989,0
Palau,1,M2,1990,0
Palau,1,M2,2004,0
Palau,1,M2,2005,0
Palau,1,M2,2006,0
Palau,1,M2,2007,0
Palau,1,M2,2008,0
Palau,1,M2,2010,0
Palau,1,M2,2011,0
Palau,1,M2,2013,0
Palau,1,M2,2014,0
Palau,1,M2,2015,0
Palau,1,M2,2017,0
Palau,1,M2,2018,0
Palau,1,M2,2019,0
Palau,1,M2,2020,0
Palau,1,M2,2021,0
Palau,1,M2,2022,0
Palau,1,M2,2025,0
Papua New Guinea,1,M2,1989,0
Papua New Guinea,1,M2,1990,0
Papua New Guinea,1,M2,1991,0
Papua New Guinea,1,M2,1992,0
Papua New Guinea,1,M2,1994,0
Papua New Guinea,1,M2,1995,0
Papua New Guinea,1,M2,1999,0
Papua New Guinea,1,M2,2001,0
Papua New Guinea,1,M2,2003,0
Papua New Guinea,1,M2,2006,0
Papua New Guinea,1,M2,2016,0
Pitcairn Island,1,M2,1990,0
Pitcairn Island,1,M2,1991,0
Pitcairn Island,1,M2,1992,0
Pitcairn Island,1,M2,1993,0
Pitcairn Island,1,M2,1995,0
Pitcairn Island,1,M2,1996,0
Pitcairn Island,1,M2,1997,0
Pitcairn Island,1,M2,1999,0
Pitcairn Island,1,M2,2000,0
Pitcairn Island,1,M2,2001,0
Pitcairn Island,1,M2,2002,0
Pitcairn Island,1,M2,2003,0
Pitcairn Island,1,M2,2004,0
Pitcairn Island,1,M2,2006,0
Pitcairn Island,1,M2,2007,0
Pitcairn Island,1,M2,2008,0
Pitcairn Island,1,M2,2009,0
Pitcairn Island,1,M2,2010,0
Pitcairn Island,1,M2,2011,0
Pitcairn Island,1,M2,2012,0
Pitcairn Island,1,M2,2013,0
Pitcairn Island,1,M2,2014,0
Pitcairn Island,1,M2,2015,0
Pitcairn Island,1,M2,2016,0
Pitcairn Island,1,M2,2017,0
Pitcairn Island,1,M2,2018,0
Pitcairn Island,1,M2,2020,0
Pitcairn Island,1,M2,2021,0
Pitcairn Island,1,M2,2022,0
Pitcairn Island,1,M2,2023,0
Pitcairn Island,1,M2,2024,0
Pitcairn Island,1,M2,2025,0
Russia,1,M2,1989,0
Russia,1,M2,1990,0
Russia,1,M2,1991,0
Rwanda,1,M2,1989,0
Rwanda,1,M2,1992,0
Rwanda,1,M2,1993,0
Rwanda,1,M2,1994,0
Rwanda,1,M2,1995,0
Rwanda,1,M2,1996,0
Rwanda,1,M2,1997,0
Rwanda,1,M2,1998,0
Rwanda,1,M2,2000,0
Rwanda,1,M2,2001,0
Rwanda,1,M2,2002,0
Rwanda,1,M2,2003,0
Sao Tome and Principe,1,M2,1990,0
Sao Tome and Principe,1,M2,1992,0
Sao Tome and Principe,1,M2,1994,0
Sao Tome and Principe,1,M2,1998,0
Sao Tome and Principe,1,M2,2000,0
Sao Tome and Principe,1,M2,2001,0
Sao Tome and Principe,1,M2,2002,0
Sao Tome and Principe,1,M2,2004,0
Sao Tome and Principe,1,M2,2006,0
Sao Tome and Principe,1,M2,2008,0
Sao Tome and Principe,1,M2,2009,0
Sao Tome and Principe,1,M2,2011,0
Sao Tome and Principe,1,M2,2014,0
Sao Tome and Principe,1,M2,2015,0
Sao Tome and Principe,1,M2,2016,0
Sao Tome and Principe,1,M2,2020,0
Sao Tome and Principe,1,M2,2022,0
Sao Tome and Principe,1,M2,2023,0
Sao Tome and Principe,1,M2,2024,0
Sao Tome and Principe,1,M2,2025,0
Serbia,1,M2,1989,0
Serbia,1,M2,1990,0
Serbia,1,M2,1991,0
Serbia,1,M2,1992,0
Serbia,1,M2,1993,0
Serbia,1,M2,1994,0
Serbia,1,M2,1995,0
Serbia,1,M2,1996,0
Serbia,1,M2,1997,0
Serbia,1,M2,1998,0
Serbia,1,M2,1999,0
Serbia,1,M2,2000,0
Serbia,1,M2,2001,0
Serbia,1,M2,2002,0
Serbia,1,M2,2003,0
Serbia,1,M2,2004,0
Serbia,1,M2,2005,0
Serbia,1,M2,2006,0
Seychelles,1,M2,1990,0
Seychelles,1,M2,1992,0
Seychelles,1,M2,1993,0
Seychelles,1,M2,1996,0
Seychelles,1,M2,2010,0
Seychelles,1,M2,2020,0
Sint Maarten,1,M2,1989,0
Sint Maarten,1,M2,1990,0
Sint Maarten,1,M2,1991,0
Sint Maarten,1,M2,1992,0
Sint Maarten,1,M2,1993,0
Sint Maarten,1,M2,1994,0
Sint Maarten,1,M2,1995,0
Sint Maarten,1,M2,1996,0
Sint Maarten,1,M2,1997,0
Sint Maarten,1,M2,1998,0
Sint Maarten,1,M2,1999,0
Sint Maarten,1,M2,2000,0
Sint Maarten,1,M2,2001,0
Sint Maarten,1,M2,2002,0
Sint Maarten,1,M2,2003,0
Sint Maarten,1,M2,2004,0
Sint Maarten,1,M2,2005,0
Sint Maarten,1,M2,2006,0
Sint Maarten,1,M2,2007,0
Sint Maarten,1,M2,2008,0
Sint Maarten,1,M2,2009,0
Sint Maarten,1,M2,2010,0
Sint Maarten,1,M2,2021,0
Slovakia,1,M2,1989,0
Slovakia,1,M2,1990,0
Slovakia,1,M2,1991,0
Slovakia,1,M2,1992,0
Slovenia,1,M2,1989,0
Slovenia,1,M2,1990,0
Slovenia,1,M2,1991,0
Solomon Islands,1,M2,1991,0
Solomon Islands,1,M2,1995,0
Solomon Islands,1,M2,1996,0
Solomon Islands,1,M2,1997,0
Solomon Islands,1,M2,1998,0
Solomon Islands,1,M2,1999,0
Solomon Islands,1,M2,2002,0
Solomon Islands,1,M2,2003,0
Solomon Islands,1,M2,2005,0
Solomon Islands,1,M2,2007,0
Solomon Islands,1,M2,2008,0
Solomon Islands,1,M2,2009,0
Solomon Islands,1,M2,2017,0
Solomon Islands,1,M2,2021,0
Solomon Islands,1,M2,2022,0
Solomon Islands,1,M2,2023,0
Solomon Islands,1,M2,2024,0
Solomon Islands,1,M2,2025,0
Somalia,1,M2,1989,0
Somalia,1,M2,1991,0
Somalia,1,M2,1994,0
Somalia,1,M2,1997,0
Somalia,1,M2,2003,0
Somalia,1,M2,2010,0
Somalia,1,M2,2012,0
Somalia,1,M2,2013,0
Somalia,1,M2,2014,0
Somalia,1,M2,2015,0
Somalia,1,M2,2016,0
Somalia,1,M2,2021,0
Somalia,1,M2,2022,0
Somalia,1,M2,2025,0
South Africa,1,M2,1990,0
South Sudan,1,M2,1989,0
South Sudan,1,M2,1990,0
South Sudan,1,M2,1991,0
South Sudan,1,M2,1992,0
South Sudan,1,M2,1993,0
South Sudan,1,M2,1994,0
South Sudan,1,M2,1995,0
South Sudan,1,M2,1996,0
South Sudan,1,M2,1997,0
South Sudan,1,M2,1998,0
South Sudan,1,M2,1999,0
South Sudan,1,M2,2000,0
South Sudan,1,M2,2001,0
South Sudan,1,M2,2002,0
South Sudan,1,M2,2003,0
South Sudan,1,M2,2004,0
South Sudan,1,M2,2005,0
South Sudan,1,M2,2006,0
South Sudan,1,M2,2007,0
South Sudan,1,M2,2008,0
South Sudan,1,M2,2009,0
South Sudan,1,M2,2010,0
South Sudan,1,M2,2011,0
South Sudan,1,M2,2014,0
South Sudan,1,M2,2015,0
South Sudan,1,M2,2016,0
South Sudan,1,M2,2017,0
South Sudan,1,M2,2018,0
South Sudan,1,M2,2019,0
South Sudan,1,M2,2020,0
South Sudan,1,M2,2021,0
South Sudan,1,M2,2022,0
South Sudan,1,M2,2023,0
South Sudan,1,M2,2024,0
South Sudan,1,M2,2025,0
St Helena,1,M2,1989,0
St Helena,1,M2,1990,0
St Helena,1,M2,1991,0
St Helena,1,M2,1992,0
St Helena,1,M2,1993,0
St Helena,1,M2,1994,0
St Helena,1,M2,1995,0
St Helena,1,M2,1997,0
St Helena,1,M2,1999,0
St Helena,1,M2,2000,0
St Helena,1,M2,2001,0
St Helena,1,M2,2002,0
St Helena,1,M2,2006,0
St Helena,1,M2,2008,0
St Helena,1,M2,2009,0
St Helena,1,M2,2012,0
St Helena,1,M2,2013,0
St Helena,1,M2,2014,0
St Helena,1,M2,2015,0
St Helena,1,M2,2017,0
St Helena,1,M2,2018,0
St Helena,1,M2,2019,0
St Helena,1,M2,2020,0
St Helena,1,M2,2021,0
St Helena,1,M2,2022,0
St Helena,1,M2,2023,0
St Helena,1,M2,2024,0
St Helena,1,M2,2025,0
St Kitts and Nevis,1,M2,2021,0
St Lucia,1,M2,2009,0
St Lucia,1,M2,2018,0
St Lucia,1,M2,2020,0
St Lucia,1,M2,2021,0
St Lucia,1,M2,2023,0
St Lucia,1,M2,2024,0
St Pierre / Miquelon,1,M2,1989,0
St Pierre / Miquelon,1,M2,1990,0
St Pierre / Miquelon,1,M2,1991,0
St Pierre / Miquelon,1,M2,1992,0
St Pierre / Miquelon,1,M2,1994,0
St Pierre / Miquelon,1,M2,1995,0
St Pierre / Miquelon,1,M2,1996,0
St Pierre / Miquelon,1,M2,1997,0
St Pierre / Miquelon,1,M2,1998,0
St Pierre / Miquelon,1,M2,1999,0
St Pierre / Miquelon,1,M2,2000,0
St Pierre / Miquelon,1,M2,2001,0
St Pierre / Miquelon,1,M2,2003,0
St Pierre / Miquelon,1,M2,2004,0
St Pierre / Miquelon,1,M2,2005,0
St Pierre / Miquelon,1,M2,2006,0
St Pierre / Miquelon,1,M2,2008,0
St Pierre / Miquelon,1,M2,2009,0
St Pierre / Miquelon,1,M2,2010,0
St Pierre / Miquelon,1,M2,2011,0
St Pierre / Miquelon,1,M2,2013,0
St Pierre / Miquelon,1,M2,2014,0
St Pierre / Miquelon,1,M2,2015,0
St Pierre / Miquelon,1,M2,2016,0
St Pierre / Miquelon,1,M2,2017,0
St Pierre / Miquelon,1,M2,2018,0
St Pierre / Miquelon,1,M2,2019,0
St Pierre / Miquelon,1,M2,2020,0
St Pierre / Miquelon,1,M2,2021,0
St Pierre / Miquelon,1,M2,2022,0
St Pierre / Miquelon,1,M2,2023,0
St Pierre / Miquelon,1,M2,2024,0
St Pierre / Miquelon,1,M2,2025,0
St Vincent/Grenadines,1,M2,2006,0
St Vincent/Grenadines,1,M2,2007,0
St Vincent/Grenadines,1,M2,2011,0
St Vincent/Grenadines,1,M2,2014,0
St Vincent/Grenadines,1,M2,2016,0
St Vincent/Grenadines,1,M2,2019,0
Sudan,1,M2,1989,0
Sudan,1,M2,1992,0
Sudan,1,M2,1994,0
Sudan,1,M2,1998,0
Sudan,1,M2,1999,0
Sudan,1,M2,2001,0
Sudan,1,M2,2002,0
Sudan,1,M2,2003,0
Sudan,1,M2,2004,0
Sudan,1,M2,2005,0
Sudan,1,M2,2006,0
Sudan,1,M2,2007,0
Sudan,1,M2,2008,0
Sudan,1,M2,2009,0
Sudan,1,M2,2010,0
Sudan,1,M2,2011,0
Sudan,1,M2,2012,0
Sudan,1,M2,2013,0
Sudan,1,M2,2014,0
Sudan,1,M2,2015,0
Sudan,1,M2,2016,0
Sudan,1,M2,2017,0
Sudan,1,M2,2018,0
Sudan,1,M2,2019,0
Sudan,1,M2,2020,0
Sudan,1,M2,2021,0
Sudan,1,M2,2022,0
Sudan,1,M2,2023,0
Sudan,1,M2,2024,0
Sudan,1,M2,2025,0
Suriname,1,M2,1993,0
Suriname,1,M2,1995,0
Suriname,1,M2,1996,0
Suriname,1,M2,1997,0
Suriname,1,M2,1998,0
Suriname,1,M2,2003,0
Suriname,1,M2,2023,0
Suriname,1,M2,2024,0
Tajikistan,1,M2,1989,0
Tajikistan,1,M2,1990,0
Tajikistan,1,M2,1991,0
Tajikistan,1,M2,1992,0
Tajikistan,1,M2,1993,0
Tajikistan,1,M2,1994,0
Tajikistan,1,M2,1997,0
Tajikistan,1,M2,2001,0
Tajikistan,1,M2,2008,0
Tajikistan,1,M2,2010,0
Tajikistan,1,M2,2011,0
Tajikistan,1,M2,2013,0
Tokelau Islands,1,M2,2022,0
Tokelau Islands,1,M2,2023,0
Tokelau Islands,1,M2,2024,0
Tokelau Islands,1,M2,2025,0
Tonga,1,M2,1990,0
Tonga,1,M2,1992,0
Tonga,1,M2,1993,0
Tonga,1,M2,1994,0
Tonga,1,M2,1997,0
Tonga,1,M2,1999,0
Tonga,1,M2,2000,0
Tonga,1,M2,2001,0
Tonga,1,M2,2002,0
Tonga,1,M2,2007,0
Tonga,1,M2,2019,0
Turkmenistan,1,M2,1989,0
Turkmenistan,1,M2,1990,0
Turkmenistan,1,M2,1991,0
Turkmenistan,1,M2,1992,0
Turkmenistan,1,M2,1993,0
Turkmenistan,1,M2,1994,0
Turkmenistan,1,M2,1995,0
Turkmenistan,1,M2,1996,0
Turkmenistan,1,M2,1997,0
"Turks, Caicos Isls.",1,M2,1990,0
"Turks, Caicos Isls.",1,M2,1991,0
"Turks, Caicos Isls.",1,M2,1992,0
"Turks, Caicos Isls.",1,M2,1993,0
"Turks, Caicos Isls.",1,M2,1994,0
"Turks, Caicos Isls.",1,M2,1995,0
"Turks, Caicos Isls.",1,M2,1997,0
"Turks, Caicos Isls.",1,M2,1998,0
"Turks, Caicos Isls.",1,M2,1999,0
"Turks, Caicos Isls.",1,M2,2001,0
"Turks, Caicos Isls.",1,M2,2002,0
"Turks, Caicos Isls.",1,M2,2006,0
"Turks, Caicos Isls.",1,M2,2008,0
"Turks, Caicos Isls.",1,M2,2012,0
"Turks, Caicos Isls.",1,M2,2014,0
Tuvalu,1,M2,1989,0
Tuvalu,1,M2,1990,0
Tuvalu,1,M2,1991,0
Tuvalu,1,M2,1992,0
Tuvalu,1,M2,1994,0
Tuvalu,1,M2,1995,0
Tuvalu,1,M2,1996,0
Tuvalu,1,M2,1997,0
Tuvalu,1,M2,1998,0
Tuvalu,1,M2,1999,0
Tuvalu,1,M2,2000,0
Tuvalu,1,M2,2001,0
Tuvalu,1,M2,2002,0
Tuvalu,1,M2,2003,0
Tuvalu,1,M2,2004,0
Tuvalu,1,M2,2005,0
Tuvalu,1,M2,2006,0
Tuvalu,1,M2,2007,0
Tuvalu,1,M2,2008,0
Tuvalu,1,M2,2009,0
Tuvalu,1,M2,2010,0
Tuvalu,1,M2,2011,0
Tuvalu,1,M2,2012,0
Tuvalu,1,M2,2013,0
Tuvalu,1,M2,2014,0
Tuvalu,1,M2,2015,0
Tuvalu,1,M2,2016,0
Tuvalu,1,M2,2018,0
Tuvalu,1,M2,2019,0
Tuvalu,1,M2,2020,0
Tuvalu,1,M2,2021,0
Tuvalu,1,M2,2023,0
Tuvalu,1,M2,2024,0
Tuvalu,1,M2,2025,0
Uganda,1,M2,1990,0
Uganda,1,M2,1992,0
Uganda,1,M2,1993,0
Uganda,1,M2,1994,0
Uganda,1,M2,1995,0
Uganda,1,M2,1996,0
Uganda,1,M2,1997,0
Uganda,1,M2,1999,0
Uganda,1,M2,2000,0
Uganda,1,M2,2002,0
Ukraine,1,M2,1989,0
Ukraine,1,M2,1990,0
Ukraine,1,M2,1991,0
USSR,1,M2,1989,0
USSR,1,M2,1990,0
USSR,1,M2,1991,0
USSR,1,M2,1992,0
USSR,1,M2,1993,0
USSR,1,M2,1994,0
USSR,1,M2,1995,0
USSR,1,M2,1996,0
USSR,1,M2,1997,0
USSR,1,M2,1998,0
USSR,1,M2,1999,0
USSR,1,M2,2000,0
USSR,1,M2,2001,0
USSR,1,M2,2002,0
USSR,1,M2,2003,0
USSR,1,M2,2004,0
USSR,1,M2,2005,0
USSR,1,M2,2006,0
USSR,1,M2,2007,0
USSR,1,M2,2008,0
USSR,1,M2,2009,0
USSR,1,M2,2010,0
USSR,1,M2,2011,0
USSR,1,M2,2012,0
USSR,1,M2,2013,0
USSR,1,M2,2014,0
USSR,1,M2,2015,0
USSR,1,M2,2016,0
USSR,1,M2,2017,0
USSR,1,M2,2018,0
USSR,1,M2,2019,0
USSR,1,M2,2020,0
USSR,1,M2,2021,0
USSR,1,M2,2022,0
USSR,1,M2,2023,0
USSR,1,M2,2024,0
USSR,1,M2,2025,0
Uzbekistan,1,M2,1989,0
Uzbekistan,1,M2,1990,0
Uzbekistan,1,M2,1991,0
Vanuatu,1,M2,1989,0
Vanuatu,1,M2,1990,0
Vanuatu,1,M2,1991,0
Vanuatu,1,M2,1992,0
Vanuatu,1,M2,1993,0
Vanuatu,1,M2,1994,0
Vanuatu,1,M2,1995,0
Vanuatu,1,M2,1996,0
Vanuatu,1,M2,1997,0
Vanuatu,1,M2,1998,0
Vanuatu,1,M2,1999,0
Vanuatu,1,M2,2000,0
Vanuatu,1,M2,2001,0
Vanuatu,1,M2,2003,0
Vanuatu,1,M2,2004,0
Vanuatu,1,M2,2006,0
Vanuatu,1,M2,2007,0
Vanuatu,1,M2,2008,0
Vanuatu,1,M2,2009,0
Vanuatu,1,M2,2011,0
Vanuatu,1,M2,2012,0
Vanuatu,1,M2,2013,0
Vanuatu,1,M2,2014,0
Vanuatu,1,M2,2015,0
Vanuatu,1,M2,2018,0
Vanuatu,1,M2,2020,0
Vanuatu,1,M2,2022,0
Vietnam,1,M2,1989,0
Vietnam,1,M2,1990,0
Vietnam,1,M2,1991,0
Vietnam,1,M2,1992,0
Vietnam,1,M2,1993,0
Wallis and Futuna,1,M2,1989,0
Wallis and Futuna,1,M2,1990,0
Wallis and Futuna,1,M2,1991,0
Wallis and Futuna,1,M2,1992,0
Wallis and Futuna,1,M2,1993,0
Wallis and Futuna,1,M2,1994,0
Wallis and Futuna,1,M2,1995,0
Wallis and Futuna,1,M2,1996,0
Wallis and Futuna,1,M2,1997,0
Wallis and Futuna,1,M2,1998,0
Wallis and Futuna,1,M2,1999,0
Wallis and Futuna,1,M2,2000,0
Wallis and Futuna,1,M2,2001,0
Wallis and Futuna,1,M2,2002,0
Wallis and Futuna,1,M2,2003,0
Wallis and Futuna,1,M2,2004,0
Wallis and Futuna,1,M2,2005,0
Wallis and Futuna,1,M2,2006,0
Wallis and Futuna,1,M2,2007,0
Wallis and Futuna,1,M2,2008,0
Wallis and Futuna,1,M2,2009,0
Wallis and Futuna,1,M2,2010,0
Wallis and Futuna,1,M2,2011,0
Wallis and Futuna,1,M2,2012,0
Wallis and Futuna,1,M2,2013,0
Wallis and Futuna,1,M2,2014,0
Wallis and Futuna,1,M2,2015,0
Wallis and Futuna,1,M2,2016,0
Wallis and Futuna,1,M2,2020,0
Wallis and Futuna,1,M2,2023,0
Wallis and Futuna,1,M2,2024,0
Wallis and Futuna,1,M2,2025,0
Western Sahara,1,M2,1989,0
Western Sahara,1,M2,1990,0
Western Sahara,1,M2,1991,0
Western Sahara,1,M2,1992,0
Western Sahara,1,M2,1993,0
Western Sahara,1,M2,1994,0
Western Sahara,1,M2,1995,0
Western Sahara,1,M2,1996,0
Western Sahara,1,M2,1997,0
Western Sahara,1,M2,1998,0
Western Sahara,1,M2,1999,0
Western Sahara,1,M2,2000,0
Western Sahara,1,M2,2001,0
Western Sahara,1,M2,2002,0
Western Sahara,1,M2,2003,0
Western Sahara,1,M2,2004,0
Western Sahara,1,M2,2005,0
Western Sahara,1,M2,2006,0
Western Sahara,1,M2,2007,0
Western Sahara,1,M2,2008,0
Western Sahara,1,M2,2009,0
Western Sahara,1,M2,2010,0
Western Sahara,1,M2,2011,0
Western Sahara,1,M2,2012,0
Western Sahara,1,M2,2013,0
Western Sahara,1,M2,2014,0
Western Sahara,1,M2,2015,0
Western Sahara,1,M2,2016,0
Western Sahara,1,M2,2017,0
Western Sahara,1,M2,2018,0
Western Sahara,1,M2,2019,0
Western Sahara,1,M2,2020,0
Western Sahara,1,M2,2021,0
Western Sahara,1,M2,2022,0
Western Sahara,1,M2,2023,0
Western Sahara,1,M2,2024,0
Western Sahara,1,M2,2025,0
Western Samoa,1,M2,1991,0
Western Samoa,1,M2,1992,0
Western Samoa,1,M2,1994,0
Western Samoa,1,M2,1995,0
Western Samoa,1,M2,1997,0
Western Samoa,1,M2,1998,0
Western Samoa,1,M2,2006,0
Western Samoa,1,M2,2007,0
Yemen,1,M2,1989,0
Yemen,1,M2,1990,0
Yemen,1,M2,1991,0
Yemen,1,M2,1996,0
Yemen,1,M2,1997,0
Yemen,1,M2,2001,0
Yugoslavia,1,M2,1989,0
Yugoslavia,1,M2,1990,0
Yugoslavia,1,M2,1991,0
Yugoslavia,1,M2,1994,0
Yugoslavia,1,M2,1995,0
Yugoslavia,1,M2,2007,0
Yugoslavia,1,M2,2008,0
Yugoslavia,1,M2,2009,0
Yugoslavia,1,M2,2010,0
Yugoslavia,1,M2,2011,0
Yugoslavia,1,M2,2012,0
Yugoslavia,1,M2,2013,0
Yugoslavia,1,M2,2014,0
Yugoslavia,1,M2,2015,0
Yugoslavia,1,M2,2016,0
Yugoslavia,1,M2,2017,0
Yugoslavia,1,M2,2018,0
Yugoslavia,1,M2,2019,0
Yugoslavia,1,M2,2020,0
Yugoslavia,1,M2,2021,0
Yugoslavia,1,M2,2022,0
Yugoslavia,1,M2,2023,0
Yugoslavia,1,M2,2024,0
Yugoslavia,1,M2,2025,0
Yugoslavia [1],1,M2,1989,0
Yugoslavia [1],1,M2,1990,0
Yugoslavia [1],1,M2,1991,0
Yugoslavia [1],1,M2,1992,0
Yugoslavia [1],1,M2,1993,0
Yugoslavia [1],1,M2,1994,0
Yugoslavia [1],1,M2,1995,0
Yugoslavia [1],1,M2,1996,0
Yugoslavia [1],1,M2,1997,0
Yugoslavia [1],1,M2,1998,0
Yugoslavia [1],1,M2,1999,0
Yugoslavia [1],1,M2,2000,0
Yugoslavia [1],1,M2,2001,0
Yugoslavia [1],1,M2,2002,0
Yugoslavia [1],1,M2,2003,0
Yugoslavia [1],1,M2,2004,0
Yugoslavia [1],1,M2,2005,0
Yugoslavia [1],1,M2,2006,0
Yugoslavia [1],1,M2,2007,0
Yugoslavia [1],1,M2,2008,0
Yugoslavia [1],1,M2,2009,0
Yugoslavia [1],1,M2,2010,0
Yugoslavia [1],1,M2,2011,0
Yugoslavia [1],1,M2,2012,0
Yugoslavia [1],1,M2,2013,0
Yugoslavia [1],1,M2,2014,0
Yugoslavia [1],1,M2,2015,0
Yugoslavia [1],1,M2,2016,0
Yugoslavia [1],1,M2,2017,0
Yugoslavia [1],1,M2,2018,0
Yugoslavia [1],1,M2,2019,0
Yugoslavia [1],1,M2,2020,0
Yugoslavia [1],1,M2,2021,0
Yugoslavia [1],1,M2,2022,0
Yugoslavia [1],1,M2,2023,0
Yugoslavia [1],1,M2,2024,0
Yugoslavia [1],1,M2,2025,0
Yugoslavia [2],1,M2,1989,0
Yugoslavia [2],1,M2,1990,0
Yugoslavia [2],1,M2,1991,0
Yugoslavia [2],1,M2,1994,0
Yugoslavia [2],1,M2,1995,0
Yugoslavia [2],1,M2,2007,0
Yugoslavia [2],1,M2,2008,0
Yugoslavia [2],1,M2,2009,0
Yugoslavia [2],1,M2,2010,0
Yugoslavia [2],1,M2,2011,0
Yugoslavia [2],1,M2,2012,0
Yugoslavia [2],1,M2,2013,0
Yugoslavia [2],1,M2,2014,0
Yugoslavia [2],1,M2,2015,0
Yugoslavia [2],1,M2,2016,0
Yugoslavia [2],1,M2,2017,0
Yugoslavia [2],1,M2,2018,0
Yugoslavia [2],1,M2,2019,0
Yugoslavia [2],1,M2,2020,0
Yugoslavia [2],1,M2,2021,0
Yugoslavia [2],1,M2,2022,0
Yugoslavia [2],1,M2,2023,0
Yugoslavia [2],1,M2,2024,0
Yugoslavia [2],1,M2,2025,0
Zambia,1,M2,1990,0
Zambia,1,M2,1992,0
Zambia,1,M2,1994,0
Zambia,1,M2,1995,0
Zambia,1,M2,1998,0
Zambia,1,M2,2002,0
Zambia,1,M2,2003,0
Zambia,1,M2,2009,0
